SA2_CODE21,SA2_NAME21,SA3_NAME21,SA4_NAME21,provider_type,is_metro,price_increase_pct,scenario_label,baseline_tier_abs,baseline_tier_rel,baseline_tier_order,burden_tier_abs,burden_tier_rel,median_hhd_inc_annual_adj,sim_annual_bill,sim_burden_ratio,sim_burden_pct,sim_tier_abs,sim_tier_order,tier_shift,tier_shifted
401011001,Adelaide,Adelaide City,Adelaide - Central and Hills,SA Water,1,0.0,Baseline,Low,Moderate,4,Low,Moderate,81098.0,1160.23,0.014307,1.4307,Low,4,0.0,0
401011002,North Adelaide,Adelaide City,Adelaide - Central and Hills,SA Water,1,0.0,Baseline,Low,Low,4,Low,Low,110923.0,1160.23,0.01046,1.046,Low,4,0.0,0
401021003,Adelaide Hills,Adelaide Hills,Adelaide - Central and Hills,SA Water,1,0.0,Baseline,Low,Low,4,Low,Low,113180.0,1160.23,0.010251,1.0251,Low,4,0.0,0
401021004,Aldgate - Stirling,Adelaide Hills,Adelaide - Central and Hills,SA Water,1,0.0,Baseline,Low,Low,4,Low,Low,136470.0,1160.23,0.008502,0.8502,Low,4,0.0,0
401021005,Hahndorf - Echunga,Adelaide Hills,Adelaide - Central and Hills,SA Water,1,0.0,Baseline,Low,Low,4,Low,Low,114428.0,1160.23,0.010139,1.0139,Low,4,0.0,0
401021006,Lobethal - Woodside,Adelaide Hills,Adelaide - Central and Hills,SA Water,1,0.0,Baseline,Low,Moderate,4,Low,Moderate,100466.0,1160.23,0.011548,1.1548,Low,4,0.0,0
401021007,Mount Barker,Adelaide Hills,Adelaide - Central and Hills,SA Water,1,0.0,Baseline,Low,Moderate,4,Low,Moderate,100882.0,1160.23,0.011501,1.1501,Low,4,0.0,0
401021008,Mount Barker Surrounds,Adelaide Hills,Adelaide - Central and Hills,SA Water,1,0.0,Baseline,Low,Low,4,Low,Low,105991.0,1160.23,0.010946,1.0946,Low,4,0.0,0
401021009,Nairne,Adelaide Hills,Adelaide - Central and Hills,SA Water,1,0.0,Baseline,Low,Low,4,Low,Low,105516.0,1160.23,0.010996,1.0996,Low,4,0.0,0
401021010,Uraidla - Summertown,Adelaide Hills,Adelaide - Central and Hills,SA Water,1,0.0,Baseline,Low,Low,4,Low,Low,129578.0,1160.23,0.008954,0.8954,Low,4,0.0,0
401031011,Burnside - Wattle Park,Burnside,Adelaide - Central and Hills,SA Water,1,0.0,Baseline,Low,Low,4,Low,Low,123934.0,1160.23,0.009362,0.9362,Low,4,0.0,0
401031012,Beaumont - Glen Osmond,Burnside,Adelaide - Central and Hills,SA Water,1,0.0,Baseline,Low,Low,4,Low,Low,138193.0,1160.23,0.008396,0.8396,Low,4,0.0,0
401031013,Toorak Gardens,Burnside,Adelaide - Central and Hills,SA Water,1,0.0,Baseline,Low,Low,4,Low,Low,114606.0,1160.23,0.010124,1.0124,Low,4,0.0,0
401041014,Athelstone,Campbelltown (SA),Adelaide - Central and Hills,SA Water,1,0.0,Baseline,Low,Low,4,Low,Low,115319.0,1160.23,0.010061,1.0061,Low,4,0.0,0
401041015,Paradise - Newton,Campbelltown (SA),Adelaide - Central and Hills,SA Water,1,0.0,Baseline,Low,Moderate,4,Low,Moderate,84781.0,1160.23,0.013685,1.3685,Low,4,0.0,0
401041016,Rostrevor - Magill,Campbelltown (SA),Adelaide - Central and Hills,SA Water,1,0.0,Baseline,Low,Moderate,4,Low,Moderate,97674.0,1160.23,0.011879,1.1879,Low,4,0.0,0
401051017,Norwood (SA),Norwood - Payneham - St Peters,Adelaide - Central and Hills,SA Water,1,0.0,Baseline,Low,Moderate,4,Low,Moderate,98208.0,1160.23,0.011814,1.1814,Low,4,0.0,0
401051018,Payneham - Felixstow,Norwood - Payneham - St Peters,Adelaide - Central and Hills,SA Water,1,0.0,Baseline,Low,Moderate,4,Low,Moderate,87692.0,1160.23,0.013231,1.3231,Low,4,0.0,0
401051019,St Peters - Marden,Norwood - Payneham - St Peters,Adelaide - Central and Hills,SA Water,1,0.0,Baseline,Low,Low,4,Low,Low,111636.0,1160.23,0.010393,1.0393,Low,4,0.0,0
401061020,Nailsworth - Broadview,Prospect - Walkerville,Adelaide - Central and Hills,SA Water,1,0.0,Baseline,Low,Low,4,Low,Low,116864.0,1160.23,0.009928,0.9928,Low,4,0.0,0
401061021,Prospect,Prospect - Walkerville,Adelaide - Central and Hills,SA Water,1,0.0,Baseline,Low,Low,4,Low,Low,119953.0,1160.23,0.009672,0.9672,Low,4,0.0,0
401061022,Walkerville,Prospect - Walkerville,Adelaide - Central and Hills,SA Water,1,0.0,Baseline,Low,Low,4,Low,Low,121914.0,1160.23,0.009517,0.9517,Low,4,0.0,0
401071023,Goodwood - Millswood,Unley,Adelaide - Central and Hills,SA Water,1,0.0,Baseline,Low,Low,4,Low,Low,118884.0,1160.23,0.009759,0.9759,Low,4,0.0,0
401071024,Unley - Parkside,Unley,Adelaide - Central and Hills,SA Water,1,0.0,Baseline,Low,Low,4,Low,Low,118706.0,1160.23,0.009774,0.9774,Low,4,0.0,0
402011025,Gawler - North,Gawler - Two Wells,Adelaide - North,SA Water,1,0.0,Baseline,Low,Low,4,Low,Low,105160.0,1160.23,0.011033,1.1033,Low,4,0.0,0
402011026,Gawler - South,Gawler - Two Wells,Adelaide - North,SA Water,1,0.0,Baseline,Low,Moderate,4,Low,Moderate,79375.0,1160.23,0.014617,1.4617,Low,4,0.0,0
402011027,Lewiston - Two Wells,Gawler - Two Wells,Adelaide - North,SA Water,1,0.0,Baseline,Low,Low,4,Low,Low,113358.0,1160.23,0.010235,1.0235,Low,4,0.0,0
402021028,Craigmore - Blakeview,Playford,Adelaide - North,SA Water,1,0.0,Baseline,Low,Moderate,4,Low,Moderate,95060.0,1160.23,0.012205,1.2205,Low,4,0.0,0
402021029,Davoren Park,Playford,Adelaide - North,SA Water,1,0.0,Baseline,Low,Moderate,4,Low,Moderate,68978.0,1160.23,0.01682,1.682,Low,4,0.0,0
402021030,Elizabeth,Playford,Adelaide - North,SA Water,1,0.0,Baseline,Moderate,Critical,3,Moderate,Critical,49134.0,1160.23,0.023614,2.3614,Moderate,3,0.0,0
402021031,Elizabeth East,Playford,Adelaide - North,SA Water,1,0.0,Baseline,Low,Moderate,4,Low,Moderate,70582.0,1160.23,0.016438,1.6438,Low,4,0.0,0
402021032,Munno Para West - Angle Vale,Playford,Adelaide - North,SA Water,1,0.0,Baseline,Low,Moderate,4,Low,Moderate,98208.0,1160.23,0.011814,1.1814,Low,4,0.0,0
402021033,One Tree Hill,Playford,Adelaide - North,SA Water,1,0.0,Baseline,Low,Low,4,Low,Low,135282.0,1160.23,0.008576,0.8576,Low,4,0.0,0
402021034,Smithfield - Elizabeth North,Playford,Adelaide - North,SA Water,1,0.0,Baseline,Moderate,High,3,Moderate,High,55788.0,1160.23,0.020797,2.0797,Moderate,3,0.0,0
402021035,Virginia - Waterloo Corner,Playford,Adelaide - North,SA Water,1,0.0,Baseline,Low,Moderate,4,Low,Moderate,82405.0,1160.23,0.01408,1.408,Low,4,0.0,0
402031036,Enfield - Blair Athol,Port Adelaide - East,Adelaide - North,SA Water,1,0.0,Baseline,Low,Moderate,4,Low,Moderate,84841.0,1160.23,0.013675,1.3675,Low,4,0.0,0
402031038,Windsor Gardens,Port Adelaide - East,Adelaide - North,SA Water,1,0.0,Baseline,Low,Moderate,4,Low,Moderate,94762.0,1160.23,0.012244,1.2244,Low,4,0.0,0
402031175,Northgate - Northfield,Port Adelaide - East,Adelaide - North,SA Water,1,0.0,Baseline,Low,Low,4,Low,Low,104506.0,1160.23,0.011102,1.1102,Low,4,0.0,0
402031176,Valley View - Gilles Plains,Port Adelaide - East,Adelaide - North,SA Water,1,0.0,Baseline,Low,Moderate,4,Low,Moderate,87277.0,1160.23,0.013294,1.3294,Low,4,0.0,0
402041039,Dry Creek - North,Salisbury,Adelaide - North,SA Water,1,0.0,Baseline,Unknown,Unknown,5,Unknown,Unknown,,1160.23,,,Unknown,5,,0
402041040,Ingle Farm,Salisbury,Adelaide - North,SA Water,1,0.0,Baseline,Low,Moderate,4,Low,Moderate,79850.0,1160.23,0.01453,1.453,Low,4,0.0,0
402041041,Para Hills,Salisbury,Adelaide - North,SA Water,1,0.0,Baseline,Low,Moderate,4,Low,Moderate,85791.0,1160.23,0.013524,1.3524,Low,4,0.0,0
402041042,Parafield,Salisbury,Adelaide - North,SA Water,1,0.0,Baseline,Unknown,Unknown,5,Unknown,Unknown,,1160.23,,,Unknown,5,,0
402041043,Parafield Gardens,Salisbury,Adelaide - North,SA Water,1,0.0,Baseline,Low,Moderate,4,Low,Moderate,82226.0,1160.23,0.01411,1.411,Low,4,0.0,0
402041044,Paralowie,Salisbury,Adelaide - North,SA Water,1,0.0,Baseline,Low,Moderate,4,Low,Moderate,86623.0,1160.23,0.013394,1.3394,Low,4,0.0,0
402041046,Salisbury,Salisbury,Adelaide - North,SA Water,1,0.0,Baseline,Low,High,4,Low,High,63630.0,1160.23,0.018234,1.8234,Low,4,0.0,0
402041047,Salisbury East,Salisbury,Adelaide - North,SA Water,1,0.0,Baseline,Low,Moderate,4,Low,Moderate,79553.0,1160.23,0.014584,1.4584,Low,4,0.0,0
402041048,Salisbury North,Salisbury,Adelaide - North,SA Water,1,0.0,Baseline,Low,Moderate,4,Low,Moderate,74562.0,1160.23,0.015561,1.5561,Low,4,0.0,0
402041171,Mawson Lakes - Globe Derby Park,Salisbury,Adelaide - North,SA Water,1,0.0,Baseline,Low,Low,4,Low,Low,113656.0,1160.23,0.010208,1.0208,Low,4,0.0,0
402041172,Pooraka - Cavan,Salisbury,Adelaide - North,SA Water,1,0.0,Baseline,Low,Moderate,4,Low,Moderate,75038.0,1160.23,0.015462,1.5462,Low,4,0.0,0
402051049,Golden Grove,Tea Tree Gully,Adelaide - North,SA Water,1,0.0,Baseline,Low,Moderate,4,Low,Moderate,99456.0,1160.23,0.011666,1.1666,Low,4,0.0,0
402051050,Greenwith,Tea Tree Gully,Adelaide - North,SA Water,1,0.0,Baseline,Low,Low,4,Low,Low,115081.0,1160.23,0.010082,1.0082,Low,4,0.0,0
402051051,Highbury - Dernancourt,Tea Tree Gully,Adelaide - North,SA Water,1,0.0,Baseline,Low,Low,4,Low,Low,114071.0,1160.23,0.010171,1.0171,Low,4,0.0,0
402051052,Hope Valley - Modbury,Tea Tree Gully,Adelaide - North,SA Water,1,0.0,Baseline,Low,Moderate,4,Low,Moderate,78068.0,1160.23,0.014862,1.4862,Low,4,0.0,0
402051053,Modbury Heights,Tea Tree Gully,Adelaide - North,SA Water,1,0.0,Baseline,Low,Moderate,4,Low,Moderate,98446.0,1160.23,0.011785,1.1785,Low,4,0.0,0
402051054,Redwood Park,Tea Tree Gully,Adelaide - North,SA Water,1,0.0,Baseline,Low,Low,4,Low,Low,108011.0,1160.23,0.010742,1.0742,Low,4,0.0,0
402051055,St Agnes - Ridgehaven,Tea Tree Gully,Adelaide - North,SA Water,1,0.0,Baseline,Low,Moderate,4,Low,Moderate,88643.0,1160.23,0.013089,1.3089,Low,4,0.0,0
403011056,Brighton (SA),Holdfast Bay,Adelaide - South,SA Water,1,0.0,Baseline,Low,Moderate,4,Low,Moderate,99397.0,1160.23,0.011673,1.1673,Low,4,0.0,0
403011057,Glenelg (SA),Holdfast Bay,Adelaide - South,SA Water,1,0.0,Baseline,Low,Moderate,4,Low,Moderate,92802.0,1160.23,0.012502,1.2502,Low,4,0.0,0
403021058,Edwardstown,Marion,Adelaide - South,SA Water,1,0.0,Baseline,Low,Moderate,4,Low,Moderate,86267.0,1160.23,0.013449,1.3449,Low,4,0.0,0
403021059,Hallett Cove,Marion,Adelaide - South,SA Water,1,0.0,Baseline,Low,Low,4,Low,Low,111457.0,1160.23,0.01041,1.041,Low,4,0.0,0
403021060,Marino - Seaview Downs,Marion,Adelaide - South,SA Water,1,0.0,Baseline,Low,Low,4,Low,Low,108190.0,1160.23,0.010724,1.0724,Low,4,0.0,0
403021061,Mitchell Park,Marion,Adelaide - South,SA Water,1,0.0,Baseline,Low,Moderate,4,Low,Moderate,77652.0,1160.23,0.014941,1.4941,Low,4,0.0,0
403021062,Morphettville,Marion,Adelaide - South,SA Water,1,0.0,Baseline,Low,Moderate,4,Low,Moderate,92327.0,1160.23,0.012567,1.2567,Low,4,0.0,0
403021063,Sheidow Park - Trott Park,Marion,Adelaide - South,SA Water,1,0.0,Baseline,Low,Low,4,Low,Low,114190.0,1160.23,0.010161,1.0161,Low,4,0.0,0
403021064,Warradale,Marion,Adelaide - South,SA Water,1,0.0,Baseline,Low,Moderate,4,Low,Moderate,84425.0,1160.23,0.013743,1.3743,Low,4,0.0,0
403031065,Belair,Mitcham,Adelaide - South,SA Water,1,0.0,Baseline,Low,Low,4,Low,Low,135044.0,1160.23,0.008591,0.8591,Low,4,0.0,0
403031066,Bellevue Heights,Mitcham,Adelaide - South,SA Water,1,0.0,Baseline,Low,Low,4,Low,Low,104803.0,1160.23,0.011071,1.1071,Low,4,0.0,0
403031067,Blackwood,Mitcham,Adelaide - South,SA Water,1,0.0,Baseline,Low,Low,4,Low,Low,125597.0,1160.23,0.009238,0.9238,Low,4,0.0,0
403031068,Colonel Light Gardens,Mitcham,Adelaide - South,SA Water,1,0.0,Baseline,Low,Low,4,Low,Low,119181.0,1160.23,0.009735,0.9735,Low,4,0.0,0
403031069,Mitcham (SA),Mitcham,Adelaide - South,SA Water,1,0.0,Baseline,Low,Low,4,Low,Low,130885.0,1160.23,0.008864,0.8864,Low,4,0.0,0
403031070,Panorama,Mitcham,Adelaide - South,SA Water,1,0.0,Baseline,Low,Moderate,4,Low,Moderate,90188.0,1160.23,0.012865,1.2865,Low,4,0.0,0
403041071,Aberfoyle Park,Onkaparinga,Adelaide - South,SA Water,1,0.0,Baseline,Low,Low,4,Low,Low,107358.0,1160.23,0.010807,1.0807,Low,4,0.0,0
403041072,Aldinga,Onkaparinga,Adelaide - South,SA Water,1,0.0,Baseline,Low,Moderate,4,Low,Moderate,78246.0,1160.23,0.014828,1.4828,Low,4,0.0,0
403041073,Christie Downs,Onkaparinga,Adelaide - South,SA Water,1,0.0,Baseline,Low,High,4,Low,High,59115.0,1160.23,0.019627,1.9627,Low,4,0.0,0
403041074,Christies Beach,Onkaparinga,Adelaide - South,SA Water,1,0.0,Baseline,Low,Moderate,4,Low,Moderate,72483.0,1160.23,0.016007,1.6007,Low,4,0.0,0
403041075,Clarendon,Onkaparinga,Adelaide - South,SA Water,1,0.0,Baseline,Low,Low,4,Low,Low,120013.0,1160.23,0.009668,0.9668,Low,4,0.0,0
403041076,Coromandel Valley,Onkaparinga,Adelaide - South,SA Water,1,0.0,Baseline,Low,Low,4,Low,Low,132667.0,1160.23,0.008745,0.8745,Low,4,0.0,0
403041077,Flagstaff Hill,Onkaparinga,Adelaide - South,SA Water,1,0.0,Baseline,Low,Low,4,Low,Low,121498.0,1160.23,0.009549,0.9549,Low,4,0.0,0
403041078,Hackham - Onkaparinga Hills,Onkaparinga,Adelaide - South,SA Water,1,0.0,Baseline,Low,Moderate,4,Low,Moderate,80504.0,1160.23,0.014412,1.4412,Low,4,0.0,0
403041079,Hackham West - Huntfield Heights,Onkaparinga,Adelaide - South,SA Water,1,0.0,Baseline,Low,High,4,Low,High,64165.0,1160.23,0.018082,1.8082,Low,4,0.0,0
403041080,Happy Valley,Onkaparinga,Adelaide - South,SA Water,1,0.0,Baseline,Low,Moderate,4,Low,Moderate,93158.0,1160.23,0.012454,1.2454,Low,4,0.0,0
403041081,Happy Valley Reservoir,Onkaparinga,Adelaide - South,SA Water,1,0.0,Baseline,Low,Moderate,4,Low,Moderate,81692.0,1160.23,0.014202,1.4202,Low,4,0.0,0
403041082,Lonsdale,Onkaparinga,Adelaide - South,SA Water,1,0.0,Baseline,Moderate,Critical,3,Moderate,Critical,43074.0,1160.23,0.026936,2.6936,Moderate,3,0.0,0
403041083,McLaren Vale,Onkaparinga,Adelaide - South,SA Water,1,0.0,Baseline,Low,Moderate,4,Low,Moderate,97317.0,1160.23,0.011922,1.1922,Low,4,0.0,0
403041084,Morphett Vale - East,Onkaparinga,Adelaide - South,SA Water,1,0.0,Baseline,Low,Moderate,4,Low,Moderate,72958.0,1160.23,0.015903,1.5903,Low,4,0.0,0
403041085,Morphett Vale - West,Onkaparinga,Adelaide - South,SA Water,1,0.0,Baseline,Low,Moderate,4,Low,Moderate,69096.0,1160.23,0.016792,1.6792,Low,4,0.0,0
403041086,Reynella,Onkaparinga,Adelaide - South,SA Water,1,0.0,Baseline,Low,Moderate,4,Low,Moderate,79256.0,1160.23,0.014639,1.4639,Low,4,0.0,0
403041088,Willunga,Onkaparinga,Adelaide - South,SA Water,1,0.0,Baseline,Low,Low,4,Low,Low,104268.0,1160.23,0.011127,1.1127,Low,4,0.0,0
403041089,Woodcroft,Onkaparinga,Adelaide - South,SA Water,1,0.0,Baseline,Low,Moderate,4,Low,Moderate,99337.0,1160.23,0.01168,1.168,Low,4,0.0,0
403041177,Seaford - Seaford Meadows,Onkaparinga,Adelaide - South,SA Water,1,0.0,Baseline,Low,Moderate,4,Low,Moderate,87098.0,1160.23,0.013321,1.3321,Low,4,0.0,0
403041178,Seaford Rise - Moana,Onkaparinga,Adelaide - South,SA Water,1,0.0,Baseline,Low,Moderate,4,Low,Moderate,90366.0,1160.23,0.012839,1.2839,Low,4,0.0,0
404011090,Beverley,Charles Sturt,Adelaide - West,SA Water,1,0.0,Baseline,Low,Moderate,4,Low,Moderate,100704.0,1160.23,0.011521,1.1521,Low,4,0.0,0
404011091,Flinders Park,Charles Sturt,Adelaide - West,SA Water,1,0.0,Baseline,Low,Moderate,4,Low,Moderate,92861.0,1160.23,0.012494,1.2494,Low,4,0.0,0
404011092,Henley Beach,Charles Sturt,Adelaide - West,SA Water,1,0.0,Baseline,Low,Low,4,Low,Low,106110.0,1160.23,0.010934,1.0934,Low,4,0.0,0
404011093,Hindmarsh - Brompton,Charles Sturt,Adelaide - West,SA Water,1,0.0,Baseline,Low,Moderate,4,Low,Moderate,96901.0,1160.23,0.011973,1.1973,Low,4,0.0,0
404011094,Royal Park - Hendon - Albert Park,Charles Sturt,Adelaide - West,SA Water,1,0.0,Baseline,Low,Moderate,4,Low,Moderate,84781.0,1160.23,0.013685,1.3685,Low,4,0.0,0
404011095,Seaton - Grange,Charles Sturt,Adelaide - West,SA Water,1,0.0,Baseline,Low,Moderate,4,Low,Moderate,84662.0,1160.23,0.013704,1.3704,Low,4,0.0,0
404011096,West Lakes,Charles Sturt,Adelaide - West,SA Water,1,0.0,Baseline,Low,Moderate,4,Low,Moderate,89475.0,1160.23,0.012967,1.2967,Low,4,0.0,0
404011097,Woodville - Cheltenham,Charles Sturt,Adelaide - West,SA Water,1,0.0,Baseline,Low,Moderate,4,Low,Moderate,88584.0,1160.23,0.013098,1.3098,Low,4,0.0,0
404021098,Dry Creek - South,Port Adelaide - West,Adelaide - West,SA Water,1,0.0,Baseline,Unknown,Unknown,5,Unknown,Unknown,,1160.23,,,Unknown,5,,0
404021099,Largs Bay - Semaphore,Port Adelaide - West,Adelaide - West,SA Water,1,0.0,Baseline,Low,Moderate,4,Low,Moderate,94109.0,1160.23,0.012329,1.2329,Low,4,0.0,0
404021100,North Haven,Port Adelaide - West,Adelaide - West,SA Water,1,0.0,Baseline,Low,Moderate,4,Low,Moderate,84009.0,1160.23,0.013811,1.3811,Low,4,0.0,0
404021101,Port Adelaide,Port Adelaide - West,Adelaide - West,SA Water,1,0.0,Baseline,Low,Moderate,4,Low,Moderate,74087.0,1160.23,0.01566,1.566,Low,4,0.0,0
404021102,The Parks,Port Adelaide - West,Adelaide - West,SA Water,1,0.0,Baseline,Low,Moderate,4,Low,Moderate,77058.0,1160.23,0.015057,1.5057,Low,4,0.0,0
404021103,Torrens Island,Port Adelaide - West,Adelaide - West,SA Water,1,0.0,Baseline,Moderate,Critical,3,Moderate,Critical,44500.0,1160.23,0.026073,2.6073,Moderate,3,0.0,0
404031104,Adelaide Airport,West Torrens,Adelaide - West,SA Water,1,0.0,Baseline,Unknown,Unknown,5,Unknown,Unknown,,1160.23,,,Unknown,5,,0
404031105,Fulham,West Torrens,Adelaide - West,SA Water,1,0.0,Baseline,Low,Low,4,Low,Low,104150.0,1160.23,0.01114,1.114,Low,4,0.0,0
404031106,Lockleys,West Torrens,Adelaide - West,SA Water,1,0.0,Baseline,Low,Moderate,4,Low,Moderate,97139.0,1160.23,0.011944,1.1944,Low,4,0.0,0
404031107,Plympton,West Torrens,Adelaide - West,SA Water,1,0.0,Baseline,Low,Moderate,4,Low,Moderate,92148.0,1160.23,0.012591,1.2591,Low,4,0.0,0
404031108,Richmond (SA),West Torrens,Adelaide - West,SA Water,1,0.0,Baseline,Low,Moderate,4,Low,Moderate,92386.0,1160.23,0.012559,1.2559,Low,4,0.0,0
404031109,West Beach,West Torrens,Adelaide - West,SA Water,1,0.0,Baseline,Low,Low,4,Low,Low,103734.0,1160.23,0.011185,1.1185,Low,4,0.0,0
405011110,Barossa - Angaston,Barossa,Barossa - Yorke - Mid North,SA Water,0,0.0,Baseline,Low,Moderate,4,Low,Moderate,85613.0,1343.83,0.015697,1.5697,Low,4,0.0,0
405011111,Light,Barossa,Barossa - Yorke - Mid North,SA Water,0,0.0,Baseline,Low,Moderate,4,Low,Moderate,91732.0,1343.83,0.01465,1.465,Low,4,0.0,0
405011112,Lyndoch,Barossa,Barossa - Yorke - Mid North,SA Water,0,0.0,Baseline,Low,Moderate,4,Low,Moderate,108546.0,1343.83,0.01238,1.238,Low,4,0.0,0
405011113,Mallala,Barossa,Barossa - Yorke - Mid North,SA Water,0,0.0,Baseline,Low,Moderate,4,Low,Moderate,81335.0,1343.83,0.016522,1.6522,Low,4,0.0,0
405011114,Nuriootpa,Barossa,Barossa - Yorke - Mid North,SA Water,0,0.0,Baseline,Low,Moderate,4,Low,Moderate,78781.0,1343.83,0.017058,1.7058,Low,4,0.0,0
405011115,Tanunda,Barossa,Barossa - Yorke - Mid North,SA Water,0,0.0,Baseline,Low,Moderate,4,Low,Moderate,85910.0,1343.83,0.015642,1.5642,Low,4,0.0,0
405021116,Clare,Lower North,Barossa - Yorke - Mid North,SA Water,0,0.0,Baseline,Low,Moderate,4,Low,Moderate,81276.0,1343.83,0.016534,1.6534,Low,4,0.0,0
405021117,Gilbert Valley,Lower North,Barossa - Yorke - Mid North,SA Water,0,0.0,Baseline,Low,High,4,Low,High,74681.0,1343.83,0.017994,1.7994,Low,4,0.0,0
405021118,Goyder,Lower North,Barossa - Yorke - Mid North,SA Water,0,0.0,Baseline,Moderate,Critical,3,Moderate,Critical,54481.0,1343.83,0.024666,2.4666,Moderate,3,0.0,0
405021119,Wakefield - Barunga West,Lower North,Barossa - Yorke - Mid North,SA Water,0,0.0,Baseline,Moderate,High,3,Moderate,High,64878.0,1343.83,0.020713,2.0713,Moderate,3,0.0,0
405031120,Jamestown,Mid North,Barossa - Yorke - Mid North,SA Water,0,0.0,Baseline,Low,High,4,Low,High,68027.0,1343.83,0.019754,1.9754,Low,4,0.0,0
405031121,Peterborough - Mount Remarkable,Mid North,Barossa - Yorke - Mid North,SA Water,0,0.0,Baseline,Moderate,Critical,3,Moderate,Critical,55313.0,1343.83,0.024295,2.4295,Moderate,3,0.0,0
405031122,Port Pirie,Mid North,Barossa - Yorke - Mid North,SA Water,0,0.0,Baseline,Moderate,Critical,3,Moderate,Critical,62026.0,1343.83,0.021666,2.1666,Moderate,3,0.0,0
405031123,Port Pirie Surrounds,Mid North,Barossa - Yorke - Mid North,SA Water,0,0.0,Baseline,Low,High,4,Low,High,68027.0,1343.83,0.019754,1.9754,Low,4,0.0,0
405041124,Kadina,Yorke Peninsula,Barossa - Yorke - Mid North,SA Water,0,0.0,Baseline,Low,High,4,Low,High,68621.0,1343.83,0.019583,1.9583,Low,4,0.0,0
405041125,Moonta,Yorke Peninsula,Barossa - Yorke - Mid North,SA Water,0,0.0,Baseline,Moderate,Critical,3,Moderate,Critical,57333.0,1343.83,0.023439,2.3439,Moderate,3,0.0,0
405041126,Wallaroo,Yorke Peninsula,Barossa - Yorke - Mid North,SA Water,0,0.0,Baseline,Moderate,Critical,3,Moderate,Critical,54422.0,1343.83,0.024693,2.4693,Moderate,3,0.0,0
405041127,Yorke Peninsula - North,Yorke Peninsula,Barossa - Yorke - Mid North,SA Water,0,0.0,Baseline,Moderate,Critical,3,Moderate,Critical,59590.0,1343.83,0.022551,2.2551,Moderate,3,0.0,0
405041128,Yorke Peninsula - South,Yorke Peninsula,Barossa - Yorke - Mid North,SA Water,0,0.0,Baseline,Moderate,Critical,3,Moderate,Critical,52936.0,1343.83,0.025386,2.5386,Moderate,3,0.0,0
406011129,Ceduna,Eyre Peninsula and South West,South Australia - Outback,SA Water,0,0.0,Baseline,Low,Moderate,4,Low,Moderate,83534.0,1343.83,0.016087,1.6087,Low,4,0.0,0
406011130,Eyre Peninsula,Eyre Peninsula and South West,South Australia - Outback,SA Water,0,0.0,Baseline,Low,Moderate,4,Low,Moderate,77711.0,1343.83,0.017293,1.7293,Low,4,0.0,0
406011131,Kimba - Cleve - Franklin Harbour,Eyre Peninsula and South West,South Australia - Outback,SA Water,0,0.0,Baseline,Low,High,4,Low,High,69869.0,1343.83,0.019234,1.9234,Low,4,0.0,0
406011132,Le Hunte - Elliston,Eyre Peninsula and South West,South Australia - Outback,SA Water,0,0.0,Baseline,Low,High,4,Low,High,73374.0,1343.83,0.018315,1.8315,Low,4,0.0,0
406011133,Port Lincoln,Eyre Peninsula and South West,South Australia - Outback,SA Water,0,0.0,Baseline,Low,Moderate,4,Low,Moderate,77295.0,1343.83,0.017386,1.7386,Low,4,0.0,0
406011134,West Coast (SA),Eyre Peninsula and South West,South Australia - Outback,SA Water,0,0.0,Baseline,Low,High,4,Low,High,68205.0,1343.83,0.019703,1.9703,Low,4,0.0,0
406011135,Western,Eyre Peninsula and South West,South Australia - Outback,SA Water,0,0.0,Baseline,Low,Moderate,4,Low,Moderate,77949.0,1343.83,0.01724,1.724,Low,4,0.0,0
406011136,Whyalla,Eyre Peninsula and South West,South Australia - Outback,SA Water,0,0.0,Baseline,Low,High,4,Low,High,70582.0,1343.83,0.019039,1.9039,Low,4,0.0,0
406011137,Whyalla - North,Eyre Peninsula and South West,South Australia - Outback,SA Water,0,0.0,Baseline,Unknown,Unknown,5,Unknown,Unknown,,1343.83,,,Unknown,5,,0
406021138,APY Lands,Outback - North and East,South Australia - Outback,SA Water,0,0.0,Baseline,Low,High,4,Low,High,75216.0,1343.83,0.017866,1.7866,Low,4,0.0,0
406021139,Coober Pedy,Outback - North and East,South Australia - Outback,Council,0,0.0,Baseline,Unknown,Unknown,5,Unknown,Unknown,45391.0,,,,Unknown,5,,0
406021140,Quorn - Lake Gilles,Outback - North and East,South Australia - Outback,SA Water,0,0.0,Baseline,Moderate,High,3,Moderate,High,62205.0,1343.83,0.021603,2.1603,Moderate,3,0.0,0
406021141,Outback,Outback - North and East,South Australia - Outback,SA Water,0,0.0,Baseline,Low,High,4,Low,High,72126.0,1343.83,0.018632,1.8632,Low,4,0.0,0
406021142,Port Augusta,Outback - North and East,South Australia - Outback,SA Water,0,0.0,Baseline,Low,Moderate,4,Low,Moderate,75869.0,1343.83,0.017713,1.7713,Low,4,0.0,0
406021143,Roxby Downs,Outback - North and East,South Australia - Outback,SA Water,0,0.0,Baseline,Low,Low,4,Low,Low,186554.0,1343.83,0.007203,0.7203,Low,4,0.0,0
407011144,Goolwa - Port Elliot,Fleurieu - Kangaroo Island,South Australia - South East,SA Water,0,0.0,Baseline,Moderate,Critical,3,Moderate,Critical,57630.0,1343.83,0.023318,2.3318,Moderate,3,0.0,0
407011145,Kangaroo Island,Fleurieu - Kangaroo Island,South Australia - South East,SA Water,0,0.0,Baseline,Moderate,High,3,Moderate,High,67017.0,1343.83,0.020052,2.0052,Moderate,3,0.0,0
407011146,Strathalbyn,Fleurieu - Kangaroo Island,South Australia - South East,SA Water,0,0.0,Baseline,Low,Moderate,4,Low,Moderate,75869.0,1343.83,0.017713,1.7713,Low,4,0.0,0
407011147,Strathalbyn Surrounds,Fleurieu - Kangaroo Island,South Australia - South East,SA Water,0,0.0,Baseline,Low,Moderate,4,Low,Moderate,87871.0,1343.83,0.015293,1.5293,Low,4,0.0,0
407011148,Victor Harbor,Fleurieu - Kangaroo Island,South Australia - South East,SA Water,0,0.0,Baseline,Moderate,Critical,3,Moderate,Critical,58046.0,1343.83,0.023151,2.3151,Moderate,3,0.0,0
407011149,Yankalilla,Fleurieu - Kangaroo Island,South Australia - South East,SA Water,0,0.0,Baseline,Moderate,High,3,Moderate,High,64284.0,1343.83,0.020905,2.0905,Moderate,3,0.0,0
407021150,Grant,Limestone Coast,South Australia - South East,SA Water,0,0.0,Baseline,Low,Moderate,4,Low,Moderate,93990.0,1343.83,0.014298,1.4298,Low,4,0.0,0
407021151,Kingston - Robe,Limestone Coast,South Australia - South East,SA Water,0,0.0,Baseline,Low,High,4,Low,High,71295.0,1343.83,0.018849,1.8849,Low,4,0.0,0
407021152,Millicent,Limestone Coast,South Australia - South East,SA Water,0,0.0,Baseline,Moderate,Critical,3,Moderate,Critical,58699.0,1343.83,0.022894,2.2894,Moderate,3,0.0,0
407021154,Naracoorte,Limestone Coast,South Australia - South East,SA Water,0,0.0,Baseline,Low,Moderate,4,Low,Moderate,81811.0,1343.83,0.016426,1.6426,Low,4,0.0,0
407021155,Naracoorte Surrounds,Limestone Coast,South Australia - South East,SA Water,0,0.0,Baseline,Low,Moderate,4,Low,Moderate,96961.0,1343.83,0.013859,1.3859,Low,4,0.0,0
407021156,Penola,Limestone Coast,South Australia - South East,SA Water,0,0.0,Baseline,Low,Moderate,4,Low,Moderate,78068.0,1343.83,0.017214,1.7214,Low,4,0.0,0
407021157,Tatiara,Limestone Coast,South Australia - South East,SA Water,0,0.0,Baseline,Low,Moderate,4,Low,Moderate,87336.0,1343.83,0.015387,1.5387,Low,4,0.0,0
407021158,Wattle Range,Limestone Coast,South Australia - South East,SA Water,0,0.0,Baseline,Low,Moderate,4,Low,Moderate,80266.0,1343.83,0.016742,1.6742,Low,4,0.0,0
407021173,Mount Gambier - East,Limestone Coast,South Australia - South East,SA Water,0,0.0,Baseline,Low,Moderate,4,Low,Moderate,80088.0,1343.83,0.016779,1.6779,Low,4,0.0,0
407021174,Mount Gambier - West,Limestone Coast,South Australia - South East,SA Water,0,0.0,Baseline,Low,High,4,Low,High,71889.0,1343.83,0.018693,1.8693,Low,4,0.0,0
407031159,Barmera,Murray and Mallee,South Australia - South East,SA Water,0,0.0,Baseline,Low,High,4,Low,High,73968.0,1343.83,0.018168,1.8168,Low,4,0.0,0
407031160,Berri,Murray and Mallee,South Australia - South East,SA Water,0,0.0,Baseline,Moderate,Critical,3,Moderate,Critical,61729.0,1343.83,0.02177,2.177,Moderate,3,0.0,0
407031161,Karoonda - Lameroo,Murray and Mallee,South Australia - South East,SA Water,0,0.0,Baseline,Low,High,4,Low,High,70641.0,1343.83,0.019023,1.9023,Low,4,0.0,0
407031162,Loxton,Murray and Mallee,South Australia - South East,SA Water,0,0.0,Baseline,Low,High,4,Low,High,71770.0,1343.83,0.018724,1.8724,Low,4,0.0,0
407031163,Loxton Surrounds,Murray and Mallee,South Australia - South East,SA Water,0,0.0,Baseline,Low,Moderate,4,Low,Moderate,77236.0,1343.83,0.017399,1.7399,Low,4,0.0,0
407031164,Mannum,Murray and Mallee,South Australia - South East,SA Water,0,0.0,Baseline,Moderate,Critical,3,Moderate,Critical,53530.0,1343.83,0.025104,2.5104,Moderate,3,0.0,0
407031165,Murray Bridge,Murray and Mallee,South Australia - South East,SA Water,0,0.0,Baseline,Moderate,High,3,Moderate,High,63987.0,1343.83,0.021002,2.1002,Moderate,3,0.0,0
407031166,Murray Bridge Surrounds,Murray and Mallee,South Australia - South East,SA Water,0,0.0,Baseline,Low,Moderate,4,Low,Moderate,76879.0,1343.83,0.01748,1.748,Low,4,0.0,0
407031167,Renmark,Murray and Mallee,South Australia - South East,SA Water,0,0.0,Baseline,Moderate,Critical,3,Moderate,Critical,60422.0,1343.83,0.022241,2.2241,Moderate,3,0.0,0
407031168,Renmark Surrounds,Murray and Mallee,South Australia - South East,SA Water,0,0.0,Baseline,Low,Moderate,4,Low,Moderate,86682.0,1343.83,0.015503,1.5503,Low,4,0.0,0
407031169,The Coorong,Murray and Mallee,South Australia - South East,SA Water,0,0.0,Baseline,Moderate,High,3,Moderate,High,64462.0,1343.83,0.020847,2.0847,Moderate,3,0.0,0
407031170,Waikerie,Murray and Mallee,South Australia - South East,SA Water,0,0.0,Baseline,Moderate,Critical,3,Moderate,Critical,61016.0,1343.83,0.022024,2.2024,Moderate,3,0.0,0
497979799,Migratory - Offshore - Shipping (SA),Migratory - Offshore - Shipping (SA),Migratory - Offshore - Shipping (SA),SA Water,0,0.0,Baseline,Unknown,Unknown,5,Unknown,Unknown,,1343.83,,,Unknown,5,,0
499999499,No usual address (SA),No usual address (SA),No usual address (SA),SA Water,0,0.0,Baseline,Unknown,Unknown,5,Unknown,Unknown,,1343.83,,,Unknown,5,,0
401011001,Adelaide,Adelaide City,Adelaide - Central and Hills,SA Water,1,5.0,+5%,Low,Moderate,4,Low,Moderate,81098.0,1183.86,0.014598,1.4598,Low,4,0.0,0
401011002,North Adelaide,Adelaide City,Adelaide - Central and Hills,SA Water,1,5.0,+5%,Low,Low,4,Low,Low,110923.0,1183.86,0.010673,1.0673,Low,4,0.0,0
401021003,Adelaide Hills,Adelaide Hills,Adelaide - Central and Hills,SA Water,1,5.0,+5%,Low,Low,4,Low,Low,113180.0,1183.86,0.01046,1.046,Low,4,0.0,0
401021004,Aldgate - Stirling,Adelaide Hills,Adelaide - Central and Hills,SA Water,1,5.0,+5%,Low,Low,4,Low,Low,136470.0,1183.86,0.008675,0.8675,Low,4,0.0,0
401021005,Hahndorf - Echunga,Adelaide Hills,Adelaide - Central and Hills,SA Water,1,5.0,+5%,Low,Low,4,Low,Low,114428.0,1183.86,0.010346,1.0346,Low,4,0.0,0
401021006,Lobethal - Woodside,Adelaide Hills,Adelaide - Central and Hills,SA Water,1,5.0,+5%,Low,Moderate,4,Low,Moderate,100466.0,1183.86,0.011784,1.1784,Low,4,0.0,0
401021007,Mount Barker,Adelaide Hills,Adelaide - Central and Hills,SA Water,1,5.0,+5%,Low,Moderate,4,Low,Moderate,100882.0,1183.86,0.011735,1.1735,Low,4,0.0,0
401021008,Mount Barker Surrounds,Adelaide Hills,Adelaide - Central and Hills,SA Water,1,5.0,+5%,Low,Low,4,Low,Low,105991.0,1183.86,0.011169,1.1169,Low,4,0.0,0
401021009,Nairne,Adelaide Hills,Adelaide - Central and Hills,SA Water,1,5.0,+5%,Low,Low,4,Low,Low,105516.0,1183.86,0.01122,1.122,Low,4,0.0,0
401021010,Uraidla - Summertown,Adelaide Hills,Adelaide - Central and Hills,SA Water,1,5.0,+5%,Low,Low,4,Low,Low,129578.0,1183.86,0.009136,0.9136,Low,4,0.0,0
401031011,Burnside - Wattle Park,Burnside,Adelaide - Central and Hills,SA Water,1,5.0,+5%,Low,Low,4,Low,Low,123934.0,1183.86,0.009552,0.9552,Low,4,0.0,0
401031012,Beaumont - Glen Osmond,Burnside,Adelaide - Central and Hills,SA Water,1,5.0,+5%,Low,Low,4,Low,Low,138193.0,1183.86,0.008567,0.8567,Low,4,0.0,0
401031013,Toorak Gardens,Burnside,Adelaide - Central and Hills,SA Water,1,5.0,+5%,Low,Low,4,Low,Low,114606.0,1183.86,0.01033,1.033,Low,4,0.0,0
401041014,Athelstone,Campbelltown (SA),Adelaide - Central and Hills,SA Water,1,5.0,+5%,Low,Low,4,Low,Low,115319.0,1183.86,0.010266,1.0266,Low,4,0.0,0
401041015,Paradise - Newton,Campbelltown (SA),Adelaide - Central and Hills,SA Water,1,5.0,+5%,Low,Moderate,4,Low,Moderate,84781.0,1183.86,0.013964,1.3964,Low,4,0.0,0
401041016,Rostrevor - Magill,Campbelltown (SA),Adelaide - Central and Hills,SA Water,1,5.0,+5%,Low,Moderate,4,Low,Moderate,97674.0,1183.86,0.012121,1.2121,Low,4,0.0,0
401051017,Norwood (SA),Norwood - Payneham - St Peters,Adelaide - Central and Hills,SA Water,1,5.0,+5%,Low,Moderate,4,Low,Moderate,98208.0,1183.86,0.012055,1.2055,Low,4,0.0,0
401051018,Payneham - Felixstow,Norwood - Payneham - St Peters,Adelaide - Central and Hills,SA Water,1,5.0,+5%,Low,Moderate,4,Low,Moderate,87692.0,1183.86,0.0135,1.35,Low,4,0.0,0
401051019,St Peters - Marden,Norwood - Payneham - St Peters,Adelaide - Central and Hills,SA Water,1,5.0,+5%,Low,Low,4,Low,Low,111636.0,1183.86,0.010605,1.0605,Low,4,0.0,0
401061020,Nailsworth - Broadview,Prospect - Walkerville,Adelaide - Central and Hills,SA Water,1,5.0,+5%,Low,Low,4,Low,Low,116864.0,1183.86,0.01013,1.013,Low,4,0.0,0
401061021,Prospect,Prospect - Walkerville,Adelaide - Central and Hills,SA Water,1,5.0,+5%,Low,Low,4,Low,Low,119953.0,1183.86,0.009869,0.9869,Low,4,0.0,0
401061022,Walkerville,Prospect - Walkerville,Adelaide - Central and Hills,SA Water,1,5.0,+5%,Low,Low,4,Low,Low,121914.0,1183.86,0.009711,0.9711,Low,4,0.0,0
401071023,Goodwood - Millswood,Unley,Adelaide - Central and Hills,SA Water,1,5.0,+5%,Low,Low,4,Low,Low,118884.0,1183.86,0.009958,0.9958,Low,4,0.0,0
401071024,Unley - Parkside,Unley,Adelaide - Central and Hills,SA Water,1,5.0,+5%,Low,Low,4,Low,Low,118706.0,1183.86,0.009973,0.9973,Low,4,0.0,0
402011025,Gawler - North,Gawler - Two Wells,Adelaide - North,SA Water,1,5.0,+5%,Low,Low,4,Low,Low,105160.0,1183.86,0.011258,1.1258,Low,4,0.0,0
402011026,Gawler - South,Gawler - Two Wells,Adelaide - North,SA Water,1,5.0,+5%,Low,Moderate,4,Low,Moderate,79375.0,1183.86,0.014915,1.4915,Low,4,0.0,0
402011027,Lewiston - Two Wells,Gawler - Two Wells,Adelaide - North,SA Water,1,5.0,+5%,Low,Low,4,Low,Low,113358.0,1183.86,0.010444,1.0444,Low,4,0.0,0
402021028,Craigmore - Blakeview,Playford,Adelaide - North,SA Water,1,5.0,+5%,Low,Moderate,4,Low,Moderate,95060.0,1183.86,0.012454,1.2454,Low,4,0.0,0
402021029,Davoren Park,Playford,Adelaide - North,SA Water,1,5.0,+5%,Low,Moderate,4,Low,Moderate,68978.0,1183.86,0.017163,1.7163,Low,4,0.0,0
402021030,Elizabeth,Playford,Adelaide - North,SA Water,1,5.0,+5%,Moderate,Critical,3,Moderate,Critical,49134.0,1183.86,0.024095,2.4095,Moderate,3,0.0,0
402021031,Elizabeth East,Playford,Adelaide - North,SA Water,1,5.0,+5%,Low,Moderate,4,Low,Moderate,70582.0,1183.86,0.016773,1.6773,Low,4,0.0,0
402021032,Munno Para West - Angle Vale,Playford,Adelaide - North,SA Water,1,5.0,+5%,Low,Moderate,4,Low,Moderate,98208.0,1183.86,0.012055,1.2055,Low,4,0.0,0
402021033,One Tree Hill,Playford,Adelaide - North,SA Water,1,5.0,+5%,Low,Low,4,Low,Low,135282.0,1183.86,0.008751,0.8751,Low,4,0.0,0
402021034,Smithfield - Elizabeth North,Playford,Adelaide - North,SA Water,1,5.0,+5%,Moderate,High,3,Moderate,High,55788.0,1183.86,0.021221,2.1221,Moderate,3,0.0,0
402021035,Virginia - Waterloo Corner,Playford,Adelaide - North,SA Water,1,5.0,+5%,Low,Moderate,4,Low,Moderate,82405.0,1183.86,0.014366,1.4366,Low,4,0.0,0
402031036,Enfield - Blair Athol,Port Adelaide - East,Adelaide - North,SA Water,1,5.0,+5%,Low,Moderate,4,Low,Moderate,84841.0,1183.86,0.013954,1.3954,Low,4,0.0,0
402031038,Windsor Gardens,Port Adelaide - East,Adelaide - North,SA Water,1,5.0,+5%,Low,Moderate,4,Low,Moderate,94762.0,1183.86,0.012493,1.2493,Low,4,0.0,0
402031175,Northgate - Northfield,Port Adelaide - East,Adelaide - North,SA Water,1,5.0,+5%,Low,Low,4,Low,Low,104506.0,1183.86,0.011328,1.1328,Low,4,0.0,0
402031176,Valley View - Gilles Plains,Port Adelaide - East,Adelaide - North,SA Water,1,5.0,+5%,Low,Moderate,4,Low,Moderate,87277.0,1183.86,0.013564,1.3564,Low,4,0.0,0
402041039,Dry Creek - North,Salisbury,Adelaide - North,SA Water,1,5.0,+5%,Unknown,Unknown,5,Unknown,Unknown,,1183.86,,,Unknown,5,,0
402041040,Ingle Farm,Salisbury,Adelaide - North,SA Water,1,5.0,+5%,Low,Moderate,4,Low,Moderate,79850.0,1183.86,0.014826,1.4826,Low,4,0.0,0
402041041,Para Hills,Salisbury,Adelaide - North,SA Water,1,5.0,+5%,Low,Moderate,4,Low,Moderate,85791.0,1183.86,0.013799,1.3799,Low,4,0.0,0
402041042,Parafield,Salisbury,Adelaide - North,SA Water,1,5.0,+5%,Unknown,Unknown,5,Unknown,Unknown,,1183.86,,,Unknown,5,,0
402041043,Parafield Gardens,Salisbury,Adelaide - North,SA Water,1,5.0,+5%,Low,Moderate,4,Low,Moderate,82226.0,1183.86,0.014398,1.4398,Low,4,0.0,0
402041044,Paralowie,Salisbury,Adelaide - North,SA Water,1,5.0,+5%,Low,Moderate,4,Low,Moderate,86623.0,1183.86,0.013667,1.3667,Low,4,0.0,0
402041046,Salisbury,Salisbury,Adelaide - North,SA Water,1,5.0,+5%,Low,High,4,Low,High,63630.0,1183.86,0.018605,1.8605,Low,4,0.0,0
402041047,Salisbury East,Salisbury,Adelaide - North,SA Water,1,5.0,+5%,Low,Moderate,4,Low,Moderate,79553.0,1183.86,0.014881,1.4881,Low,4,0.0,0
402041048,Salisbury North,Salisbury,Adelaide - North,SA Water,1,5.0,+5%,Low,Moderate,4,Low,Moderate,74562.0,1183.86,0.015878,1.5878,Low,4,0.0,0
402041171,Mawson Lakes - Globe Derby Park,Salisbury,Adelaide - North,SA Water,1,5.0,+5%,Low,Low,4,Low,Low,113656.0,1183.86,0.010416,1.0416,Low,4,0.0,0
402041172,Pooraka - Cavan,Salisbury,Adelaide - North,SA Water,1,5.0,+5%,Low,Moderate,4,Low,Moderate,75038.0,1183.86,0.015777,1.5777,Low,4,0.0,0
402051049,Golden Grove,Tea Tree Gully,Adelaide - North,SA Water,1,5.0,+5%,Low,Moderate,4,Low,Moderate,99456.0,1183.86,0.011903,1.1903,Low,4,0.0,0
402051050,Greenwith,Tea Tree Gully,Adelaide - North,SA Water,1,5.0,+5%,Low,Low,4,Low,Low,115081.0,1183.86,0.010287,1.0287,Low,4,0.0,0
402051051,Highbury - Dernancourt,Tea Tree Gully,Adelaide - North,SA Water,1,5.0,+5%,Low,Low,4,Low,Low,114071.0,1183.86,0.010378,1.0378,Low,4,0.0,0
402051052,Hope Valley - Modbury,Tea Tree Gully,Adelaide - North,SA Water,1,5.0,+5%,Low,Moderate,4,Low,Moderate,78068.0,1183.86,0.015164,1.5164,Low,4,0.0,0
402051053,Modbury Heights,Tea Tree Gully,Adelaide - North,SA Water,1,5.0,+5%,Low,Moderate,4,Low,Moderate,98446.0,1183.86,0.012025,1.2025,Low,4,0.0,0
402051054,Redwood Park,Tea Tree Gully,Adelaide - North,SA Water,1,5.0,+5%,Low,Low,4,Low,Low,108011.0,1183.86,0.010961,1.0961,Low,4,0.0,0
402051055,St Agnes - Ridgehaven,Tea Tree Gully,Adelaide - North,SA Water,1,5.0,+5%,Low,Moderate,4,Low,Moderate,88643.0,1183.86,0.013355,1.3355,Low,4,0.0,0
403011056,Brighton (SA),Holdfast Bay,Adelaide - South,SA Water,1,5.0,+5%,Low,Moderate,4,Low,Moderate,99397.0,1183.86,0.01191,1.191,Low,4,0.0,0
403011057,Glenelg (SA),Holdfast Bay,Adelaide - South,SA Water,1,5.0,+5%,Low,Moderate,4,Low,Moderate,92802.0,1183.86,0.012757,1.2757,Low,4,0.0,0
403021058,Edwardstown,Marion,Adelaide - South,SA Water,1,5.0,+5%,Low,Moderate,4,Low,Moderate,86267.0,1183.86,0.013723,1.3723,Low,4,0.0,0
403021059,Hallett Cove,Marion,Adelaide - South,SA Water,1,5.0,+5%,Low,Low,4,Low,Low,111457.0,1183.86,0.010622,1.0622,Low,4,0.0,0
403021060,Marino - Seaview Downs,Marion,Adelaide - South,SA Water,1,5.0,+5%,Low,Low,4,Low,Low,108190.0,1183.86,0.010942,1.0942,Low,4,0.0,0
403021061,Mitchell Park,Marion,Adelaide - South,SA Water,1,5.0,+5%,Low,Moderate,4,Low,Moderate,77652.0,1183.86,0.015246,1.5246,Low,4,0.0,0
403021062,Morphettville,Marion,Adelaide - South,SA Water,1,5.0,+5%,Low,Moderate,4,Low,Moderate,92327.0,1183.86,0.012822,1.2822,Low,4,0.0,0
403021063,Sheidow Park - Trott Park,Marion,Adelaide - South,SA Water,1,5.0,+5%,Low,Low,4,Low,Low,114190.0,1183.86,0.010367,1.0367,Low,4,0.0,0
403021064,Warradale,Marion,Adelaide - South,SA Water,1,5.0,+5%,Low,Moderate,4,Low,Moderate,84425.0,1183.86,0.014023,1.4023,Low,4,0.0,0
403031065,Belair,Mitcham,Adelaide - South,SA Water,1,5.0,+5%,Low,Low,4,Low,Low,135044.0,1183.86,0.008766,0.8766,Low,4,0.0,0
403031066,Bellevue Heights,Mitcham,Adelaide - South,SA Water,1,5.0,+5%,Low,Low,4,Low,Low,104803.0,1183.86,0.011296,1.1296,Low,4,0.0,0
403031067,Blackwood,Mitcham,Adelaide - South,SA Water,1,5.0,+5%,Low,Low,4,Low,Low,125597.0,1183.86,0.009426,0.9426,Low,4,0.0,0
403031068,Colonel Light Gardens,Mitcham,Adelaide - South,SA Water,1,5.0,+5%,Low,Low,4,Low,Low,119181.0,1183.86,0.009933,0.9933,Low,4,0.0,0
403031069,Mitcham (SA),Mitcham,Adelaide - South,SA Water,1,5.0,+5%,Low,Low,4,Low,Low,130885.0,1183.86,0.009045,0.9045,Low,4,0.0,0
403031070,Panorama,Mitcham,Adelaide - South,SA Water,1,5.0,+5%,Low,Moderate,4,Low,Moderate,90188.0,1183.86,0.013127,1.3127,Low,4,0.0,0
403041071,Aberfoyle Park,Onkaparinga,Adelaide - South,SA Water,1,5.0,+5%,Low,Low,4,Low,Low,107358.0,1183.86,0.011027,1.1027,Low,4,0.0,0
403041072,Aldinga,Onkaparinga,Adelaide - South,SA Water,1,5.0,+5%,Low,Moderate,4,Low,Moderate,78246.0,1183.86,0.01513,1.513,Low,4,0.0,0
403041073,Christie Downs,Onkaparinga,Adelaide - South,SA Water,1,5.0,+5%,Low,High,4,Low,High,59115.0,1183.86,0.020026,2.0026,Moderate,3,1.0,1
403041074,Christies Beach,Onkaparinga,Adelaide - South,SA Water,1,5.0,+5%,Low,Moderate,4,Low,Moderate,72483.0,1183.86,0.016333,1.6333,Low,4,0.0,0
403041075,Clarendon,Onkaparinga,Adelaide - South,SA Water,1,5.0,+5%,Low,Low,4,Low,Low,120013.0,1183.86,0.009864,0.9864,Low,4,0.0,0
403041076,Coromandel Valley,Onkaparinga,Adelaide - South,SA Water,1,5.0,+5%,Low,Low,4,Low,Low,132667.0,1183.86,0.008924,0.8924,Low,4,0.0,0
403041077,Flagstaff Hill,Onkaparinga,Adelaide - South,SA Water,1,5.0,+5%,Low,Low,4,Low,Low,121498.0,1183.86,0.009744,0.9744,Low,4,0.0,0
403041078,Hackham - Onkaparinga Hills,Onkaparinga,Adelaide - South,SA Water,1,5.0,+5%,Low,Moderate,4,Low,Moderate,80504.0,1183.86,0.014706,1.4706,Low,4,0.0,0
403041079,Hackham West - Huntfield Heights,Onkaparinga,Adelaide - South,SA Water,1,5.0,+5%,Low,High,4,Low,High,64165.0,1183.86,0.01845,1.845,Low,4,0.0,0
403041080,Happy Valley,Onkaparinga,Adelaide - South,SA Water,1,5.0,+5%,Low,Moderate,4,Low,Moderate,93158.0,1183.86,0.012708,1.2708,Low,4,0.0,0
403041081,Happy Valley Reservoir,Onkaparinga,Adelaide - South,SA Water,1,5.0,+5%,Low,Moderate,4,Low,Moderate,81692.0,1183.86,0.014492,1.4492,Low,4,0.0,0
403041082,Lonsdale,Onkaparinga,Adelaide - South,SA Water,1,5.0,+5%,Moderate,Critical,3,Moderate,Critical,43074.0,1183.86,0.027484,2.7484,Moderate,3,0.0,0
403041083,McLaren Vale,Onkaparinga,Adelaide - South,SA Water,1,5.0,+5%,Low,Moderate,4,Low,Moderate,97317.0,1183.86,0.012165,1.2165,Low,4,0.0,0
403041084,Morphett Vale - East,Onkaparinga,Adelaide - South,SA Water,1,5.0,+5%,Low,Moderate,4,Low,Moderate,72958.0,1183.86,0.016227,1.6227,Low,4,0.0,0
403041085,Morphett Vale - West,Onkaparinga,Adelaide - South,SA Water,1,5.0,+5%,Low,Moderate,4,Low,Moderate,69096.0,1183.86,0.017134,1.7134,Low,4,0.0,0
403041086,Reynella,Onkaparinga,Adelaide - South,SA Water,1,5.0,+5%,Low,Moderate,4,Low,Moderate,79256.0,1183.86,0.014937,1.4937,Low,4,0.0,0
403041088,Willunga,Onkaparinga,Adelaide - South,SA Water,1,5.0,+5%,Low,Low,4,Low,Low,104268.0,1183.86,0.011354,1.1354,Low,4,0.0,0
403041089,Woodcroft,Onkaparinga,Adelaide - South,SA Water,1,5.0,+5%,Low,Moderate,4,Low,Moderate,99337.0,1183.86,0.011918,1.1918,Low,4,0.0,0
403041177,Seaford - Seaford Meadows,Onkaparinga,Adelaide - South,SA Water,1,5.0,+5%,Low,Moderate,4,Low,Moderate,87098.0,1183.86,0.013592,1.3592,Low,4,0.0,0
403041178,Seaford Rise - Moana,Onkaparinga,Adelaide - South,SA Water,1,5.0,+5%,Low,Moderate,4,Low,Moderate,90366.0,1183.86,0.013101,1.3101,Low,4,0.0,0
404011090,Beverley,Charles Sturt,Adelaide - West,SA Water,1,5.0,+5%,Low,Moderate,4,Low,Moderate,100704.0,1183.86,0.011756,1.1756,Low,4,0.0,0
404011091,Flinders Park,Charles Sturt,Adelaide - West,SA Water,1,5.0,+5%,Low,Moderate,4,Low,Moderate,92861.0,1183.86,0.012749,1.2749,Low,4,0.0,0
404011092,Henley Beach,Charles Sturt,Adelaide - West,SA Water,1,5.0,+5%,Low,Low,4,Low,Low,106110.0,1183.86,0.011157,1.1157,Low,4,0.0,0
404011093,Hindmarsh - Brompton,Charles Sturt,Adelaide - West,SA Water,1,5.0,+5%,Low,Moderate,4,Low,Moderate,96901.0,1183.86,0.012217,1.2217,Low,4,0.0,0
404011094,Royal Park - Hendon - Albert Park,Charles Sturt,Adelaide - West,SA Water,1,5.0,+5%,Low,Moderate,4,Low,Moderate,84781.0,1183.86,0.013964,1.3964,Low,4,0.0,0
404011095,Seaton - Grange,Charles Sturt,Adelaide - West,SA Water,1,5.0,+5%,Low,Moderate,4,Low,Moderate,84662.0,1183.86,0.013983,1.3983,Low,4,0.0,0
404011096,West Lakes,Charles Sturt,Adelaide - West,SA Water,1,5.0,+5%,Low,Moderate,4,Low,Moderate,89475.0,1183.86,0.013231,1.3231,Low,4,0.0,0
404011097,Woodville - Cheltenham,Charles Sturt,Adelaide - West,SA Water,1,5.0,+5%,Low,Moderate,4,Low,Moderate,88584.0,1183.86,0.013364,1.3364,Low,4,0.0,0
404021098,Dry Creek - South,Port Adelaide - West,Adelaide - West,SA Water,1,5.0,+5%,Unknown,Unknown,5,Unknown,Unknown,,1183.86,,,Unknown,5,,0
404021099,Largs Bay - Semaphore,Port Adelaide - West,Adelaide - West,SA Water,1,5.0,+5%,Low,Moderate,4,Low,Moderate,94109.0,1183.86,0.01258,1.258,Low,4,0.0,0
404021100,North Haven,Port Adelaide - West,Adelaide - West,SA Water,1,5.0,+5%,Low,Moderate,4,Low,Moderate,84009.0,1183.86,0.014092,1.4092,Low,4,0.0,0
404021101,Port Adelaide,Port Adelaide - West,Adelaide - West,SA Water,1,5.0,+5%,Low,Moderate,4,Low,Moderate,74087.0,1183.86,0.015979,1.5979,Low,4,0.0,0
404021102,The Parks,Port Adelaide - West,Adelaide - West,SA Water,1,5.0,+5%,Low,Moderate,4,Low,Moderate,77058.0,1183.86,0.015363,1.5363,Low,4,0.0,0
404021103,Torrens Island,Port Adelaide - West,Adelaide - West,SA Water,1,5.0,+5%,Moderate,Critical,3,Moderate,Critical,44500.0,1183.86,0.026604,2.6604,Moderate,3,0.0,0
404031104,Adelaide Airport,West Torrens,Adelaide - West,SA Water,1,5.0,+5%,Unknown,Unknown,5,Unknown,Unknown,,1183.86,,,Unknown,5,,0
404031105,Fulham,West Torrens,Adelaide - West,SA Water,1,5.0,+5%,Low,Low,4,Low,Low,104150.0,1183.86,0.011367,1.1367,Low,4,0.0,0
404031106,Lockleys,West Torrens,Adelaide - West,SA Water,1,5.0,+5%,Low,Moderate,4,Low,Moderate,97139.0,1183.86,0.012187,1.2187,Low,4,0.0,0
404031107,Plympton,West Torrens,Adelaide - West,SA Water,1,5.0,+5%,Low,Moderate,4,Low,Moderate,92148.0,1183.86,0.012847,1.2847,Low,4,0.0,0
404031108,Richmond (SA),West Torrens,Adelaide - West,SA Water,1,5.0,+5%,Low,Moderate,4,Low,Moderate,92386.0,1183.86,0.012814,1.2814,Low,4,0.0,0
404031109,West Beach,West Torrens,Adelaide - West,SA Water,1,5.0,+5%,Low,Low,4,Low,Low,103734.0,1183.86,0.011412,1.1412,Low,4,0.0,0
405011110,Barossa - Angaston,Barossa,Barossa - Yorke - Mid North,SA Water,0,5.0,+5%,Low,Moderate,4,Low,Moderate,85613.0,1367.46,0.015973,1.5973,Low,4,0.0,0
405011111,Light,Barossa,Barossa - Yorke - Mid North,SA Water,0,5.0,+5%,Low,Moderate,4,Low,Moderate,91732.0,1367.46,0.014907,1.4907,Low,4,0.0,0
405011112,Lyndoch,Barossa,Barossa - Yorke - Mid North,SA Water,0,5.0,+5%,Low,Moderate,4,Low,Moderate,108546.0,1367.46,0.012598,1.2598,Low,4,0.0,0
405011113,Mallala,Barossa,Barossa - Yorke - Mid North,SA Water,0,5.0,+5%,Low,Moderate,4,Low,Moderate,81335.0,1367.46,0.016813,1.6813,Low,4,0.0,0
405011114,Nuriootpa,Barossa,Barossa - Yorke - Mid North,SA Water,0,5.0,+5%,Low,Moderate,4,Low,Moderate,78781.0,1367.46,0.017358,1.7358,Low,4,0.0,0
405011115,Tanunda,Barossa,Barossa - Yorke - Mid North,SA Water,0,5.0,+5%,Low,Moderate,4,Low,Moderate,85910.0,1367.46,0.015917,1.5917,Low,4,0.0,0
405021116,Clare,Lower North,Barossa - Yorke - Mid North,SA Water,0,5.0,+5%,Low,Moderate,4,Low,Moderate,81276.0,1367.46,0.016825,1.6825,Low,4,0.0,0
405021117,Gilbert Valley,Lower North,Barossa - Yorke - Mid North,SA Water,0,5.0,+5%,Low,High,4,Low,High,74681.0,1367.46,0.018311,1.8311,Low,4,0.0,0
405021118,Goyder,Lower North,Barossa - Yorke - Mid North,SA Water,0,5.0,+5%,Moderate,Critical,3,Moderate,Critical,54481.0,1367.46,0.0251,2.51,Moderate,3,0.0,0
405021119,Wakefield - Barunga West,Lower North,Barossa - Yorke - Mid North,SA Water,0,5.0,+5%,Moderate,High,3,Moderate,High,64878.0,1367.46,0.021077,2.1077,Moderate,3,0.0,0
405031120,Jamestown,Mid North,Barossa - Yorke - Mid North,SA Water,0,5.0,+5%,Low,High,4,Low,High,68027.0,1367.46,0.020102,2.0102,Moderate,3,1.0,1
405031121,Peterborough - Mount Remarkable,Mid North,Barossa - Yorke - Mid North,SA Water,0,5.0,+5%,Moderate,Critical,3,Moderate,Critical,55313.0,1367.46,0.024722,2.4722,Moderate,3,0.0,0
405031122,Port Pirie,Mid North,Barossa - Yorke - Mid North,SA Water,0,5.0,+5%,Moderate,Critical,3,Moderate,Critical,62026.0,1367.46,0.022047,2.2047,Moderate,3,0.0,0
405031123,Port Pirie Surrounds,Mid North,Barossa - Yorke - Mid North,SA Water,0,5.0,+5%,Low,High,4,Low,High,68027.0,1367.46,0.020102,2.0102,Moderate,3,1.0,1
405041124,Kadina,Yorke Peninsula,Barossa - Yorke - Mid North,SA Water,0,5.0,+5%,Low,High,4,Low,High,68621.0,1367.46,0.019928,1.9928,Low,4,0.0,0
405041125,Moonta,Yorke Peninsula,Barossa - Yorke - Mid North,SA Water,0,5.0,+5%,Moderate,Critical,3,Moderate,Critical,57333.0,1367.46,0.023851,2.3851,Moderate,3,0.0,0
405041126,Wallaroo,Yorke Peninsula,Barossa - Yorke - Mid North,SA Water,0,5.0,+5%,Moderate,Critical,3,Moderate,Critical,54422.0,1367.46,0.025127,2.5127,Moderate,3,0.0,0
405041127,Yorke Peninsula - North,Yorke Peninsula,Barossa - Yorke - Mid North,SA Water,0,5.0,+5%,Moderate,Critical,3,Moderate,Critical,59590.0,1367.46,0.022948,2.2948,Moderate,3,0.0,0
405041128,Yorke Peninsula - South,Yorke Peninsula,Barossa - Yorke - Mid North,SA Water,0,5.0,+5%,Moderate,Critical,3,Moderate,Critical,52936.0,1367.46,0.025832,2.5832,Moderate,3,0.0,0
406011129,Ceduna,Eyre Peninsula and South West,South Australia - Outback,SA Water,0,5.0,+5%,Low,Moderate,4,Low,Moderate,83534.0,1367.46,0.01637,1.637,Low,4,0.0,0
406011130,Eyre Peninsula,Eyre Peninsula and South West,South Australia - Outback,SA Water,0,5.0,+5%,Low,Moderate,4,Low,Moderate,77711.0,1367.46,0.017597,1.7597,Low,4,0.0,0
406011131,Kimba - Cleve - Franklin Harbour,Eyre Peninsula and South West,South Australia - Outback,SA Water,0,5.0,+5%,Low,High,4,Low,High,69869.0,1367.46,0.019572,1.9572,Low,4,0.0,0
406011132,Le Hunte - Elliston,Eyre Peninsula and South West,South Australia - Outback,SA Water,0,5.0,+5%,Low,High,4,Low,High,73374.0,1367.46,0.018637,1.8637,Low,4,0.0,0
406011133,Port Lincoln,Eyre Peninsula and South West,South Australia - Outback,SA Water,0,5.0,+5%,Low,Moderate,4,Low,Moderate,77295.0,1367.46,0.017691,1.7691,Low,4,0.0,0
406011134,West Coast (SA),Eyre Peninsula and South West,South Australia - Outback,SA Water,0,5.0,+5%,Low,High,4,Low,High,68205.0,1367.46,0.020049,2.0049,Moderate,3,1.0,1
406011135,Western,Eyre Peninsula and South West,South Australia - Outback,SA Water,0,5.0,+5%,Low,Moderate,4,Low,Moderate,77949.0,1367.46,0.017543,1.7543,Low,4,0.0,0
406011136,Whyalla,Eyre Peninsula and South West,South Australia - Outback,SA Water,0,5.0,+5%,Low,High,4,Low,High,70582.0,1367.46,0.019374,1.9374,Low,4,0.0,0
406011137,Whyalla - North,Eyre Peninsula and South West,South Australia - Outback,SA Water,0,5.0,+5%,Unknown,Unknown,5,Unknown,Unknown,,1367.46,,,Unknown,5,,0
406021138,APY Lands,Outback - North and East,South Australia - Outback,SA Water,0,5.0,+5%,Low,High,4,Low,High,75216.0,1367.46,0.01818,1.818,Low,4,0.0,0
406021139,Coober Pedy,Outback - North and East,South Australia - Outback,Council,0,5.0,+5%,Unknown,Unknown,5,Unknown,Unknown,45391.0,,,,Unknown,5,,0
406021140,Quorn - Lake Gilles,Outback - North and East,South Australia - Outback,SA Water,0,5.0,+5%,Moderate,High,3,Moderate,High,62205.0,1367.46,0.021983,2.1983,Moderate,3,0.0,0
406021141,Outback,Outback - North and East,South Australia - Outback,SA Water,0,5.0,+5%,Low,High,4,Low,High,72126.0,1367.46,0.018959,1.8959,Low,4,0.0,0
406021142,Port Augusta,Outback - North and East,South Australia - Outback,SA Water,0,5.0,+5%,Low,Moderate,4,Low,Moderate,75869.0,1367.46,0.018024,1.8024,Low,4,0.0,0
406021143,Roxby Downs,Outback - North and East,South Australia - Outback,SA Water,0,5.0,+5%,Low,Low,4,Low,Low,186554.0,1367.46,0.00733,0.733,Low,4,0.0,0
407011144,Goolwa - Port Elliot,Fleurieu - Kangaroo Island,South Australia - South East,SA Water,0,5.0,+5%,Moderate,Critical,3,Moderate,Critical,57630.0,1367.46,0.023728,2.3728,Moderate,3,0.0,0
407011145,Kangaroo Island,Fleurieu - Kangaroo Island,South Australia - South East,SA Water,0,5.0,+5%,Moderate,High,3,Moderate,High,67017.0,1367.46,0.020405,2.0405,Moderate,3,0.0,0
407011146,Strathalbyn,Fleurieu - Kangaroo Island,South Australia - South East,SA Water,0,5.0,+5%,Low,Moderate,4,Low,Moderate,75869.0,1367.46,0.018024,1.8024,Low,4,0.0,0
407011147,Strathalbyn Surrounds,Fleurieu - Kangaroo Island,South Australia - South East,SA Water,0,5.0,+5%,Low,Moderate,4,Low,Moderate,87871.0,1367.46,0.015562,1.5562,Low,4,0.0,0
407011148,Victor Harbor,Fleurieu - Kangaroo Island,South Australia - South East,SA Water,0,5.0,+5%,Moderate,Critical,3,Moderate,Critical,58046.0,1367.46,0.023558,2.3558,Moderate,3,0.0,0
407011149,Yankalilla,Fleurieu - Kangaroo Island,South Australia - South East,SA Water,0,5.0,+5%,Moderate,High,3,Moderate,High,64284.0,1367.46,0.021272,2.1272,Moderate,3,0.0,0
407021150,Grant,Limestone Coast,South Australia - South East,SA Water,0,5.0,+5%,Low,Moderate,4,Low,Moderate,93990.0,1367.46,0.014549,1.4549,Low,4,0.0,0
407021151,Kingston - Robe,Limestone Coast,South Australia - South East,SA Water,0,5.0,+5%,Low,High,4,Low,High,71295.0,1367.46,0.01918,1.918,Low,4,0.0,0
407021152,Millicent,Limestone Coast,South Australia - South East,SA Water,0,5.0,+5%,Moderate,Critical,3,Moderate,Critical,58699.0,1367.46,0.023296,2.3296,Moderate,3,0.0,0
407021154,Naracoorte,Limestone Coast,South Australia - South East,SA Water,0,5.0,+5%,Low,Moderate,4,Low,Moderate,81811.0,1367.46,0.016715,1.6715,Low,4,0.0,0
407021155,Naracoorte Surrounds,Limestone Coast,South Australia - South East,SA Water,0,5.0,+5%,Low,Moderate,4,Low,Moderate,96961.0,1367.46,0.014103,1.4103,Low,4,0.0,0
407021156,Penola,Limestone Coast,South Australia - South East,SA Water,0,5.0,+5%,Low,Moderate,4,Low,Moderate,78068.0,1367.46,0.017516,1.7516,Low,4,0.0,0
407021157,Tatiara,Limestone Coast,South Australia - South East,SA Water,0,5.0,+5%,Low,Moderate,4,Low,Moderate,87336.0,1367.46,0.015657,1.5657,Low,4,0.0,0
407021158,Wattle Range,Limestone Coast,South Australia - South East,SA Water,0,5.0,+5%,Low,Moderate,4,Low,Moderate,80266.0,1367.46,0.017037,1.7037,Low,4,0.0,0
407021173,Mount Gambier - East,Limestone Coast,South Australia - South East,SA Water,0,5.0,+5%,Low,Moderate,4,Low,Moderate,80088.0,1367.46,0.017074,1.7074,Low,4,0.0,0
407021174,Mount Gambier - West,Limestone Coast,South Australia - South East,SA Water,0,5.0,+5%,Low,High,4,Low,High,71889.0,1367.46,0.019022,1.9022,Low,4,0.0,0
407031159,Barmera,Murray and Mallee,South Australia - South East,SA Water,0,5.0,+5%,Low,High,4,Low,High,73968.0,1367.46,0.018487,1.8487,Low,4,0.0,0
407031160,Berri,Murray and Mallee,South Australia - South East,SA Water,0,5.0,+5%,Moderate,Critical,3,Moderate,Critical,61729.0,1367.46,0.022153,2.2153,Moderate,3,0.0,0
407031161,Karoonda - Lameroo,Murray and Mallee,South Australia - South East,SA Water,0,5.0,+5%,Low,High,4,Low,High,70641.0,1367.46,0.019358,1.9358,Low,4,0.0,0
407031162,Loxton,Murray and Mallee,South Australia - South East,SA Water,0,5.0,+5%,Low,High,4,Low,High,71770.0,1367.46,0.019053,1.9053,Low,4,0.0,0
407031163,Loxton Surrounds,Murray and Mallee,South Australia - South East,SA Water,0,5.0,+5%,Low,Moderate,4,Low,Moderate,77236.0,1367.46,0.017705,1.7705,Low,4,0.0,0
407031164,Mannum,Murray and Mallee,South Australia - South East,SA Water,0,5.0,+5%,Moderate,Critical,3,Moderate,Critical,53530.0,1367.46,0.025546,2.5546,Moderate,3,0.0,0
407031165,Murray Bridge,Murray and Mallee,South Australia - South East,SA Water,0,5.0,+5%,Moderate,High,3,Moderate,High,63987.0,1367.46,0.021371,2.1371,Moderate,3,0.0,0
407031166,Murray Bridge Surrounds,Murray and Mallee,South Australia - South East,SA Water,0,5.0,+5%,Low,Moderate,4,Low,Moderate,76879.0,1367.46,0.017787,1.7787,Low,4,0.0,0
407031167,Renmark,Murray and Mallee,South Australia - South East,SA Water,0,5.0,+5%,Moderate,Critical,3,Moderate,Critical,60422.0,1367.46,0.022632,2.2632,Moderate,3,0.0,0
407031168,Renmark Surrounds,Murray and Mallee,South Australia - South East,SA Water,0,5.0,+5%,Low,Moderate,4,Low,Moderate,86682.0,1367.46,0.015776,1.5776,Low,4,0.0,0
407031169,The Coorong,Murray and Mallee,South Australia - South East,SA Water,0,5.0,+5%,Moderate,High,3,Moderate,High,64462.0,1367.46,0.021213,2.1213,Moderate,3,0.0,0
407031170,Waikerie,Murray and Mallee,South Australia - South East,SA Water,0,5.0,+5%,Moderate,Critical,3,Moderate,Critical,61016.0,1367.46,0.022411,2.2411,Moderate,3,0.0,0
497979799,Migratory - Offshore - Shipping (SA),Migratory - Offshore - Shipping (SA),Migratory - Offshore - Shipping (SA),SA Water,0,5.0,+5%,Unknown,Unknown,5,Unknown,Unknown,,1367.46,,,Unknown,5,,0
499999499,No usual address (SA),No usual address (SA),No usual address (SA),SA Water,0,5.0,+5%,Unknown,Unknown,5,Unknown,Unknown,,1367.46,,,Unknown,5,,0
401011001,Adelaide,Adelaide City,Adelaide - Central and Hills,SA Water,1,10.0,+10%,Low,Moderate,4,Low,Moderate,81098.0,1207.49,0.014889,1.4889,Low,4,0.0,0
401011002,North Adelaide,Adelaide City,Adelaide - Central and Hills,SA Water,1,10.0,+10%,Low,Low,4,Low,Low,110923.0,1207.49,0.010886,1.0886,Low,4,0.0,0
401021003,Adelaide Hills,Adelaide Hills,Adelaide - Central and Hills,SA Water,1,10.0,+10%,Low,Low,4,Low,Low,113180.0,1207.49,0.010669,1.0669,Low,4,0.0,0
401021004,Aldgate - Stirling,Adelaide Hills,Adelaide - Central and Hills,SA Water,1,10.0,+10%,Low,Low,4,Low,Low,136470.0,1207.49,0.008848,0.8848,Low,4,0.0,0
401021005,Hahndorf - Echunga,Adelaide Hills,Adelaide - Central and Hills,SA Water,1,10.0,+10%,Low,Low,4,Low,Low,114428.0,1207.49,0.010552,1.0552,Low,4,0.0,0
401021006,Lobethal - Woodside,Adelaide Hills,Adelaide - Central and Hills,SA Water,1,10.0,+10%,Low,Moderate,4,Low,Moderate,100466.0,1207.49,0.012019,1.2019,Low,4,0.0,0
401021007,Mount Barker,Adelaide Hills,Adelaide - Central and Hills,SA Water,1,10.0,+10%,Low,Moderate,4,Low,Moderate,100882.0,1207.49,0.011969,1.1969,Low,4,0.0,0
401021008,Mount Barker Surrounds,Adelaide Hills,Adelaide - Central and Hills,SA Water,1,10.0,+10%,Low,Low,4,Low,Low,105991.0,1207.49,0.011392,1.1392,Low,4,0.0,0
401021009,Nairne,Adelaide Hills,Adelaide - Central and Hills,SA Water,1,10.0,+10%,Low,Low,4,Low,Low,105516.0,1207.49,0.011444,1.1444,Low,4,0.0,0
401021010,Uraidla - Summertown,Adelaide Hills,Adelaide - Central and Hills,SA Water,1,10.0,+10%,Low,Low,4,Low,Low,129578.0,1207.49,0.009319,0.9319,Low,4,0.0,0
401031011,Burnside - Wattle Park,Burnside,Adelaide - Central and Hills,SA Water,1,10.0,+10%,Low,Low,4,Low,Low,123934.0,1207.49,0.009743,0.9743,Low,4,0.0,0
401031012,Beaumont - Glen Osmond,Burnside,Adelaide - Central and Hills,SA Water,1,10.0,+10%,Low,Low,4,Low,Low,138193.0,1207.49,0.008738,0.8738,Low,4,0.0,0
401031013,Toorak Gardens,Burnside,Adelaide - Central and Hills,SA Water,1,10.0,+10%,Low,Low,4,Low,Low,114606.0,1207.49,0.010536,1.0536,Low,4,0.0,0
401041014,Athelstone,Campbelltown (SA),Adelaide - Central and Hills,SA Water,1,10.0,+10%,Low,Low,4,Low,Low,115319.0,1207.49,0.010471,1.0471,Low,4,0.0,0
401041015,Paradise - Newton,Campbelltown (SA),Adelaide - Central and Hills,SA Water,1,10.0,+10%,Low,Moderate,4,Low,Moderate,84781.0,1207.49,0.014242,1.4242,Low,4,0.0,0
401041016,Rostrevor - Magill,Campbelltown (SA),Adelaide - Central and Hills,SA Water,1,10.0,+10%,Low,Moderate,4,Low,Moderate,97674.0,1207.49,0.012362,1.2362,Low,4,0.0,0
401051017,Norwood (SA),Norwood - Payneham - St Peters,Adelaide - Central and Hills,SA Water,1,10.0,+10%,Low,Moderate,4,Low,Moderate,98208.0,1207.49,0.012295,1.2295,Low,4,0.0,0
401051018,Payneham - Felixstow,Norwood - Payneham - St Peters,Adelaide - Central and Hills,SA Water,1,10.0,+10%,Low,Moderate,4,Low,Moderate,87692.0,1207.49,0.01377,1.377,Low,4,0.0,0
401051019,St Peters - Marden,Norwood - Payneham - St Peters,Adelaide - Central and Hills,SA Water,1,10.0,+10%,Low,Low,4,Low,Low,111636.0,1207.49,0.010816,1.0816,Low,4,0.0,0
401061020,Nailsworth - Broadview,Prospect - Walkerville,Adelaide - Central and Hills,SA Water,1,10.0,+10%,Low,Low,4,Low,Low,116864.0,1207.49,0.010332,1.0332,Low,4,0.0,0
401061021,Prospect,Prospect - Walkerville,Adelaide - Central and Hills,SA Water,1,10.0,+10%,Low,Low,4,Low,Low,119953.0,1207.49,0.010066,1.0066,Low,4,0.0,0
401061022,Walkerville,Prospect - Walkerville,Adelaide - Central and Hills,SA Water,1,10.0,+10%,Low,Low,4,Low,Low,121914.0,1207.49,0.009904,0.9904,Low,4,0.0,0
401071023,Goodwood - Millswood,Unley,Adelaide - Central and Hills,SA Water,1,10.0,+10%,Low,Low,4,Low,Low,118884.0,1207.49,0.010157,1.0157,Low,4,0.0,0
401071024,Unley - Parkside,Unley,Adelaide - Central and Hills,SA Water,1,10.0,+10%,Low,Low,4,Low,Low,118706.0,1207.49,0.010172,1.0172,Low,4,0.0,0
402011025,Gawler - North,Gawler - Two Wells,Adelaide - North,SA Water,1,10.0,+10%,Low,Low,4,Low,Low,105160.0,1207.49,0.011482,1.1482,Low,4,0.0,0
402011026,Gawler - South,Gawler - Two Wells,Adelaide - North,SA Water,1,10.0,+10%,Low,Moderate,4,Low,Moderate,79375.0,1207.49,0.015212,1.5212,Low,4,0.0,0
402011027,Lewiston - Two Wells,Gawler - Two Wells,Adelaide - North,SA Water,1,10.0,+10%,Low,Low,4,Low,Low,113358.0,1207.49,0.010652,1.0652,Low,4,0.0,0
402021028,Craigmore - Blakeview,Playford,Adelaide - North,SA Water,1,10.0,+10%,Low,Moderate,4,Low,Moderate,95060.0,1207.49,0.012702,1.2702,Low,4,0.0,0
402021029,Davoren Park,Playford,Adelaide - North,SA Water,1,10.0,+10%,Low,Moderate,4,Low,Moderate,68978.0,1207.49,0.017505,1.7505,Low,4,0.0,0
402021030,Elizabeth,Playford,Adelaide - North,SA Water,1,10.0,+10%,Moderate,Critical,3,Moderate,Critical,49134.0,1207.49,0.024575,2.4575,Moderate,3,0.0,0
402021031,Elizabeth East,Playford,Adelaide - North,SA Water,1,10.0,+10%,Low,Moderate,4,Low,Moderate,70582.0,1207.49,0.017108,1.7108,Low,4,0.0,0
402021032,Munno Para West - Angle Vale,Playford,Adelaide - North,SA Water,1,10.0,+10%,Low,Moderate,4,Low,Moderate,98208.0,1207.49,0.012295,1.2295,Low,4,0.0,0
402021033,One Tree Hill,Playford,Adelaide - North,SA Water,1,10.0,+10%,Low,Low,4,Low,Low,135282.0,1207.49,0.008926,0.8926,Low,4,0.0,0
402021034,Smithfield - Elizabeth North,Playford,Adelaide - North,SA Water,1,10.0,+10%,Moderate,High,3,Moderate,High,55788.0,1207.49,0.021644,2.1644,Moderate,3,0.0,0
402021035,Virginia - Waterloo Corner,Playford,Adelaide - North,SA Water,1,10.0,+10%,Low,Moderate,4,Low,Moderate,82405.0,1207.49,0.014653,1.4653,Low,4,0.0,0
402031036,Enfield - Blair Athol,Port Adelaide - East,Adelaide - North,SA Water,1,10.0,+10%,Low,Moderate,4,Low,Moderate,84841.0,1207.49,0.014232,1.4232,Low,4,0.0,0
402031038,Windsor Gardens,Port Adelaide - East,Adelaide - North,SA Water,1,10.0,+10%,Low,Moderate,4,Low,Moderate,94762.0,1207.49,0.012742,1.2742,Low,4,0.0,0
402031175,Northgate - Northfield,Port Adelaide - East,Adelaide - North,SA Water,1,10.0,+10%,Low,Low,4,Low,Low,104506.0,1207.49,0.011554,1.1554,Low,4,0.0,0
402031176,Valley View - Gilles Plains,Port Adelaide - East,Adelaide - North,SA Water,1,10.0,+10%,Low,Moderate,4,Low,Moderate,87277.0,1207.49,0.013835,1.3835,Low,4,0.0,0
402041039,Dry Creek - North,Salisbury,Adelaide - North,SA Water,1,10.0,+10%,Unknown,Unknown,5,Unknown,Unknown,,1207.49,,,Unknown,5,,0
402041040,Ingle Farm,Salisbury,Adelaide - North,SA Water,1,10.0,+10%,Low,Moderate,4,Low,Moderate,79850.0,1207.49,0.015122,1.5122,Low,4,0.0,0
402041041,Para Hills,Salisbury,Adelaide - North,SA Water,1,10.0,+10%,Low,Moderate,4,Low,Moderate,85791.0,1207.49,0.014075,1.4075,Low,4,0.0,0
402041042,Parafield,Salisbury,Adelaide - North,SA Water,1,10.0,+10%,Unknown,Unknown,5,Unknown,Unknown,,1207.49,,,Unknown,5,,0
402041043,Parafield Gardens,Salisbury,Adelaide - North,SA Water,1,10.0,+10%,Low,Moderate,4,Low,Moderate,82226.0,1207.49,0.014685,1.4685,Low,4,0.0,0
402041044,Paralowie,Salisbury,Adelaide - North,SA Water,1,10.0,+10%,Low,Moderate,4,Low,Moderate,86623.0,1207.49,0.01394,1.394,Low,4,0.0,0
402041046,Salisbury,Salisbury,Adelaide - North,SA Water,1,10.0,+10%,Low,High,4,Low,High,63630.0,1207.49,0.018977,1.8977,Low,4,0.0,0
402041047,Salisbury East,Salisbury,Adelaide - North,SA Water,1,10.0,+10%,Low,Moderate,4,Low,Moderate,79553.0,1207.49,0.015178,1.5178,Low,4,0.0,0
402041048,Salisbury North,Salisbury,Adelaide - North,SA Water,1,10.0,+10%,Low,Moderate,4,Low,Moderate,74562.0,1207.49,0.016194,1.6194,Low,4,0.0,0
402041171,Mawson Lakes - Globe Derby Park,Salisbury,Adelaide - North,SA Water,1,10.0,+10%,Low,Low,4,Low,Low,113656.0,1207.49,0.010624,1.0624,Low,4,0.0,0
402041172,Pooraka - Cavan,Salisbury,Adelaide - North,SA Water,1,10.0,+10%,Low,Moderate,4,Low,Moderate,75038.0,1207.49,0.016092,1.6092,Low,4,0.0,0
402051049,Golden Grove,Tea Tree Gully,Adelaide - North,SA Water,1,10.0,+10%,Low,Moderate,4,Low,Moderate,99456.0,1207.49,0.012141,1.2141,Low,4,0.0,0
402051050,Greenwith,Tea Tree Gully,Adelaide - North,SA Water,1,10.0,+10%,Low,Low,4,Low,Low,115081.0,1207.49,0.010493,1.0493,Low,4,0.0,0
402051051,Highbury - Dernancourt,Tea Tree Gully,Adelaide - North,SA Water,1,10.0,+10%,Low,Low,4,Low,Low,114071.0,1207.49,0.010585,1.0585,Low,4,0.0,0
402051052,Hope Valley - Modbury,Tea Tree Gully,Adelaide - North,SA Water,1,10.0,+10%,Low,Moderate,4,Low,Moderate,78068.0,1207.49,0.015467,1.5467,Low,4,0.0,0
402051053,Modbury Heights,Tea Tree Gully,Adelaide - North,SA Water,1,10.0,+10%,Low,Moderate,4,Low,Moderate,98446.0,1207.49,0.012266,1.2266,Low,4,0.0,0
402051054,Redwood Park,Tea Tree Gully,Adelaide - North,SA Water,1,10.0,+10%,Low,Low,4,Low,Low,108011.0,1207.49,0.011179,1.1179,Low,4,0.0,0
402051055,St Agnes - Ridgehaven,Tea Tree Gully,Adelaide - North,SA Water,1,10.0,+10%,Low,Moderate,4,Low,Moderate,88643.0,1207.49,0.013622,1.3622,Low,4,0.0,0
403011056,Brighton (SA),Holdfast Bay,Adelaide - South,SA Water,1,10.0,+10%,Low,Moderate,4,Low,Moderate,99397.0,1207.49,0.012148,1.2148,Low,4,0.0,0
403011057,Glenelg (SA),Holdfast Bay,Adelaide - South,SA Water,1,10.0,+10%,Low,Moderate,4,Low,Moderate,92802.0,1207.49,0.013011,1.3011,Low,4,0.0,0
403021058,Edwardstown,Marion,Adelaide - South,SA Water,1,10.0,+10%,Low,Moderate,4,Low,Moderate,86267.0,1207.49,0.013997,1.3997,Low,4,0.0,0
403021059,Hallett Cove,Marion,Adelaide - South,SA Water,1,10.0,+10%,Low,Low,4,Low,Low,111457.0,1207.49,0.010834,1.0834,Low,4,0.0,0
403021060,Marino - Seaview Downs,Marion,Adelaide - South,SA Water,1,10.0,+10%,Low,Low,4,Low,Low,108190.0,1207.49,0.011161,1.1161,Low,4,0.0,0
403021061,Mitchell Park,Marion,Adelaide - South,SA Water,1,10.0,+10%,Low,Moderate,4,Low,Moderate,77652.0,1207.49,0.01555,1.555,Low,4,0.0,0
403021062,Morphettville,Marion,Adelaide - South,SA Water,1,10.0,+10%,Low,Moderate,4,Low,Moderate,92327.0,1207.49,0.013078,1.3078,Low,4,0.0,0
403021063,Sheidow Park - Trott Park,Marion,Adelaide - South,SA Water,1,10.0,+10%,Low,Low,4,Low,Low,114190.0,1207.49,0.010574,1.0574,Low,4,0.0,0
403021064,Warradale,Marion,Adelaide - South,SA Water,1,10.0,+10%,Low,Moderate,4,Low,Moderate,84425.0,1207.49,0.014303,1.4303,Low,4,0.0,0
403031065,Belair,Mitcham,Adelaide - South,SA Water,1,10.0,+10%,Low,Low,4,Low,Low,135044.0,1207.49,0.008941,0.8941,Low,4,0.0,0
403031066,Bellevue Heights,Mitcham,Adelaide - South,SA Water,1,10.0,+10%,Low,Low,4,Low,Low,104803.0,1207.49,0.011522,1.1522,Low,4,0.0,0
403031067,Blackwood,Mitcham,Adelaide - South,SA Water,1,10.0,+10%,Low,Low,4,Low,Low,125597.0,1207.49,0.009614,0.9614,Low,4,0.0,0
403031068,Colonel Light Gardens,Mitcham,Adelaide - South,SA Water,1,10.0,+10%,Low,Low,4,Low,Low,119181.0,1207.49,0.010132,1.0132,Low,4,0.0,0
403031069,Mitcham (SA),Mitcham,Adelaide - South,SA Water,1,10.0,+10%,Low,Low,4,Low,Low,130885.0,1207.49,0.009226,0.9226,Low,4,0.0,0
403031070,Panorama,Mitcham,Adelaide - South,SA Water,1,10.0,+10%,Low,Moderate,4,Low,Moderate,90188.0,1207.49,0.013389,1.3389,Low,4,0.0,0
403041071,Aberfoyle Park,Onkaparinga,Adelaide - South,SA Water,1,10.0,+10%,Low,Low,4,Low,Low,107358.0,1207.49,0.011247,1.1247,Low,4,0.0,0
403041072,Aldinga,Onkaparinga,Adelaide - South,SA Water,1,10.0,+10%,Low,Moderate,4,Low,Moderate,78246.0,1207.49,0.015432,1.5432,Low,4,0.0,0
403041073,Christie Downs,Onkaparinga,Adelaide - South,SA Water,1,10.0,+10%,Low,High,4,Low,High,59115.0,1207.49,0.020426,2.0426,Moderate,3,1.0,1
403041074,Christies Beach,Onkaparinga,Adelaide - South,SA Water,1,10.0,+10%,Low,Moderate,4,Low,Moderate,72483.0,1207.49,0.016659,1.6659,Low,4,0.0,0
403041075,Clarendon,Onkaparinga,Adelaide - South,SA Water,1,10.0,+10%,Low,Low,4,Low,Low,120013.0,1207.49,0.010061,1.0061,Low,4,0.0,0
403041076,Coromandel Valley,Onkaparinga,Adelaide - South,SA Water,1,10.0,+10%,Low,Low,4,Low,Low,132667.0,1207.49,0.009102,0.9102,Low,4,0.0,0
403041077,Flagstaff Hill,Onkaparinga,Adelaide - South,SA Water,1,10.0,+10%,Low,Low,4,Low,Low,121498.0,1207.49,0.009938,0.9938,Low,4,0.0,0
403041078,Hackham - Onkaparinga Hills,Onkaparinga,Adelaide - South,SA Water,1,10.0,+10%,Low,Moderate,4,Low,Moderate,80504.0,1207.49,0.014999,1.4999,Low,4,0.0,0
403041079,Hackham West - Huntfield Heights,Onkaparinga,Adelaide - South,SA Water,1,10.0,+10%,Low,High,4,Low,High,64165.0,1207.49,0.018819,1.8819,Low,4,0.0,0
403041080,Happy Valley,Onkaparinga,Adelaide - South,SA Water,1,10.0,+10%,Low,Moderate,4,Low,Moderate,93158.0,1207.49,0.012962,1.2962,Low,4,0.0,0
403041081,Happy Valley Reservoir,Onkaparinga,Adelaide - South,SA Water,1,10.0,+10%,Low,Moderate,4,Low,Moderate,81692.0,1207.49,0.014781,1.4781,Low,4,0.0,0
403041082,Lonsdale,Onkaparinga,Adelaide - South,SA Water,1,10.0,+10%,Moderate,Critical,3,Moderate,Critical,43074.0,1207.49,0.028033,2.8033,Moderate,3,0.0,0
403041083,McLaren Vale,Onkaparinga,Adelaide - South,SA Water,1,10.0,+10%,Low,Moderate,4,Low,Moderate,97317.0,1207.49,0.012408,1.2408,Low,4,0.0,0
403041084,Morphett Vale - East,Onkaparinga,Adelaide - South,SA Water,1,10.0,+10%,Low,Moderate,4,Low,Moderate,72958.0,1207.49,0.01655,1.655,Low,4,0.0,0
403041085,Morphett Vale - West,Onkaparinga,Adelaide - South,SA Water,1,10.0,+10%,Low,Moderate,4,Low,Moderate,69096.0,1207.49,0.017476,1.7476,Low,4,0.0,0
403041086,Reynella,Onkaparinga,Adelaide - South,SA Water,1,10.0,+10%,Low,Moderate,4,Low,Moderate,79256.0,1207.49,0.015235,1.5235,Low,4,0.0,0
403041088,Willunga,Onkaparinga,Adelaide - South,SA Water,1,10.0,+10%,Low,Low,4,Low,Low,104268.0,1207.49,0.011581,1.1581,Low,4,0.0,0
403041089,Woodcroft,Onkaparinga,Adelaide - South,SA Water,1,10.0,+10%,Low,Moderate,4,Low,Moderate,99337.0,1207.49,0.012155,1.2155,Low,4,0.0,0
403041177,Seaford - Seaford Meadows,Onkaparinga,Adelaide - South,SA Water,1,10.0,+10%,Low,Moderate,4,Low,Moderate,87098.0,1207.49,0.013864,1.3864,Low,4,0.0,0
403041178,Seaford Rise - Moana,Onkaparinga,Adelaide - South,SA Water,1,10.0,+10%,Low,Moderate,4,Low,Moderate,90366.0,1207.49,0.013362,1.3362,Low,4,0.0,0
404011090,Beverley,Charles Sturt,Adelaide - West,SA Water,1,10.0,+10%,Low,Moderate,4,Low,Moderate,100704.0,1207.49,0.01199,1.199,Low,4,0.0,0
404011091,Flinders Park,Charles Sturt,Adelaide - West,SA Water,1,10.0,+10%,Low,Moderate,4,Low,Moderate,92861.0,1207.49,0.013003,1.3003,Low,4,0.0,0
404011092,Henley Beach,Charles Sturt,Adelaide - West,SA Water,1,10.0,+10%,Low,Low,4,Low,Low,106110.0,1207.49,0.01138,1.138,Low,4,0.0,0
404011093,Hindmarsh - Brompton,Charles Sturt,Adelaide - West,SA Water,1,10.0,+10%,Low,Moderate,4,Low,Moderate,96901.0,1207.49,0.012461,1.2461,Low,4,0.0,0
404011094,Royal Park - Hendon - Albert Park,Charles Sturt,Adelaide - West,SA Water,1,10.0,+10%,Low,Moderate,4,Low,Moderate,84781.0,1207.49,0.014242,1.4242,Low,4,0.0,0
404011095,Seaton - Grange,Charles Sturt,Adelaide - West,SA Water,1,10.0,+10%,Low,Moderate,4,Low,Moderate,84662.0,1207.49,0.014262,1.4262,Low,4,0.0,0
404011096,West Lakes,Charles Sturt,Adelaide - West,SA Water,1,10.0,+10%,Low,Moderate,4,Low,Moderate,89475.0,1207.49,0.013495,1.3495,Low,4,0.0,0
404011097,Woodville - Cheltenham,Charles Sturt,Adelaide - West,SA Water,1,10.0,+10%,Low,Moderate,4,Low,Moderate,88584.0,1207.49,0.013631,1.3631,Low,4,0.0,0
404021098,Dry Creek - South,Port Adelaide - West,Adelaide - West,SA Water,1,10.0,+10%,Unknown,Unknown,5,Unknown,Unknown,,1207.49,,,Unknown,5,,0
404021099,Largs Bay - Semaphore,Port Adelaide - West,Adelaide - West,SA Water,1,10.0,+10%,Low,Moderate,4,Low,Moderate,94109.0,1207.49,0.012831,1.2831,Low,4,0.0,0
404021100,North Haven,Port Adelaide - West,Adelaide - West,SA Water,1,10.0,+10%,Low,Moderate,4,Low,Moderate,84009.0,1207.49,0.014373,1.4373,Low,4,0.0,0
404021101,Port Adelaide,Port Adelaide - West,Adelaide - West,SA Water,1,10.0,+10%,Low,Moderate,4,Low,Moderate,74087.0,1207.49,0.016298,1.6298,Low,4,0.0,0
404021102,The Parks,Port Adelaide - West,Adelaide - West,SA Water,1,10.0,+10%,Low,Moderate,4,Low,Moderate,77058.0,1207.49,0.01567,1.567,Low,4,0.0,0
404021103,Torrens Island,Port Adelaide - West,Adelaide - West,SA Water,1,10.0,+10%,Moderate,Critical,3,Moderate,Critical,44500.0,1207.49,0.027135,2.7135,Moderate,3,0.0,0
404031104,Adelaide Airport,West Torrens,Adelaide - West,SA Water,1,10.0,+10%,Unknown,Unknown,5,Unknown,Unknown,,1207.49,,,Unknown,5,,0
404031105,Fulham,West Torrens,Adelaide - West,SA Water,1,10.0,+10%,Low,Low,4,Low,Low,104150.0,1207.49,0.011594,1.1594,Low,4,0.0,0
404031106,Lockleys,West Torrens,Adelaide - West,SA Water,1,10.0,+10%,Low,Moderate,4,Low,Moderate,97139.0,1207.49,0.012431,1.2431,Low,4,0.0,0
404031107,Plympton,West Torrens,Adelaide - West,SA Water,1,10.0,+10%,Low,Moderate,4,Low,Moderate,92148.0,1207.49,0.013104,1.3104,Low,4,0.0,0
404031108,Richmond (SA),West Torrens,Adelaide - West,SA Water,1,10.0,+10%,Low,Moderate,4,Low,Moderate,92386.0,1207.49,0.01307,1.307,Low,4,0.0,0
404031109,West Beach,West Torrens,Adelaide - West,SA Water,1,10.0,+10%,Low,Low,4,Low,Low,103734.0,1207.49,0.01164,1.164,Low,4,0.0,0
405011110,Barossa - Angaston,Barossa,Barossa - Yorke - Mid North,SA Water,0,10.0,+10%,Low,Moderate,4,Low,Moderate,85613.0,1391.09,0.016249,1.6249,Low,4,0.0,0
405011111,Light,Barossa,Barossa - Yorke - Mid North,SA Water,0,10.0,+10%,Low,Moderate,4,Low,Moderate,91732.0,1391.09,0.015165,1.5165,Low,4,0.0,0
405011112,Lyndoch,Barossa,Barossa - Yorke - Mid North,SA Water,0,10.0,+10%,Low,Moderate,4,Low,Moderate,108546.0,1391.09,0.012816,1.2816,Low,4,0.0,0
405011113,Mallala,Barossa,Barossa - Yorke - Mid North,SA Water,0,10.0,+10%,Low,Moderate,4,Low,Moderate,81335.0,1391.09,0.017103,1.7103,Low,4,0.0,0
405011114,Nuriootpa,Barossa,Barossa - Yorke - Mid North,SA Water,0,10.0,+10%,Low,Moderate,4,Low,Moderate,78781.0,1391.09,0.017658,1.7658,Low,4,0.0,0
405011115,Tanunda,Barossa,Barossa - Yorke - Mid North,SA Water,0,10.0,+10%,Low,Moderate,4,Low,Moderate,85910.0,1391.09,0.016192,1.6192,Low,4,0.0,0
405021116,Clare,Lower North,Barossa - Yorke - Mid North,SA Water,0,10.0,+10%,Low,Moderate,4,Low,Moderate,81276.0,1391.09,0.017116,1.7116,Low,4,0.0,0
405021117,Gilbert Valley,Lower North,Barossa - Yorke - Mid North,SA Water,0,10.0,+10%,Low,High,4,Low,High,74681.0,1391.09,0.018627,1.8627,Low,4,0.0,0
405021118,Goyder,Lower North,Barossa - Yorke - Mid North,SA Water,0,10.0,+10%,Moderate,Critical,3,Moderate,Critical,54481.0,1391.09,0.025533,2.5533,Moderate,3,0.0,0
405021119,Wakefield - Barunga West,Lower North,Barossa - Yorke - Mid North,SA Water,0,10.0,+10%,Moderate,High,3,Moderate,High,64878.0,1391.09,0.021442,2.1442,Moderate,3,0.0,0
405031120,Jamestown,Mid North,Barossa - Yorke - Mid North,SA Water,0,10.0,+10%,Low,High,4,Low,High,68027.0,1391.09,0.020449,2.0449,Moderate,3,1.0,1
405031121,Peterborough - Mount Remarkable,Mid North,Barossa - Yorke - Mid North,SA Water,0,10.0,+10%,Moderate,Critical,3,Moderate,Critical,55313.0,1391.09,0.025149,2.5149,Moderate,3,0.0,0
405031122,Port Pirie,Mid North,Barossa - Yorke - Mid North,SA Water,0,10.0,+10%,Moderate,Critical,3,Moderate,Critical,62026.0,1391.09,0.022428,2.2428,Moderate,3,0.0,0
405031123,Port Pirie Surrounds,Mid North,Barossa - Yorke - Mid North,SA Water,0,10.0,+10%,Low,High,4,Low,High,68027.0,1391.09,0.020449,2.0449,Moderate,3,1.0,1
405041124,Kadina,Yorke Peninsula,Barossa - Yorke - Mid North,SA Water,0,10.0,+10%,Low,High,4,Low,High,68621.0,1391.09,0.020272,2.0272,Moderate,3,1.0,1
405041125,Moonta,Yorke Peninsula,Barossa - Yorke - Mid North,SA Water,0,10.0,+10%,Moderate,Critical,3,Moderate,Critical,57333.0,1391.09,0.024263,2.4263,Moderate,3,0.0,0
405041126,Wallaroo,Yorke Peninsula,Barossa - Yorke - Mid North,SA Water,0,10.0,+10%,Moderate,Critical,3,Moderate,Critical,54422.0,1391.09,0.025561,2.5561,Moderate,3,0.0,0
405041127,Yorke Peninsula - North,Yorke Peninsula,Barossa - Yorke - Mid North,SA Water,0,10.0,+10%,Moderate,Critical,3,Moderate,Critical,59590.0,1391.09,0.023344,2.3344,Moderate,3,0.0,0
405041128,Yorke Peninsula - South,Yorke Peninsula,Barossa - Yorke - Mid North,SA Water,0,10.0,+10%,Moderate,Critical,3,Moderate,Critical,52936.0,1391.09,0.026279,2.6279,Moderate,3,0.0,0
406011129,Ceduna,Eyre Peninsula and South West,South Australia - Outback,SA Water,0,10.0,+10%,Low,Moderate,4,Low,Moderate,83534.0,1391.09,0.016653,1.6653,Low,4,0.0,0
406011130,Eyre Peninsula,Eyre Peninsula and South West,South Australia - Outback,SA Water,0,10.0,+10%,Low,Moderate,4,Low,Moderate,77711.0,1391.09,0.017901,1.7901,Low,4,0.0,0
406011131,Kimba - Cleve - Franklin Harbour,Eyre Peninsula and South West,South Australia - Outback,SA Water,0,10.0,+10%,Low,High,4,Low,High,69869.0,1391.09,0.01991,1.991,Low,4,0.0,0
406011132,Le Hunte - Elliston,Eyre Peninsula and South West,South Australia - Outback,SA Water,0,10.0,+10%,Low,High,4,Low,High,73374.0,1391.09,0.018959,1.8959,Low,4,0.0,0
406011133,Port Lincoln,Eyre Peninsula and South West,South Australia - Outback,SA Water,0,10.0,+10%,Low,Moderate,4,Low,Moderate,77295.0,1391.09,0.017997,1.7997,Low,4,0.0,0
406011134,West Coast (SA),Eyre Peninsula and South West,South Australia - Outback,SA Water,0,10.0,+10%,Low,High,4,Low,High,68205.0,1391.09,0.020396,2.0396,Moderate,3,1.0,1
406011135,Western,Eyre Peninsula and South West,South Australia - Outback,SA Water,0,10.0,+10%,Low,Moderate,4,Low,Moderate,77949.0,1391.09,0.017846,1.7846,Low,4,0.0,0
406011136,Whyalla,Eyre Peninsula and South West,South Australia - Outback,SA Water,0,10.0,+10%,Low,High,4,Low,High,70582.0,1391.09,0.019709,1.9709,Low,4,0.0,0
406011137,Whyalla - North,Eyre Peninsula and South West,South Australia - Outback,SA Water,0,10.0,+10%,Unknown,Unknown,5,Unknown,Unknown,,1391.09,,,Unknown,5,,0
406021138,APY Lands,Outback - North and East,South Australia - Outback,SA Water,0,10.0,+10%,Low,High,4,Low,High,75216.0,1391.09,0.018495,1.8495,Low,4,0.0,0
406021139,Coober Pedy,Outback - North and East,South Australia - Outback,Council,0,10.0,+10%,Unknown,Unknown,5,Unknown,Unknown,45391.0,,,,Unknown,5,,0
406021140,Quorn - Lake Gilles,Outback - North and East,South Australia - Outback,SA Water,0,10.0,+10%,Moderate,High,3,Moderate,High,62205.0,1391.09,0.022363,2.2363,Moderate,3,0.0,0
406021141,Outback,Outback - North and East,South Australia - Outback,SA Water,0,10.0,+10%,Low,High,4,Low,High,72126.0,1391.09,0.019287,1.9287,Low,4,0.0,0
406021142,Port Augusta,Outback - North and East,South Australia - Outback,SA Water,0,10.0,+10%,Low,Moderate,4,Low,Moderate,75869.0,1391.09,0.018335,1.8335,Low,4,0.0,0
406021143,Roxby Downs,Outback - North and East,South Australia - Outback,SA Water,0,10.0,+10%,Low,Low,4,Low,Low,186554.0,1391.09,0.007457,0.7457,Low,4,0.0,0
407011144,Goolwa - Port Elliot,Fleurieu - Kangaroo Island,South Australia - South East,SA Water,0,10.0,+10%,Moderate,Critical,3,Moderate,Critical,57630.0,1391.09,0.024138,2.4138,Moderate,3,0.0,0
407011145,Kangaroo Island,Fleurieu - Kangaroo Island,South Australia - South East,SA Water,0,10.0,+10%,Moderate,High,3,Moderate,High,67017.0,1391.09,0.020757,2.0757,Moderate,3,0.0,0
407011146,Strathalbyn,Fleurieu - Kangaroo Island,South Australia - South East,SA Water,0,10.0,+10%,Low,Moderate,4,Low,Moderate,75869.0,1391.09,0.018335,1.8335,Low,4,0.0,0
407011147,Strathalbyn Surrounds,Fleurieu - Kangaroo Island,South Australia - South East,SA Water,0,10.0,+10%,Low,Moderate,4,Low,Moderate,87871.0,1391.09,0.015831,1.5831,Low,4,0.0,0
407011148,Victor Harbor,Fleurieu - Kangaroo Island,South Australia - South East,SA Water,0,10.0,+10%,Moderate,Critical,3,Moderate,Critical,58046.0,1391.09,0.023965,2.3965,Moderate,3,0.0,0
407011149,Yankalilla,Fleurieu - Kangaroo Island,South Australia - South East,SA Water,0,10.0,+10%,Moderate,High,3,Moderate,High,64284.0,1391.09,0.02164,2.164,Moderate,3,0.0,0
407021150,Grant,Limestone Coast,South Australia - South East,SA Water,0,10.0,+10%,Low,Moderate,4,Low,Moderate,93990.0,1391.09,0.0148,1.48,Low,4,0.0,0
407021151,Kingston - Robe,Limestone Coast,South Australia - South East,SA Water,0,10.0,+10%,Low,High,4,Low,High,71295.0,1391.09,0.019512,1.9512,Low,4,0.0,0
407021152,Millicent,Limestone Coast,South Australia - South East,SA Water,0,10.0,+10%,Moderate,Critical,3,Moderate,Critical,58699.0,1391.09,0.023699,2.3699,Moderate,3,0.0,0
407021154,Naracoorte,Limestone Coast,South Australia - South East,SA Water,0,10.0,+10%,Low,Moderate,4,Low,Moderate,81811.0,1391.09,0.017004,1.7004,Low,4,0.0,0
407021155,Naracoorte Surrounds,Limestone Coast,South Australia - South East,SA Water,0,10.0,+10%,Low,Moderate,4,Low,Moderate,96961.0,1391.09,0.014347,1.4347,Low,4,0.0,0
407021156,Penola,Limestone Coast,South Australia - South East,SA Water,0,10.0,+10%,Low,Moderate,4,Low,Moderate,78068.0,1391.09,0.017819,1.7819,Low,4,0.0,0
407021157,Tatiara,Limestone Coast,South Australia - South East,SA Water,0,10.0,+10%,Low,Moderate,4,Low,Moderate,87336.0,1391.09,0.015928,1.5928,Low,4,0.0,0
407021158,Wattle Range,Limestone Coast,South Australia - South East,SA Water,0,10.0,+10%,Low,Moderate,4,Low,Moderate,80266.0,1391.09,0.017331,1.7331,Low,4,0.0,0
407021173,Mount Gambier - East,Limestone Coast,South Australia - South East,SA Water,0,10.0,+10%,Low,Moderate,4,Low,Moderate,80088.0,1391.09,0.01737,1.737,Low,4,0.0,0
407021174,Mount Gambier - West,Limestone Coast,South Australia - South East,SA Water,0,10.0,+10%,Low,High,4,Low,High,71889.0,1391.09,0.019351,1.9351,Low,4,0.0,0
407031159,Barmera,Murray and Mallee,South Australia - South East,SA Water,0,10.0,+10%,Low,High,4,Low,High,73968.0,1391.09,0.018807,1.8807,Low,4,0.0,0
407031160,Berri,Murray and Mallee,South Australia - South East,SA Water,0,10.0,+10%,Moderate,Critical,3,Moderate,Critical,61729.0,1391.09,0.022535,2.2535,Moderate,3,0.0,0
407031161,Karoonda - Lameroo,Murray and Mallee,South Australia - South East,SA Water,0,10.0,+10%,Low,High,4,Low,High,70641.0,1391.09,0.019692,1.9692,Low,4,0.0,0
407031162,Loxton,Murray and Mallee,South Australia - South East,SA Water,0,10.0,+10%,Low,High,4,Low,High,71770.0,1391.09,0.019383,1.9383,Low,4,0.0,0
407031163,Loxton Surrounds,Murray and Mallee,South Australia - South East,SA Water,0,10.0,+10%,Low,Moderate,4,Low,Moderate,77236.0,1391.09,0.018011,1.8011,Low,4,0.0,0
407031164,Mannum,Murray and Mallee,South Australia - South East,SA Water,0,10.0,+10%,Moderate,Critical,3,Moderate,Critical,53530.0,1391.09,0.025987,2.5987,Moderate,3,0.0,0
407031165,Murray Bridge,Murray and Mallee,South Australia - South East,SA Water,0,10.0,+10%,Moderate,High,3,Moderate,High,63987.0,1391.09,0.02174,2.174,Moderate,3,0.0,0
407031166,Murray Bridge Surrounds,Murray and Mallee,South Australia - South East,SA Water,0,10.0,+10%,Low,Moderate,4,Low,Moderate,76879.0,1391.09,0.018095,1.8095,Low,4,0.0,0
407031167,Renmark,Murray and Mallee,South Australia - South East,SA Water,0,10.0,+10%,Moderate,Critical,3,Moderate,Critical,60422.0,1391.09,0.023023,2.3023,Moderate,3,0.0,0
407031168,Renmark Surrounds,Murray and Mallee,South Australia - South East,SA Water,0,10.0,+10%,Low,Moderate,4,Low,Moderate,86682.0,1391.09,0.016048,1.6048,Low,4,0.0,0
407031169,The Coorong,Murray and Mallee,South Australia - South East,SA Water,0,10.0,+10%,Moderate,High,3,Moderate,High,64462.0,1391.09,0.02158,2.158,Moderate,3,0.0,0
407031170,Waikerie,Murray and Mallee,South Australia - South East,SA Water,0,10.0,+10%,Moderate,Critical,3,Moderate,Critical,61016.0,1391.09,0.022799,2.2799,Moderate,3,0.0,0
497979799,Migratory - Offshore - Shipping (SA),Migratory - Offshore - Shipping (SA),Migratory - Offshore - Shipping (SA),SA Water,0,10.0,+10%,Unknown,Unknown,5,Unknown,Unknown,,1391.09,,,Unknown,5,,0
499999499,No usual address (SA),No usual address (SA),No usual address (SA),SA Water,0,10.0,+10%,Unknown,Unknown,5,Unknown,Unknown,,1391.09,,,Unknown,5,,0
401011001,Adelaide,Adelaide City,Adelaide - Central and Hills,SA Water,1,15.0,+15%,Low,Moderate,4,Low,Moderate,81098.0,1231.12,0.015181,1.5181,Low,4,0.0,0
401011002,North Adelaide,Adelaide City,Adelaide - Central and Hills,SA Water,1,15.0,+15%,Low,Low,4,Low,Low,110923.0,1231.12,0.011099,1.1099,Low,4,0.0,0
401021003,Adelaide Hills,Adelaide Hills,Adelaide - Central and Hills,SA Water,1,15.0,+15%,Low,Low,4,Low,Low,113180.0,1231.12,0.010878,1.0878,Low,4,0.0,0
401021004,Aldgate - Stirling,Adelaide Hills,Adelaide - Central and Hills,SA Water,1,15.0,+15%,Low,Low,4,Low,Low,136470.0,1231.12,0.009021,0.9021,Low,4,0.0,0
401021005,Hahndorf - Echunga,Adelaide Hills,Adelaide - Central and Hills,SA Water,1,15.0,+15%,Low,Low,4,Low,Low,114428.0,1231.12,0.010759,1.0759,Low,4,0.0,0
401021006,Lobethal - Woodside,Adelaide Hills,Adelaide - Central and Hills,SA Water,1,15.0,+15%,Low,Moderate,4,Low,Moderate,100466.0,1231.12,0.012254,1.2254,Low,4,0.0,0
401021007,Mount Barker,Adelaide Hills,Adelaide - Central and Hills,SA Water,1,15.0,+15%,Low,Moderate,4,Low,Moderate,100882.0,1231.12,0.012204,1.2204,Low,4,0.0,0
401021008,Mount Barker Surrounds,Adelaide Hills,Adelaide - Central and Hills,SA Water,1,15.0,+15%,Low,Low,4,Low,Low,105991.0,1231.12,0.011615,1.1615,Low,4,0.0,0
401021009,Nairne,Adelaide Hills,Adelaide - Central and Hills,SA Water,1,15.0,+15%,Low,Low,4,Low,Low,105516.0,1231.12,0.011668,1.1668,Low,4,0.0,0
401021010,Uraidla - Summertown,Adelaide Hills,Adelaide - Central and Hills,SA Water,1,15.0,+15%,Low,Low,4,Low,Low,129578.0,1231.12,0.009501,0.9501,Low,4,0.0,0
401031011,Burnside - Wattle Park,Burnside,Adelaide - Central and Hills,SA Water,1,15.0,+15%,Low,Low,4,Low,Low,123934.0,1231.12,0.009934,0.9934,Low,4,0.0,0
401031012,Beaumont - Glen Osmond,Burnside,Adelaide - Central and Hills,SA Water,1,15.0,+15%,Low,Low,4,Low,Low,138193.0,1231.12,0.008909,0.8909,Low,4,0.0,0
401031013,Toorak Gardens,Burnside,Adelaide - Central and Hills,SA Water,1,15.0,+15%,Low,Low,4,Low,Low,114606.0,1231.12,0.010742,1.0742,Low,4,0.0,0
401041014,Athelstone,Campbelltown (SA),Adelaide - Central and Hills,SA Water,1,15.0,+15%,Low,Low,4,Low,Low,115319.0,1231.12,0.010676,1.0676,Low,4,0.0,0
401041015,Paradise - Newton,Campbelltown (SA),Adelaide - Central and Hills,SA Water,1,15.0,+15%,Low,Moderate,4,Low,Moderate,84781.0,1231.12,0.014521,1.4521,Low,4,0.0,0
401041016,Rostrevor - Magill,Campbelltown (SA),Adelaide - Central and Hills,SA Water,1,15.0,+15%,Low,Moderate,4,Low,Moderate,97674.0,1231.12,0.012604,1.2604,Low,4,0.0,0
401051017,Norwood (SA),Norwood - Payneham - St Peters,Adelaide - Central and Hills,SA Water,1,15.0,+15%,Low,Moderate,4,Low,Moderate,98208.0,1231.12,0.012536,1.2536,Low,4,0.0,0
401051018,Payneham - Felixstow,Norwood - Payneham - St Peters,Adelaide - Central and Hills,SA Water,1,15.0,+15%,Low,Moderate,4,Low,Moderate,87692.0,1231.12,0.014039,1.4039,Low,4,0.0,0
401051019,St Peters - Marden,Norwood - Payneham - St Peters,Adelaide - Central and Hills,SA Water,1,15.0,+15%,Low,Low,4,Low,Low,111636.0,1231.12,0.011028,1.1028,Low,4,0.0,0
401061020,Nailsworth - Broadview,Prospect - Walkerville,Adelaide - Central and Hills,SA Water,1,15.0,+15%,Low,Low,4,Low,Low,116864.0,1231.12,0.010535,1.0535,Low,4,0.0,0
401061021,Prospect,Prospect - Walkerville,Adelaide - Central and Hills,SA Water,1,15.0,+15%,Low,Low,4,Low,Low,119953.0,1231.12,0.010263,1.0263,Low,4,0.0,0
401061022,Walkerville,Prospect - Walkerville,Adelaide - Central and Hills,SA Water,1,15.0,+15%,Low,Low,4,Low,Low,121914.0,1231.12,0.010098,1.0098,Low,4,0.0,0
401071023,Goodwood - Millswood,Unley,Adelaide - Central and Hills,SA Water,1,15.0,+15%,Low,Low,4,Low,Low,118884.0,1231.12,0.010356,1.0356,Low,4,0.0,0
401071024,Unley - Parkside,Unley,Adelaide - Central and Hills,SA Water,1,15.0,+15%,Low,Low,4,Low,Low,118706.0,1231.12,0.010371,1.0371,Low,4,0.0,0
402011025,Gawler - North,Gawler - Two Wells,Adelaide - North,SA Water,1,15.0,+15%,Low,Low,4,Low,Low,105160.0,1231.12,0.011707,1.1707,Low,4,0.0,0
402011026,Gawler - South,Gawler - Two Wells,Adelaide - North,SA Water,1,15.0,+15%,Low,Moderate,4,Low,Moderate,79375.0,1231.12,0.01551,1.551,Low,4,0.0,0
402011027,Lewiston - Two Wells,Gawler - Two Wells,Adelaide - North,SA Water,1,15.0,+15%,Low,Low,4,Low,Low,113358.0,1231.12,0.01086,1.086,Low,4,0.0,0
402021028,Craigmore - Blakeview,Playford,Adelaide - North,SA Water,1,15.0,+15%,Low,Moderate,4,Low,Moderate,95060.0,1231.12,0.012951,1.2951,Low,4,0.0,0
402021029,Davoren Park,Playford,Adelaide - North,SA Water,1,15.0,+15%,Low,Moderate,4,Low,Moderate,68978.0,1231.12,0.017848,1.7848,Low,4,0.0,0
402021030,Elizabeth,Playford,Adelaide - North,SA Water,1,15.0,+15%,Moderate,Critical,3,Moderate,Critical,49134.0,1231.12,0.025056,2.5056,Moderate,3,0.0,0
402021031,Elizabeth East,Playford,Adelaide - North,SA Water,1,15.0,+15%,Low,Moderate,4,Low,Moderate,70582.0,1231.12,0.017442,1.7442,Low,4,0.0,0
402021032,Munno Para West - Angle Vale,Playford,Adelaide - North,SA Water,1,15.0,+15%,Low,Moderate,4,Low,Moderate,98208.0,1231.12,0.012536,1.2536,Low,4,0.0,0
402021033,One Tree Hill,Playford,Adelaide - North,SA Water,1,15.0,+15%,Low,Low,4,Low,Low,135282.0,1231.12,0.0091,0.91,Low,4,0.0,0
402021034,Smithfield - Elizabeth North,Playford,Adelaide - North,SA Water,1,15.0,+15%,Moderate,High,3,Moderate,High,55788.0,1231.12,0.022068,2.2068,Moderate,3,0.0,0
402021035,Virginia - Waterloo Corner,Playford,Adelaide - North,SA Water,1,15.0,+15%,Low,Moderate,4,Low,Moderate,82405.0,1231.12,0.01494,1.494,Low,4,0.0,0
402031036,Enfield - Blair Athol,Port Adelaide - East,Adelaide - North,SA Water,1,15.0,+15%,Low,Moderate,4,Low,Moderate,84841.0,1231.12,0.014511,1.4511,Low,4,0.0,0
402031038,Windsor Gardens,Port Adelaide - East,Adelaide - North,SA Water,1,15.0,+15%,Low,Moderate,4,Low,Moderate,94762.0,1231.12,0.012992,1.2992,Low,4,0.0,0
402031175,Northgate - Northfield,Port Adelaide - East,Adelaide - North,SA Water,1,15.0,+15%,Low,Low,4,Low,Low,104506.0,1231.12,0.01178,1.178,Low,4,0.0,0
402031176,Valley View - Gilles Plains,Port Adelaide - East,Adelaide - North,SA Water,1,15.0,+15%,Low,Moderate,4,Low,Moderate,87277.0,1231.12,0.014106,1.4106,Low,4,0.0,0
402041039,Dry Creek - North,Salisbury,Adelaide - North,SA Water,1,15.0,+15%,Unknown,Unknown,5,Unknown,Unknown,,1231.12,,,Unknown,5,,0
402041040,Ingle Farm,Salisbury,Adelaide - North,SA Water,1,15.0,+15%,Low,Moderate,4,Low,Moderate,79850.0,1231.12,0.015418,1.5418,Low,4,0.0,0
402041041,Para Hills,Salisbury,Adelaide - North,SA Water,1,15.0,+15%,Low,Moderate,4,Low,Moderate,85791.0,1231.12,0.01435,1.435,Low,4,0.0,0
402041042,Parafield,Salisbury,Adelaide - North,SA Water,1,15.0,+15%,Unknown,Unknown,5,Unknown,Unknown,,1231.12,,,Unknown,5,,0
402041043,Parafield Gardens,Salisbury,Adelaide - North,SA Water,1,15.0,+15%,Low,Moderate,4,Low,Moderate,82226.0,1231.12,0.014972,1.4972,Low,4,0.0,0
402041044,Paralowie,Salisbury,Adelaide - North,SA Water,1,15.0,+15%,Low,Moderate,4,Low,Moderate,86623.0,1231.12,0.014212,1.4212,Low,4,0.0,0
402041046,Salisbury,Salisbury,Adelaide - North,SA Water,1,15.0,+15%,Low,High,4,Low,High,63630.0,1231.12,0.019348,1.9348,Low,4,0.0,0
402041047,Salisbury East,Salisbury,Adelaide - North,SA Water,1,15.0,+15%,Low,Moderate,4,Low,Moderate,79553.0,1231.12,0.015475,1.5475,Low,4,0.0,0
402041048,Salisbury North,Salisbury,Adelaide - North,SA Water,1,15.0,+15%,Low,Moderate,4,Low,Moderate,74562.0,1231.12,0.016511,1.6511,Low,4,0.0,0
402041171,Mawson Lakes - Globe Derby Park,Salisbury,Adelaide - North,SA Water,1,15.0,+15%,Low,Low,4,Low,Low,113656.0,1231.12,0.010832,1.0832,Low,4,0.0,0
402041172,Pooraka - Cavan,Salisbury,Adelaide - North,SA Water,1,15.0,+15%,Low,Moderate,4,Low,Moderate,75038.0,1231.12,0.016407,1.6407,Low,4,0.0,0
402051049,Golden Grove,Tea Tree Gully,Adelaide - North,SA Water,1,15.0,+15%,Low,Moderate,4,Low,Moderate,99456.0,1231.12,0.012379,1.2379,Low,4,0.0,0
402051050,Greenwith,Tea Tree Gully,Adelaide - North,SA Water,1,15.0,+15%,Low,Low,4,Low,Low,115081.0,1231.12,0.010698,1.0698,Low,4,0.0,0
402051051,Highbury - Dernancourt,Tea Tree Gully,Adelaide - North,SA Water,1,15.0,+15%,Low,Low,4,Low,Low,114071.0,1231.12,0.010793,1.0793,Low,4,0.0,0
402051052,Hope Valley - Modbury,Tea Tree Gully,Adelaide - North,SA Water,1,15.0,+15%,Low,Moderate,4,Low,Moderate,78068.0,1231.12,0.01577,1.577,Low,4,0.0,0
402051053,Modbury Heights,Tea Tree Gully,Adelaide - North,SA Water,1,15.0,+15%,Low,Moderate,4,Low,Moderate,98446.0,1231.12,0.012506,1.2506,Low,4,0.0,0
402051054,Redwood Park,Tea Tree Gully,Adelaide - North,SA Water,1,15.0,+15%,Low,Low,4,Low,Low,108011.0,1231.12,0.011398,1.1398,Low,4,0.0,0
402051055,St Agnes - Ridgehaven,Tea Tree Gully,Adelaide - North,SA Water,1,15.0,+15%,Low,Moderate,4,Low,Moderate,88643.0,1231.12,0.013889,1.3889,Low,4,0.0,0
403011056,Brighton (SA),Holdfast Bay,Adelaide - South,SA Water,1,15.0,+15%,Low,Moderate,4,Low,Moderate,99397.0,1231.12,0.012386,1.2386,Low,4,0.0,0
403011057,Glenelg (SA),Holdfast Bay,Adelaide - South,SA Water,1,15.0,+15%,Low,Moderate,4,Low,Moderate,92802.0,1231.12,0.013266,1.3266,Low,4,0.0,0
403021058,Edwardstown,Marion,Adelaide - South,SA Water,1,15.0,+15%,Low,Moderate,4,Low,Moderate,86267.0,1231.12,0.014271,1.4271,Low,4,0.0,0
403021059,Hallett Cove,Marion,Adelaide - South,SA Water,1,15.0,+15%,Low,Low,4,Low,Low,111457.0,1231.12,0.011046,1.1046,Low,4,0.0,0
403021060,Marino - Seaview Downs,Marion,Adelaide - South,SA Water,1,15.0,+15%,Low,Low,4,Low,Low,108190.0,1231.12,0.011379,1.1379,Low,4,0.0,0
403021061,Mitchell Park,Marion,Adelaide - South,SA Water,1,15.0,+15%,Low,Moderate,4,Low,Moderate,77652.0,1231.12,0.015854,1.5854,Low,4,0.0,0
403021062,Morphettville,Marion,Adelaide - South,SA Water,1,15.0,+15%,Low,Moderate,4,Low,Moderate,92327.0,1231.12,0.013334,1.3334,Low,4,0.0,0
403021063,Sheidow Park - Trott Park,Marion,Adelaide - South,SA Water,1,15.0,+15%,Low,Low,4,Low,Low,114190.0,1231.12,0.010781,1.0781,Low,4,0.0,0
403021064,Warradale,Marion,Adelaide - South,SA Water,1,15.0,+15%,Low,Moderate,4,Low,Moderate,84425.0,1231.12,0.014582,1.4582,Low,4,0.0,0
403031065,Belair,Mitcham,Adelaide - South,SA Water,1,15.0,+15%,Low,Low,4,Low,Low,135044.0,1231.12,0.009116,0.9116,Low,4,0.0,0
403031066,Bellevue Heights,Mitcham,Adelaide - South,SA Water,1,15.0,+15%,Low,Low,4,Low,Low,104803.0,1231.12,0.011747,1.1747,Low,4,0.0,0
403031067,Blackwood,Mitcham,Adelaide - South,SA Water,1,15.0,+15%,Low,Low,4,Low,Low,125597.0,1231.12,0.009802,0.9802,Low,4,0.0,0
403031068,Colonel Light Gardens,Mitcham,Adelaide - South,SA Water,1,15.0,+15%,Low,Low,4,Low,Low,119181.0,1231.12,0.01033,1.033,Low,4,0.0,0
403031069,Mitcham (SA),Mitcham,Adelaide - South,SA Water,1,15.0,+15%,Low,Low,4,Low,Low,130885.0,1231.12,0.009406,0.9406,Low,4,0.0,0
403031070,Panorama,Mitcham,Adelaide - South,SA Water,1,15.0,+15%,Low,Moderate,4,Low,Moderate,90188.0,1231.12,0.013651,1.3651,Low,4,0.0,0
403041071,Aberfoyle Park,Onkaparinga,Adelaide - South,SA Water,1,15.0,+15%,Low,Low,4,Low,Low,107358.0,1231.12,0.011467,1.1467,Low,4,0.0,0
403041072,Aldinga,Onkaparinga,Adelaide - South,SA Water,1,15.0,+15%,Low,Moderate,4,Low,Moderate,78246.0,1231.12,0.015734,1.5734,Low,4,0.0,0
403041073,Christie Downs,Onkaparinga,Adelaide - South,SA Water,1,15.0,+15%,Low,High,4,Low,High,59115.0,1231.12,0.020826,2.0826,Moderate,3,1.0,1
403041074,Christies Beach,Onkaparinga,Adelaide - South,SA Water,1,15.0,+15%,Low,Moderate,4,Low,Moderate,72483.0,1231.12,0.016985,1.6985,Low,4,0.0,0
403041075,Clarendon,Onkaparinga,Adelaide - South,SA Water,1,15.0,+15%,Low,Low,4,Low,Low,120013.0,1231.12,0.010258,1.0258,Low,4,0.0,0
403041076,Coromandel Valley,Onkaparinga,Adelaide - South,SA Water,1,15.0,+15%,Low,Low,4,Low,Low,132667.0,1231.12,0.00928,0.928,Low,4,0.0,0
403041077,Flagstaff Hill,Onkaparinga,Adelaide - South,SA Water,1,15.0,+15%,Low,Low,4,Low,Low,121498.0,1231.12,0.010133,1.0133,Low,4,0.0,0
403041078,Hackham - Onkaparinga Hills,Onkaparinga,Adelaide - South,SA Water,1,15.0,+15%,Low,Moderate,4,Low,Moderate,80504.0,1231.12,0.015293,1.5293,Low,4,0.0,0
403041079,Hackham West - Huntfield Heights,Onkaparinga,Adelaide - South,SA Water,1,15.0,+15%,Low,High,4,Low,High,64165.0,1231.12,0.019187,1.9187,Low,4,0.0,0
403041080,Happy Valley,Onkaparinga,Adelaide - South,SA Water,1,15.0,+15%,Low,Moderate,4,Low,Moderate,93158.0,1231.12,0.013215,1.3215,Low,4,0.0,0
403041081,Happy Valley Reservoir,Onkaparinga,Adelaide - South,SA Water,1,15.0,+15%,Low,Moderate,4,Low,Moderate,81692.0,1231.12,0.01507,1.507,Low,4,0.0,0
403041082,Lonsdale,Onkaparinga,Adelaide - South,SA Water,1,15.0,+15%,Moderate,Critical,3,Moderate,Critical,43074.0,1231.12,0.028582,2.8582,Moderate,3,0.0,0
403041083,McLaren Vale,Onkaparinga,Adelaide - South,SA Water,1,15.0,+15%,Low,Moderate,4,Low,Moderate,97317.0,1231.12,0.012651,1.2651,Low,4,0.0,0
403041084,Morphett Vale - East,Onkaparinga,Adelaide - South,SA Water,1,15.0,+15%,Low,Moderate,4,Low,Moderate,72958.0,1231.12,0.016874,1.6874,Low,4,0.0,0
403041085,Morphett Vale - West,Onkaparinga,Adelaide - South,SA Water,1,15.0,+15%,Low,Moderate,4,Low,Moderate,69096.0,1231.12,0.017818,1.7818,Low,4,0.0,0
403041086,Reynella,Onkaparinga,Adelaide - South,SA Water,1,15.0,+15%,Low,Moderate,4,Low,Moderate,79256.0,1231.12,0.015533,1.5533,Low,4,0.0,0
403041088,Willunga,Onkaparinga,Adelaide - South,SA Water,1,15.0,+15%,Low,Low,4,Low,Low,104268.0,1231.12,0.011807,1.1807,Low,4,0.0,0
403041089,Woodcroft,Onkaparinga,Adelaide - South,SA Water,1,15.0,+15%,Low,Moderate,4,Low,Moderate,99337.0,1231.12,0.012393,1.2393,Low,4,0.0,0
403041177,Seaford - Seaford Meadows,Onkaparinga,Adelaide - South,SA Water,1,15.0,+15%,Low,Moderate,4,Low,Moderate,87098.0,1231.12,0.014135,1.4135,Low,4,0.0,0
403041178,Seaford Rise - Moana,Onkaparinga,Adelaide - South,SA Water,1,15.0,+15%,Low,Moderate,4,Low,Moderate,90366.0,1231.12,0.013624,1.3624,Low,4,0.0,0
404011090,Beverley,Charles Sturt,Adelaide - West,SA Water,1,15.0,+15%,Low,Moderate,4,Low,Moderate,100704.0,1231.12,0.012225,1.2225,Low,4,0.0,0
404011091,Flinders Park,Charles Sturt,Adelaide - West,SA Water,1,15.0,+15%,Low,Moderate,4,Low,Moderate,92861.0,1231.12,0.013258,1.3258,Low,4,0.0,0
404011092,Henley Beach,Charles Sturt,Adelaide - West,SA Water,1,15.0,+15%,Low,Low,4,Low,Low,106110.0,1231.12,0.011602,1.1602,Low,4,0.0,0
404011093,Hindmarsh - Brompton,Charles Sturt,Adelaide - West,SA Water,1,15.0,+15%,Low,Moderate,4,Low,Moderate,96901.0,1231.12,0.012705,1.2705,Low,4,0.0,0
404011094,Royal Park - Hendon - Albert Park,Charles Sturt,Adelaide - West,SA Water,1,15.0,+15%,Low,Moderate,4,Low,Moderate,84781.0,1231.12,0.014521,1.4521,Low,4,0.0,0
404011095,Seaton - Grange,Charles Sturt,Adelaide - West,SA Water,1,15.0,+15%,Low,Moderate,4,Low,Moderate,84662.0,1231.12,0.014542,1.4542,Low,4,0.0,0
404011096,West Lakes,Charles Sturt,Adelaide - West,SA Water,1,15.0,+15%,Low,Moderate,4,Low,Moderate,89475.0,1231.12,0.013759,1.3759,Low,4,0.0,0
404011097,Woodville - Cheltenham,Charles Sturt,Adelaide - West,SA Water,1,15.0,+15%,Low,Moderate,4,Low,Moderate,88584.0,1231.12,0.013898,1.3898,Low,4,0.0,0
404021098,Dry Creek - South,Port Adelaide - West,Adelaide - West,SA Water,1,15.0,+15%,Unknown,Unknown,5,Unknown,Unknown,,1231.12,,,Unknown,5,,0
404021099,Largs Bay - Semaphore,Port Adelaide - West,Adelaide - West,SA Water,1,15.0,+15%,Low,Moderate,4,Low,Moderate,94109.0,1231.12,0.013082,1.3082,Low,4,0.0,0
404021100,North Haven,Port Adelaide - West,Adelaide - West,SA Water,1,15.0,+15%,Low,Moderate,4,Low,Moderate,84009.0,1231.12,0.014655,1.4655,Low,4,0.0,0
404021101,Port Adelaide,Port Adelaide - West,Adelaide - West,SA Water,1,15.0,+15%,Low,Moderate,4,Low,Moderate,74087.0,1231.12,0.016617,1.6617,Low,4,0.0,0
404021102,The Parks,Port Adelaide - West,Adelaide - West,SA Water,1,15.0,+15%,Low,Moderate,4,Low,Moderate,77058.0,1231.12,0.015977,1.5977,Low,4,0.0,0
404021103,Torrens Island,Port Adelaide - West,Adelaide - West,SA Water,1,15.0,+15%,Moderate,Critical,3,Moderate,Critical,44500.0,1231.12,0.027666,2.7666,Moderate,3,0.0,0
404031104,Adelaide Airport,West Torrens,Adelaide - West,SA Water,1,15.0,+15%,Unknown,Unknown,5,Unknown,Unknown,,1231.12,,,Unknown,5,,0
404031105,Fulham,West Torrens,Adelaide - West,SA Water,1,15.0,+15%,Low,Low,4,Low,Low,104150.0,1231.12,0.011821,1.1821,Low,4,0.0,0
404031106,Lockleys,West Torrens,Adelaide - West,SA Water,1,15.0,+15%,Low,Moderate,4,Low,Moderate,97139.0,1231.12,0.012674,1.2674,Low,4,0.0,0
404031107,Plympton,West Torrens,Adelaide - West,SA Water,1,15.0,+15%,Low,Moderate,4,Low,Moderate,92148.0,1231.12,0.01336,1.336,Low,4,0.0,0
404031108,Richmond (SA),West Torrens,Adelaide - West,SA Water,1,15.0,+15%,Low,Moderate,4,Low,Moderate,92386.0,1231.12,0.013326,1.3326,Low,4,0.0,0
404031109,West Beach,West Torrens,Adelaide - West,SA Water,1,15.0,+15%,Low,Low,4,Low,Low,103734.0,1231.12,0.011868,1.1868,Low,4,0.0,0
405011110,Barossa - Angaston,Barossa,Barossa - Yorke - Mid North,SA Water,0,15.0,+15%,Low,Moderate,4,Low,Moderate,85613.0,1414.72,0.016525,1.6525,Low,4,0.0,0
405011111,Light,Barossa,Barossa - Yorke - Mid North,SA Water,0,15.0,+15%,Low,Moderate,4,Low,Moderate,91732.0,1414.72,0.015422,1.5422,Low,4,0.0,0
405011112,Lyndoch,Barossa,Barossa - Yorke - Mid North,SA Water,0,15.0,+15%,Low,Moderate,4,Low,Moderate,108546.0,1414.72,0.013033,1.3033,Low,4,0.0,0
405011113,Mallala,Barossa,Barossa - Yorke - Mid North,SA Water,0,15.0,+15%,Low,Moderate,4,Low,Moderate,81335.0,1414.72,0.017394,1.7394,Low,4,0.0,0
405011114,Nuriootpa,Barossa,Barossa - Yorke - Mid North,SA Water,0,15.0,+15%,Low,Moderate,4,Low,Moderate,78781.0,1414.72,0.017958,1.7958,Low,4,0.0,0
405011115,Tanunda,Barossa,Barossa - Yorke - Mid North,SA Water,0,15.0,+15%,Low,Moderate,4,Low,Moderate,85910.0,1414.72,0.016467,1.6467,Low,4,0.0,0
405021116,Clare,Lower North,Barossa - Yorke - Mid North,SA Water,0,15.0,+15%,Low,Moderate,4,Low,Moderate,81276.0,1414.72,0.017406,1.7406,Low,4,0.0,0
405021117,Gilbert Valley,Lower North,Barossa - Yorke - Mid North,SA Water,0,15.0,+15%,Low,High,4,Low,High,74681.0,1414.72,0.018944,1.8944,Low,4,0.0,0
405021118,Goyder,Lower North,Barossa - Yorke - Mid North,SA Water,0,15.0,+15%,Moderate,Critical,3,Moderate,Critical,54481.0,1414.72,0.025967,2.5967,Moderate,3,0.0,0
405021119,Wakefield - Barunga West,Lower North,Barossa - Yorke - Mid North,SA Water,0,15.0,+15%,Moderate,High,3,Moderate,High,64878.0,1414.72,0.021806,2.1806,Moderate,3,0.0,0
405031120,Jamestown,Mid North,Barossa - Yorke - Mid North,SA Water,0,15.0,+15%,Low,High,4,Low,High,68027.0,1414.72,0.020796,2.0796,Moderate,3,1.0,1
405031121,Peterborough - Mount Remarkable,Mid North,Barossa - Yorke - Mid North,SA Water,0,15.0,+15%,Moderate,Critical,3,Moderate,Critical,55313.0,1414.72,0.025577,2.5577,Moderate,3,0.0,0
405031122,Port Pirie,Mid North,Barossa - Yorke - Mid North,SA Water,0,15.0,+15%,Moderate,Critical,3,Moderate,Critical,62026.0,1414.72,0.022808,2.2808,Moderate,3,0.0,0
405031123,Port Pirie Surrounds,Mid North,Barossa - Yorke - Mid North,SA Water,0,15.0,+15%,Low,High,4,Low,High,68027.0,1414.72,0.020796,2.0796,Moderate,3,1.0,1
405041124,Kadina,Yorke Peninsula,Barossa - Yorke - Mid North,SA Water,0,15.0,+15%,Low,High,4,Low,High,68621.0,1414.72,0.020616,2.0616,Moderate,3,1.0,1
405041125,Moonta,Yorke Peninsula,Barossa - Yorke - Mid North,SA Water,0,15.0,+15%,Moderate,Critical,3,Moderate,Critical,57333.0,1414.72,0.024675,2.4675,Moderate,3,0.0,0
405041126,Wallaroo,Yorke Peninsula,Barossa - Yorke - Mid North,SA Water,0,15.0,+15%,Moderate,Critical,3,Moderate,Critical,54422.0,1414.72,0.025995,2.5995,Moderate,3,0.0,0
405041127,Yorke Peninsula - North,Yorke Peninsula,Barossa - Yorke - Mid North,SA Water,0,15.0,+15%,Moderate,Critical,3,Moderate,Critical,59590.0,1414.72,0.023741,2.3741,Moderate,3,0.0,0
405041128,Yorke Peninsula - South,Yorke Peninsula,Barossa - Yorke - Mid North,SA Water,0,15.0,+15%,Moderate,Critical,3,Moderate,Critical,52936.0,1414.72,0.026725,2.6725,Moderate,3,0.0,0
406011129,Ceduna,Eyre Peninsula and South West,South Australia - Outback,SA Water,0,15.0,+15%,Low,Moderate,4,Low,Moderate,83534.0,1414.72,0.016936,1.6936,Low,4,0.0,0
406011130,Eyre Peninsula,Eyre Peninsula and South West,South Australia - Outback,SA Water,0,15.0,+15%,Low,Moderate,4,Low,Moderate,77711.0,1414.72,0.018205,1.8205,Low,4,0.0,0
406011131,Kimba - Cleve - Franklin Harbour,Eyre Peninsula and South West,South Australia - Outback,SA Water,0,15.0,+15%,Low,High,4,Low,High,69869.0,1414.72,0.020248,2.0248,Moderate,3,1.0,1
406011132,Le Hunte - Elliston,Eyre Peninsula and South West,South Australia - Outback,SA Water,0,15.0,+15%,Low,High,4,Low,High,73374.0,1414.72,0.019281,1.9281,Low,4,0.0,0
406011133,Port Lincoln,Eyre Peninsula and South West,South Australia - Outback,SA Water,0,15.0,+15%,Low,Moderate,4,Low,Moderate,77295.0,1414.72,0.018303,1.8303,Low,4,0.0,0
406011134,West Coast (SA),Eyre Peninsula and South West,South Australia - Outback,SA Water,0,15.0,+15%,Low,High,4,Low,High,68205.0,1414.72,0.020742,2.0742,Moderate,3,1.0,1
406011135,Western,Eyre Peninsula and South West,South Australia - Outback,SA Water,0,15.0,+15%,Low,Moderate,4,Low,Moderate,77949.0,1414.72,0.018149,1.8149,Low,4,0.0,0
406011136,Whyalla,Eyre Peninsula and South West,South Australia - Outback,SA Water,0,15.0,+15%,Low,High,4,Low,High,70582.0,1414.72,0.020044,2.0044,Moderate,3,1.0,1
406011137,Whyalla - North,Eyre Peninsula and South West,South Australia - Outback,SA Water,0,15.0,+15%,Unknown,Unknown,5,Unknown,Unknown,,1414.72,,,Unknown,5,,0
406021138,APY Lands,Outback - North and East,South Australia - Outback,SA Water,0,15.0,+15%,Low,High,4,Low,High,75216.0,1414.72,0.018809,1.8809,Low,4,0.0,0
406021139,Coober Pedy,Outback - North and East,South Australia - Outback,Council,0,15.0,+15%,Unknown,Unknown,5,Unknown,Unknown,45391.0,,,,Unknown,5,,0
406021140,Quorn - Lake Gilles,Outback - North and East,South Australia - Outback,SA Water,0,15.0,+15%,Moderate,High,3,Moderate,High,62205.0,1414.72,0.022743,2.2743,Moderate,3,0.0,0
406021141,Outback,Outback - North and East,South Australia - Outback,SA Water,0,15.0,+15%,Low,High,4,Low,High,72126.0,1414.72,0.019615,1.9615,Low,4,0.0,0
406021142,Port Augusta,Outback - North and East,South Australia - Outback,SA Water,0,15.0,+15%,Low,Moderate,4,Low,Moderate,75869.0,1414.72,0.018647,1.8647,Low,4,0.0,0
406021143,Roxby Downs,Outback - North and East,South Australia - Outback,SA Water,0,15.0,+15%,Low,Low,4,Low,Low,186554.0,1414.72,0.007583,0.7583,Low,4,0.0,0
407011144,Goolwa - Port Elliot,Fleurieu - Kangaroo Island,South Australia - South East,SA Water,0,15.0,+15%,Moderate,Critical,3,Moderate,Critical,57630.0,1414.72,0.024548,2.4548,Moderate,3,0.0,0
407011145,Kangaroo Island,Fleurieu - Kangaroo Island,South Australia - South East,SA Water,0,15.0,+15%,Moderate,High,3,Moderate,High,67017.0,1414.72,0.02111,2.111,Moderate,3,0.0,0
407011146,Strathalbyn,Fleurieu - Kangaroo Island,South Australia - South East,SA Water,0,15.0,+15%,Low,Moderate,4,Low,Moderate,75869.0,1414.72,0.018647,1.8647,Low,4,0.0,0
407011147,Strathalbyn Surrounds,Fleurieu - Kangaroo Island,South Australia - South East,SA Water,0,15.0,+15%,Low,Moderate,4,Low,Moderate,87871.0,1414.72,0.0161,1.61,Low,4,0.0,0
407011148,Victor Harbor,Fleurieu - Kangaroo Island,South Australia - South East,SA Water,0,15.0,+15%,Moderate,Critical,3,Moderate,Critical,58046.0,1414.72,0.024372,2.4372,Moderate,3,0.0,0
407011149,Yankalilla,Fleurieu - Kangaroo Island,South Australia - South East,SA Water,0,15.0,+15%,Moderate,High,3,Moderate,High,64284.0,1414.72,0.022007,2.2007,Moderate,3,0.0,0
407021150,Grant,Limestone Coast,South Australia - South East,SA Water,0,15.0,+15%,Low,Moderate,4,Low,Moderate,93990.0,1414.72,0.015052,1.5052,Low,4,0.0,0
407021151,Kingston - Robe,Limestone Coast,South Australia - South East,SA Water,0,15.0,+15%,Low,High,4,Low,High,71295.0,1414.72,0.019843,1.9843,Low,4,0.0,0
407021152,Millicent,Limestone Coast,South Australia - South East,SA Water,0,15.0,+15%,Moderate,Critical,3,Moderate,Critical,58699.0,1414.72,0.024101,2.4101,Moderate,3,0.0,0
407021154,Naracoorte,Limestone Coast,South Australia - South East,SA Water,0,15.0,+15%,Low,Moderate,4,Low,Moderate,81811.0,1414.72,0.017293,1.7293,Low,4,0.0,0
407021155,Naracoorte Surrounds,Limestone Coast,South Australia - South East,SA Water,0,15.0,+15%,Low,Moderate,4,Low,Moderate,96961.0,1414.72,0.014591,1.4591,Low,4,0.0,0
407021156,Penola,Limestone Coast,South Australia - South East,SA Water,0,15.0,+15%,Low,Moderate,4,Low,Moderate,78068.0,1414.72,0.018122,1.8122,Low,4,0.0,0
407021157,Tatiara,Limestone Coast,South Australia - South East,SA Water,0,15.0,+15%,Low,Moderate,4,Low,Moderate,87336.0,1414.72,0.016199,1.6199,Low,4,0.0,0
407021158,Wattle Range,Limestone Coast,South Australia - South East,SA Water,0,15.0,+15%,Low,Moderate,4,Low,Moderate,80266.0,1414.72,0.017625,1.7625,Low,4,0.0,0
407021173,Mount Gambier - East,Limestone Coast,South Australia - South East,SA Water,0,15.0,+15%,Low,Moderate,4,Low,Moderate,80088.0,1414.72,0.017665,1.7665,Low,4,0.0,0
407021174,Mount Gambier - West,Limestone Coast,South Australia - South East,SA Water,0,15.0,+15%,Low,High,4,Low,High,71889.0,1414.72,0.019679,1.9679,Low,4,0.0,0
407031159,Barmera,Murray and Mallee,South Australia - South East,SA Water,0,15.0,+15%,Low,High,4,Low,High,73968.0,1414.72,0.019126,1.9126,Low,4,0.0,0
407031160,Berri,Murray and Mallee,South Australia - South East,SA Water,0,15.0,+15%,Moderate,Critical,3,Moderate,Critical,61729.0,1414.72,0.022918,2.2918,Moderate,3,0.0,0
407031161,Karoonda - Lameroo,Murray and Mallee,South Australia - South East,SA Water,0,15.0,+15%,Low,High,4,Low,High,70641.0,1414.72,0.020027,2.0027,Moderate,3,1.0,1
407031162,Loxton,Murray and Mallee,South Australia - South East,SA Water,0,15.0,+15%,Low,High,4,Low,High,71770.0,1414.72,0.019712,1.9712,Low,4,0.0,0
407031163,Loxton Surrounds,Murray and Mallee,South Australia - South East,SA Water,0,15.0,+15%,Low,Moderate,4,Low,Moderate,77236.0,1414.72,0.018317,1.8317,Low,4,0.0,0
407031164,Mannum,Murray and Mallee,South Australia - South East,SA Water,0,15.0,+15%,Moderate,Critical,3,Moderate,Critical,53530.0,1414.72,0.026429,2.6429,Moderate,3,0.0,0
407031165,Murray Bridge,Murray and Mallee,South Australia - South East,SA Water,0,15.0,+15%,Moderate,High,3,Moderate,High,63987.0,1414.72,0.022109,2.2109,Moderate,3,0.0,0
407031166,Murray Bridge Surrounds,Murray and Mallee,South Australia - South East,SA Water,0,15.0,+15%,Low,Moderate,4,Low,Moderate,76879.0,1414.72,0.018402,1.8402,Low,4,0.0,0
407031167,Renmark,Murray and Mallee,South Australia - South East,SA Water,0,15.0,+15%,Moderate,Critical,3,Moderate,Critical,60422.0,1414.72,0.023414,2.3414,Moderate,3,0.0,0
407031168,Renmark Surrounds,Murray and Mallee,South Australia - South East,SA Water,0,15.0,+15%,Low,Moderate,4,Low,Moderate,86682.0,1414.72,0.016321,1.6321,Low,4,0.0,0
407031169,The Coorong,Murray and Mallee,South Australia - South East,SA Water,0,15.0,+15%,Moderate,High,3,Moderate,High,64462.0,1414.72,0.021947,2.1947,Moderate,3,0.0,0
407031170,Waikerie,Murray and Mallee,South Australia - South East,SA Water,0,15.0,+15%,Moderate,Critical,3,Moderate,Critical,61016.0,1414.72,0.023186,2.3186,Moderate,3,0.0,0
497979799,Migratory - Offshore - Shipping (SA),Migratory - Offshore - Shipping (SA),Migratory - Offshore - Shipping (SA),SA Water,0,15.0,+15%,Unknown,Unknown,5,Unknown,Unknown,,1414.72,,,Unknown,5,,0
499999499,No usual address (SA),No usual address (SA),No usual address (SA),SA Water,0,15.0,+15%,Unknown,Unknown,5,Unknown,Unknown,,1414.72,,,Unknown,5,,0
401011001,Adelaide,Adelaide City,Adelaide - Central and Hills,SA Water,1,20.0,+20%,Low,Moderate,4,Low,Moderate,81098.0,1254.76,0.015472,1.5472,Low,4,0.0,0
401011002,North Adelaide,Adelaide City,Adelaide - Central and Hills,SA Water,1,20.0,+20%,Low,Low,4,Low,Low,110923.0,1254.76,0.011312,1.1312,Low,4,0.0,0
401021003,Adelaide Hills,Adelaide Hills,Adelaide - Central and Hills,SA Water,1,20.0,+20%,Low,Low,4,Low,Low,113180.0,1254.76,0.011086,1.1086,Low,4,0.0,0
401021004,Aldgate - Stirling,Adelaide Hills,Adelaide - Central and Hills,SA Water,1,20.0,+20%,Low,Low,4,Low,Low,136470.0,1254.76,0.009194,0.9194,Low,4,0.0,0
401021005,Hahndorf - Echunga,Adelaide Hills,Adelaide - Central and Hills,SA Water,1,20.0,+20%,Low,Low,4,Low,Low,114428.0,1254.76,0.010965,1.0965,Low,4,0.0,0
401021006,Lobethal - Woodside,Adelaide Hills,Adelaide - Central and Hills,SA Water,1,20.0,+20%,Low,Moderate,4,Low,Moderate,100466.0,1254.76,0.012489,1.2489,Low,4,0.0,0
401021007,Mount Barker,Adelaide Hills,Adelaide - Central and Hills,SA Water,1,20.0,+20%,Low,Moderate,4,Low,Moderate,100882.0,1254.76,0.012438,1.2438,Low,4,0.0,0
401021008,Mount Barker Surrounds,Adelaide Hills,Adelaide - Central and Hills,SA Water,1,20.0,+20%,Low,Low,4,Low,Low,105991.0,1254.76,0.011838,1.1838,Low,4,0.0,0
401021009,Nairne,Adelaide Hills,Adelaide - Central and Hills,SA Water,1,20.0,+20%,Low,Low,4,Low,Low,105516.0,1254.76,0.011892,1.1892,Low,4,0.0,0
401021010,Uraidla - Summertown,Adelaide Hills,Adelaide - Central and Hills,SA Water,1,20.0,+20%,Low,Low,4,Low,Low,129578.0,1254.76,0.009683,0.9683,Low,4,0.0,0
401031011,Burnside - Wattle Park,Burnside,Adelaide - Central and Hills,SA Water,1,20.0,+20%,Low,Low,4,Low,Low,123934.0,1254.76,0.010124,1.0124,Low,4,0.0,0
401031012,Beaumont - Glen Osmond,Burnside,Adelaide - Central and Hills,SA Water,1,20.0,+20%,Low,Low,4,Low,Low,138193.0,1254.76,0.00908,0.908,Low,4,0.0,0
401031013,Toorak Gardens,Burnside,Adelaide - Central and Hills,SA Water,1,20.0,+20%,Low,Low,4,Low,Low,114606.0,1254.76,0.010948,1.0948,Low,4,0.0,0
401041014,Athelstone,Campbelltown (SA),Adelaide - Central and Hills,SA Water,1,20.0,+20%,Low,Low,4,Low,Low,115319.0,1254.76,0.010881,1.0881,Low,4,0.0,0
401041015,Paradise - Newton,Campbelltown (SA),Adelaide - Central and Hills,SA Water,1,20.0,+20%,Low,Moderate,4,Low,Moderate,84781.0,1254.76,0.0148,1.48,Low,4,0.0,0
401041016,Rostrevor - Magill,Campbelltown (SA),Adelaide - Central and Hills,SA Water,1,20.0,+20%,Low,Moderate,4,Low,Moderate,97674.0,1254.76,0.012846,1.2846,Low,4,0.0,0
401051017,Norwood (SA),Norwood - Payneham - St Peters,Adelaide - Central and Hills,SA Water,1,20.0,+20%,Low,Moderate,4,Low,Moderate,98208.0,1254.76,0.012777,1.2777,Low,4,0.0,0
401051018,Payneham - Felixstow,Norwood - Payneham - St Peters,Adelaide - Central and Hills,SA Water,1,20.0,+20%,Low,Moderate,4,Low,Moderate,87692.0,1254.76,0.014309,1.4309,Low,4,0.0,0
401051019,St Peters - Marden,Norwood - Payneham - St Peters,Adelaide - Central and Hills,SA Water,1,20.0,+20%,Low,Low,4,Low,Low,111636.0,1254.76,0.01124,1.124,Low,4,0.0,0
401061020,Nailsworth - Broadview,Prospect - Walkerville,Adelaide - Central and Hills,SA Water,1,20.0,+20%,Low,Low,4,Low,Low,116864.0,1254.76,0.010737,1.0737,Low,4,0.0,0
401061021,Prospect,Prospect - Walkerville,Adelaide - Central and Hills,SA Water,1,20.0,+20%,Low,Low,4,Low,Low,119953.0,1254.76,0.01046,1.046,Low,4,0.0,0
401061022,Walkerville,Prospect - Walkerville,Adelaide - Central and Hills,SA Water,1,20.0,+20%,Low,Low,4,Low,Low,121914.0,1254.76,0.010292,1.0292,Low,4,0.0,0
401071023,Goodwood - Millswood,Unley,Adelaide - Central and Hills,SA Water,1,20.0,+20%,Low,Low,4,Low,Low,118884.0,1254.76,0.010554,1.0554,Low,4,0.0,0
401071024,Unley - Parkside,Unley,Adelaide - Central and Hills,SA Water,1,20.0,+20%,Low,Low,4,Low,Low,118706.0,1254.76,0.01057,1.057,Low,4,0.0,0
402011025,Gawler - North,Gawler - Two Wells,Adelaide - North,SA Water,1,20.0,+20%,Low,Low,4,Low,Low,105160.0,1254.76,0.011932,1.1932,Low,4,0.0,0
402011026,Gawler - South,Gawler - Two Wells,Adelaide - North,SA Water,1,20.0,+20%,Low,Moderate,4,Low,Moderate,79375.0,1254.76,0.015808,1.5808,Low,4,0.0,0
402011027,Lewiston - Two Wells,Gawler - Two Wells,Adelaide - North,SA Water,1,20.0,+20%,Low,Low,4,Low,Low,113358.0,1254.76,0.011069,1.1069,Low,4,0.0,0
402021028,Craigmore - Blakeview,Playford,Adelaide - North,SA Water,1,20.0,+20%,Low,Moderate,4,Low,Moderate,95060.0,1254.76,0.0132,1.32,Low,4,0.0,0
402021029,Davoren Park,Playford,Adelaide - North,SA Water,1,20.0,+20%,Low,Moderate,4,Low,Moderate,68978.0,1254.76,0.018191,1.8191,Low,4,0.0,0
402021030,Elizabeth,Playford,Adelaide - North,SA Water,1,20.0,+20%,Moderate,Critical,3,Moderate,Critical,49134.0,1254.76,0.025538,2.5538,Moderate,3,0.0,0
402021031,Elizabeth East,Playford,Adelaide - North,SA Water,1,20.0,+20%,Low,Moderate,4,Low,Moderate,70582.0,1254.76,0.017777,1.7777,Low,4,0.0,0
402021032,Munno Para West - Angle Vale,Playford,Adelaide - North,SA Water,1,20.0,+20%,Low,Moderate,4,Low,Moderate,98208.0,1254.76,0.012777,1.2777,Low,4,0.0,0
402021033,One Tree Hill,Playford,Adelaide - North,SA Water,1,20.0,+20%,Low,Low,4,Low,Low,135282.0,1254.76,0.009275,0.9275,Low,4,0.0,0
402021034,Smithfield - Elizabeth North,Playford,Adelaide - North,SA Water,1,20.0,+20%,Moderate,High,3,Moderate,High,55788.0,1254.76,0.022492,2.2492,Moderate,3,0.0,0
402021035,Virginia - Waterloo Corner,Playford,Adelaide - North,SA Water,1,20.0,+20%,Low,Moderate,4,Low,Moderate,82405.0,1254.76,0.015227,1.5227,Low,4,0.0,0
402031036,Enfield - Blair Athol,Port Adelaide - East,Adelaide - North,SA Water,1,20.0,+20%,Low,Moderate,4,Low,Moderate,84841.0,1254.76,0.01479,1.479,Low,4,0.0,0
402031038,Windsor Gardens,Port Adelaide - East,Adelaide - North,SA Water,1,20.0,+20%,Low,Moderate,4,Low,Moderate,94762.0,1254.76,0.013241,1.3241,Low,4,0.0,0
402031175,Northgate - Northfield,Port Adelaide - East,Adelaide - North,SA Water,1,20.0,+20%,Low,Low,4,Low,Low,104506.0,1254.76,0.012007,1.2007,Low,4,0.0,0
402031176,Valley View - Gilles Plains,Port Adelaide - East,Adelaide - North,SA Water,1,20.0,+20%,Low,Moderate,4,Low,Moderate,87277.0,1254.76,0.014377,1.4377,Low,4,0.0,0
402041039,Dry Creek - North,Salisbury,Adelaide - North,SA Water,1,20.0,+20%,Unknown,Unknown,5,Unknown,Unknown,,1254.76,,,Unknown,5,,0
402041040,Ingle Farm,Salisbury,Adelaide - North,SA Water,1,20.0,+20%,Low,Moderate,4,Low,Moderate,79850.0,1254.76,0.015714,1.5714,Low,4,0.0,0
402041041,Para Hills,Salisbury,Adelaide - North,SA Water,1,20.0,+20%,Low,Moderate,4,Low,Moderate,85791.0,1254.76,0.014626,1.4626,Low,4,0.0,0
402041042,Parafield,Salisbury,Adelaide - North,SA Water,1,20.0,+20%,Unknown,Unknown,5,Unknown,Unknown,,1254.76,,,Unknown,5,,0
402041043,Parafield Gardens,Salisbury,Adelaide - North,SA Water,1,20.0,+20%,Low,Moderate,4,Low,Moderate,82226.0,1254.76,0.01526,1.526,Low,4,0.0,0
402041044,Paralowie,Salisbury,Adelaide - North,SA Water,1,20.0,+20%,Low,Moderate,4,Low,Moderate,86623.0,1254.76,0.014485,1.4485,Low,4,0.0,0
402041046,Salisbury,Salisbury,Adelaide - North,SA Water,1,20.0,+20%,Low,High,4,Low,High,63630.0,1254.76,0.01972,1.972,Low,4,0.0,0
402041047,Salisbury East,Salisbury,Adelaide - North,SA Water,1,20.0,+20%,Low,Moderate,4,Low,Moderate,79553.0,1254.76,0.015773,1.5773,Low,4,0.0,0
402041048,Salisbury North,Salisbury,Adelaide - North,SA Water,1,20.0,+20%,Low,Moderate,4,Low,Moderate,74562.0,1254.76,0.016828,1.6828,Low,4,0.0,0
402041171,Mawson Lakes - Globe Derby Park,Salisbury,Adelaide - North,SA Water,1,20.0,+20%,Low,Low,4,Low,Low,113656.0,1254.76,0.01104,1.104,Low,4,0.0,0
402041172,Pooraka - Cavan,Salisbury,Adelaide - North,SA Water,1,20.0,+20%,Low,Moderate,4,Low,Moderate,75038.0,1254.76,0.016722,1.6722,Low,4,0.0,0
402051049,Golden Grove,Tea Tree Gully,Adelaide - North,SA Water,1,20.0,+20%,Low,Moderate,4,Low,Moderate,99456.0,1254.76,0.012616,1.2616,Low,4,0.0,0
402051050,Greenwith,Tea Tree Gully,Adelaide - North,SA Water,1,20.0,+20%,Low,Low,4,Low,Low,115081.0,1254.76,0.010903,1.0903,Low,4,0.0,0
402051051,Highbury - Dernancourt,Tea Tree Gully,Adelaide - North,SA Water,1,20.0,+20%,Low,Low,4,Low,Low,114071.0,1254.76,0.011,1.1,Low,4,0.0,0
402051052,Hope Valley - Modbury,Tea Tree Gully,Adelaide - North,SA Water,1,20.0,+20%,Low,Moderate,4,Low,Moderate,78068.0,1254.76,0.016073,1.6073,Low,4,0.0,0
402051053,Modbury Heights,Tea Tree Gully,Adelaide - North,SA Water,1,20.0,+20%,Low,Moderate,4,Low,Moderate,98446.0,1254.76,0.012746,1.2746,Low,4,0.0,0
402051054,Redwood Park,Tea Tree Gully,Adelaide - North,SA Water,1,20.0,+20%,Low,Low,4,Low,Low,108011.0,1254.76,0.011617,1.1617,Low,4,0.0,0
402051055,St Agnes - Ridgehaven,Tea Tree Gully,Adelaide - North,SA Water,1,20.0,+20%,Low,Moderate,4,Low,Moderate,88643.0,1254.76,0.014155,1.4155,Low,4,0.0,0
403011056,Brighton (SA),Holdfast Bay,Adelaide - South,SA Water,1,20.0,+20%,Low,Moderate,4,Low,Moderate,99397.0,1254.76,0.012624,1.2624,Low,4,0.0,0
403011057,Glenelg (SA),Holdfast Bay,Adelaide - South,SA Water,1,20.0,+20%,Low,Moderate,4,Low,Moderate,92802.0,1254.76,0.013521,1.3521,Low,4,0.0,0
403021058,Edwardstown,Marion,Adelaide - South,SA Water,1,20.0,+20%,Low,Moderate,4,Low,Moderate,86267.0,1254.76,0.014545,1.4545,Low,4,0.0,0
403021059,Hallett Cove,Marion,Adelaide - South,SA Water,1,20.0,+20%,Low,Low,4,Low,Low,111457.0,1254.76,0.011258,1.1258,Low,4,0.0,0
403021060,Marino - Seaview Downs,Marion,Adelaide - South,SA Water,1,20.0,+20%,Low,Low,4,Low,Low,108190.0,1254.76,0.011598,1.1598,Low,4,0.0,0
403021061,Mitchell Park,Marion,Adelaide - South,SA Water,1,20.0,+20%,Low,Moderate,4,Low,Moderate,77652.0,1254.76,0.016159,1.6159,Low,4,0.0,0
403021062,Morphettville,Marion,Adelaide - South,SA Water,1,20.0,+20%,Low,Moderate,4,Low,Moderate,92327.0,1254.76,0.01359,1.359,Low,4,0.0,0
403021063,Sheidow Park - Trott Park,Marion,Adelaide - South,SA Water,1,20.0,+20%,Low,Low,4,Low,Low,114190.0,1254.76,0.010988,1.0988,Low,4,0.0,0
403021064,Warradale,Marion,Adelaide - South,SA Water,1,20.0,+20%,Low,Moderate,4,Low,Moderate,84425.0,1254.76,0.014862,1.4862,Low,4,0.0,0
403031065,Belair,Mitcham,Adelaide - South,SA Water,1,20.0,+20%,Low,Low,4,Low,Low,135044.0,1254.76,0.009291,0.9291,Low,4,0.0,0
403031066,Bellevue Heights,Mitcham,Adelaide - South,SA Water,1,20.0,+20%,Low,Low,4,Low,Low,104803.0,1254.76,0.011973,1.1973,Low,4,0.0,0
403031067,Blackwood,Mitcham,Adelaide - South,SA Water,1,20.0,+20%,Low,Low,4,Low,Low,125597.0,1254.76,0.00999,0.999,Low,4,0.0,0
403031068,Colonel Light Gardens,Mitcham,Adelaide - South,SA Water,1,20.0,+20%,Low,Low,4,Low,Low,119181.0,1254.76,0.010528,1.0528,Low,4,0.0,0
403031069,Mitcham (SA),Mitcham,Adelaide - South,SA Water,1,20.0,+20%,Low,Low,4,Low,Low,130885.0,1254.76,0.009587,0.9587,Low,4,0.0,0
403031070,Panorama,Mitcham,Adelaide - South,SA Water,1,20.0,+20%,Low,Moderate,4,Low,Moderate,90188.0,1254.76,0.013913,1.3913,Low,4,0.0,0
403041071,Aberfoyle Park,Onkaparinga,Adelaide - South,SA Water,1,20.0,+20%,Low,Low,4,Low,Low,107358.0,1254.76,0.011688,1.1688,Low,4,0.0,0
403041072,Aldinga,Onkaparinga,Adelaide - South,SA Water,1,20.0,+20%,Low,Moderate,4,Low,Moderate,78246.0,1254.76,0.016036,1.6036,Low,4,0.0,0
403041073,Christie Downs,Onkaparinga,Adelaide - South,SA Water,1,20.0,+20%,Low,High,4,Low,High,59115.0,1254.76,0.021226,2.1226,Moderate,3,1.0,1
403041074,Christies Beach,Onkaparinga,Adelaide - South,SA Water,1,20.0,+20%,Low,Moderate,4,Low,Moderate,72483.0,1254.76,0.017311,1.7311,Low,4,0.0,0
403041075,Clarendon,Onkaparinga,Adelaide - South,SA Water,1,20.0,+20%,Low,Low,4,Low,Low,120013.0,1254.76,0.010455,1.0455,Low,4,0.0,0
403041076,Coromandel Valley,Onkaparinga,Adelaide - South,SA Water,1,20.0,+20%,Low,Low,4,Low,Low,132667.0,1254.76,0.009458,0.9458,Low,4,0.0,0
403041077,Flagstaff Hill,Onkaparinga,Adelaide - South,SA Water,1,20.0,+20%,Low,Low,4,Low,Low,121498.0,1254.76,0.010327,1.0327,Low,4,0.0,0
403041078,Hackham - Onkaparinga Hills,Onkaparinga,Adelaide - South,SA Water,1,20.0,+20%,Low,Moderate,4,Low,Moderate,80504.0,1254.76,0.015586,1.5586,Low,4,0.0,0
403041079,Hackham West - Huntfield Heights,Onkaparinga,Adelaide - South,SA Water,1,20.0,+20%,Low,High,4,Low,High,64165.0,1254.76,0.019555,1.9555,Low,4,0.0,0
403041080,Happy Valley,Onkaparinga,Adelaide - South,SA Water,1,20.0,+20%,Low,Moderate,4,Low,Moderate,93158.0,1254.76,0.013469,1.3469,Low,4,0.0,0
403041081,Happy Valley Reservoir,Onkaparinga,Adelaide - South,SA Water,1,20.0,+20%,Low,Moderate,4,Low,Moderate,81692.0,1254.76,0.01536,1.536,Low,4,0.0,0
403041082,Lonsdale,Onkaparinga,Adelaide - South,SA Water,1,20.0,+20%,Moderate,Critical,3,Moderate,Critical,43074.0,1254.76,0.02913,2.913,Moderate,3,0.0,0
403041083,McLaren Vale,Onkaparinga,Adelaide - South,SA Water,1,20.0,+20%,Low,Moderate,4,Low,Moderate,97317.0,1254.76,0.012894,1.2894,Low,4,0.0,0
403041084,Morphett Vale - East,Onkaparinga,Adelaide - South,SA Water,1,20.0,+20%,Low,Moderate,4,Low,Moderate,72958.0,1254.76,0.017198,1.7198,Low,4,0.0,0
403041085,Morphett Vale - West,Onkaparinga,Adelaide - South,SA Water,1,20.0,+20%,Low,Moderate,4,Low,Moderate,69096.0,1254.76,0.01816,1.816,Low,4,0.0,0
403041086,Reynella,Onkaparinga,Adelaide - South,SA Water,1,20.0,+20%,Low,Moderate,4,Low,Moderate,79256.0,1254.76,0.015832,1.5832,Low,4,0.0,0
403041088,Willunga,Onkaparinga,Adelaide - South,SA Water,1,20.0,+20%,Low,Low,4,Low,Low,104268.0,1254.76,0.012034,1.2034,Low,4,0.0,0
403041089,Woodcroft,Onkaparinga,Adelaide - South,SA Water,1,20.0,+20%,Low,Moderate,4,Low,Moderate,99337.0,1254.76,0.012631,1.2631,Low,4,0.0,0
403041177,Seaford - Seaford Meadows,Onkaparinga,Adelaide - South,SA Water,1,20.0,+20%,Low,Moderate,4,Low,Moderate,87098.0,1254.76,0.014406,1.4406,Low,4,0.0,0
403041178,Seaford Rise - Moana,Onkaparinga,Adelaide - South,SA Water,1,20.0,+20%,Low,Moderate,4,Low,Moderate,90366.0,1254.76,0.013885,1.3885,Low,4,0.0,0
404011090,Beverley,Charles Sturt,Adelaide - West,SA Water,1,20.0,+20%,Low,Moderate,4,Low,Moderate,100704.0,1254.76,0.01246,1.246,Low,4,0.0,0
404011091,Flinders Park,Charles Sturt,Adelaide - West,SA Water,1,20.0,+20%,Low,Moderate,4,Low,Moderate,92861.0,1254.76,0.013512,1.3512,Low,4,0.0,0
404011092,Henley Beach,Charles Sturt,Adelaide - West,SA Water,1,20.0,+20%,Low,Low,4,Low,Low,106110.0,1254.76,0.011825,1.1825,Low,4,0.0,0
404011093,Hindmarsh - Brompton,Charles Sturt,Adelaide - West,SA Water,1,20.0,+20%,Low,Moderate,4,Low,Moderate,96901.0,1254.76,0.012949,1.2949,Low,4,0.0,0
404011094,Royal Park - Hendon - Albert Park,Charles Sturt,Adelaide - West,SA Water,1,20.0,+20%,Low,Moderate,4,Low,Moderate,84781.0,1254.76,0.0148,1.48,Low,4,0.0,0
404011095,Seaton - Grange,Charles Sturt,Adelaide - West,SA Water,1,20.0,+20%,Low,Moderate,4,Low,Moderate,84662.0,1254.76,0.014821,1.4821,Low,4,0.0,0
404011096,West Lakes,Charles Sturt,Adelaide - West,SA Water,1,20.0,+20%,Low,Moderate,4,Low,Moderate,89475.0,1254.76,0.014024,1.4024,Low,4,0.0,0
404011097,Woodville - Cheltenham,Charles Sturt,Adelaide - West,SA Water,1,20.0,+20%,Low,Moderate,4,Low,Moderate,88584.0,1254.76,0.014165,1.4165,Low,4,0.0,0
404021098,Dry Creek - South,Port Adelaide - West,Adelaide - West,SA Water,1,20.0,+20%,Unknown,Unknown,5,Unknown,Unknown,,1254.76,,,Unknown,5,,0
404021099,Largs Bay - Semaphore,Port Adelaide - West,Adelaide - West,SA Water,1,20.0,+20%,Low,Moderate,4,Low,Moderate,94109.0,1254.76,0.013333,1.3333,Low,4,0.0,0
404021100,North Haven,Port Adelaide - West,Adelaide - West,SA Water,1,20.0,+20%,Low,Moderate,4,Low,Moderate,84009.0,1254.76,0.014936,1.4936,Low,4,0.0,0
404021101,Port Adelaide,Port Adelaide - West,Adelaide - West,SA Water,1,20.0,+20%,Low,Moderate,4,Low,Moderate,74087.0,1254.76,0.016936,1.6936,Low,4,0.0,0
404021102,The Parks,Port Adelaide - West,Adelaide - West,SA Water,1,20.0,+20%,Low,Moderate,4,Low,Moderate,77058.0,1254.76,0.016283,1.6283,Low,4,0.0,0
404021103,Torrens Island,Port Adelaide - West,Adelaide - West,SA Water,1,20.0,+20%,Moderate,Critical,3,Moderate,Critical,44500.0,1254.76,0.028197,2.8197,Moderate,3,0.0,0
404031104,Adelaide Airport,West Torrens,Adelaide - West,SA Water,1,20.0,+20%,Unknown,Unknown,5,Unknown,Unknown,,1254.76,,,Unknown,5,,0
404031105,Fulham,West Torrens,Adelaide - West,SA Water,1,20.0,+20%,Low,Low,4,Low,Low,104150.0,1254.76,0.012048,1.2048,Low,4,0.0,0
404031106,Lockleys,West Torrens,Adelaide - West,SA Water,1,20.0,+20%,Low,Moderate,4,Low,Moderate,97139.0,1254.76,0.012917,1.2917,Low,4,0.0,0
404031107,Plympton,West Torrens,Adelaide - West,SA Water,1,20.0,+20%,Low,Moderate,4,Low,Moderate,92148.0,1254.76,0.013617,1.3617,Low,4,0.0,0
404031108,Richmond (SA),West Torrens,Adelaide - West,SA Water,1,20.0,+20%,Low,Moderate,4,Low,Moderate,92386.0,1254.76,0.013582,1.3582,Low,4,0.0,0
404031109,West Beach,West Torrens,Adelaide - West,SA Water,1,20.0,+20%,Low,Low,4,Low,Low,103734.0,1254.76,0.012096,1.2096,Low,4,0.0,0
405011110,Barossa - Angaston,Barossa,Barossa - Yorke - Mid North,SA Water,0,20.0,+20%,Low,Moderate,4,Low,Moderate,85613.0,1438.36,0.016801,1.6801,Low,4,0.0,0
405011111,Light,Barossa,Barossa - Yorke - Mid North,SA Water,0,20.0,+20%,Low,Moderate,4,Low,Moderate,91732.0,1438.36,0.01568,1.568,Low,4,0.0,0
405011112,Lyndoch,Barossa,Barossa - Yorke - Mid North,SA Water,0,20.0,+20%,Low,Moderate,4,Low,Moderate,108546.0,1438.36,0.013251,1.3251,Low,4,0.0,0
405011113,Mallala,Barossa,Barossa - Yorke - Mid North,SA Water,0,20.0,+20%,Low,Moderate,4,Low,Moderate,81335.0,1438.36,0.017684,1.7684,Low,4,0.0,0
405011114,Nuriootpa,Barossa,Barossa - Yorke - Mid North,SA Water,0,20.0,+20%,Low,Moderate,4,Low,Moderate,78781.0,1438.36,0.018258,1.8258,Low,4,0.0,0
405011115,Tanunda,Barossa,Barossa - Yorke - Mid North,SA Water,0,20.0,+20%,Low,Moderate,4,Low,Moderate,85910.0,1438.36,0.016743,1.6743,Low,4,0.0,0
405021116,Clare,Lower North,Barossa - Yorke - Mid North,SA Water,0,20.0,+20%,Low,Moderate,4,Low,Moderate,81276.0,1438.36,0.017697,1.7697,Low,4,0.0,0
405021117,Gilbert Valley,Lower North,Barossa - Yorke - Mid North,SA Water,0,20.0,+20%,Low,High,4,Low,High,74681.0,1438.36,0.01926,1.926,Low,4,0.0,0
405021118,Goyder,Lower North,Barossa - Yorke - Mid North,SA Water,0,20.0,+20%,Moderate,Critical,3,Moderate,Critical,54481.0,1438.36,0.026401,2.6401,Moderate,3,0.0,0
405021119,Wakefield - Barunga West,Lower North,Barossa - Yorke - Mid North,SA Water,0,20.0,+20%,Moderate,High,3,Moderate,High,64878.0,1438.36,0.02217,2.217,Moderate,3,0.0,0
405031120,Jamestown,Mid North,Barossa - Yorke - Mid North,SA Water,0,20.0,+20%,Low,High,4,Low,High,68027.0,1438.36,0.021144,2.1144,Moderate,3,1.0,1
405031121,Peterborough - Mount Remarkable,Mid North,Barossa - Yorke - Mid North,SA Water,0,20.0,+20%,Moderate,Critical,3,Moderate,Critical,55313.0,1438.36,0.026004,2.6004,Moderate,3,0.0,0
405031122,Port Pirie,Mid North,Barossa - Yorke - Mid North,SA Water,0,20.0,+20%,Moderate,Critical,3,Moderate,Critical,62026.0,1438.36,0.02319,2.319,Moderate,3,0.0,0
405031123,Port Pirie Surrounds,Mid North,Barossa - Yorke - Mid North,SA Water,0,20.0,+20%,Low,High,4,Low,High,68027.0,1438.36,0.021144,2.1144,Moderate,3,1.0,1
405041124,Kadina,Yorke Peninsula,Barossa - Yorke - Mid North,SA Water,0,20.0,+20%,Low,High,4,Low,High,68621.0,1438.36,0.020961,2.0961,Moderate,3,1.0,1
405041125,Moonta,Yorke Peninsula,Barossa - Yorke - Mid North,SA Water,0,20.0,+20%,Moderate,Critical,3,Moderate,Critical,57333.0,1438.36,0.025088,2.5088,Moderate,3,0.0,0
405041126,Wallaroo,Yorke Peninsula,Barossa - Yorke - Mid North,SA Water,0,20.0,+20%,Moderate,Critical,3,Moderate,Critical,54422.0,1438.36,0.02643,2.643,Moderate,3,0.0,0
405041127,Yorke Peninsula - North,Yorke Peninsula,Barossa - Yorke - Mid North,SA Water,0,20.0,+20%,Moderate,Critical,3,Moderate,Critical,59590.0,1438.36,0.024138,2.4138,Moderate,3,0.0,0
405041128,Yorke Peninsula - South,Yorke Peninsula,Barossa - Yorke - Mid North,SA Water,0,20.0,+20%,Moderate,Critical,3,Moderate,Critical,52936.0,1438.36,0.027172,2.7172,Moderate,3,0.0,0
406011129,Ceduna,Eyre Peninsula and South West,South Australia - Outback,SA Water,0,20.0,+20%,Low,Moderate,4,Low,Moderate,83534.0,1438.36,0.017219,1.7219,Low,4,0.0,0
406011130,Eyre Peninsula,Eyre Peninsula and South West,South Australia - Outback,SA Water,0,20.0,+20%,Low,Moderate,4,Low,Moderate,77711.0,1438.36,0.018509,1.8509,Low,4,0.0,0
406011131,Kimba - Cleve - Franklin Harbour,Eyre Peninsula and South West,South Australia - Outback,SA Water,0,20.0,+20%,Low,High,4,Low,High,69869.0,1438.36,0.020587,2.0587,Moderate,3,1.0,1
406011132,Le Hunte - Elliston,Eyre Peninsula and South West,South Australia - Outback,SA Water,0,20.0,+20%,Low,High,4,Low,High,73374.0,1438.36,0.019603,1.9603,Low,4,0.0,0
406011133,Port Lincoln,Eyre Peninsula and South West,South Australia - Outback,SA Water,0,20.0,+20%,Low,Moderate,4,Low,Moderate,77295.0,1438.36,0.018609,1.8609,Low,4,0.0,0
406011134,West Coast (SA),Eyre Peninsula and South West,South Australia - Outback,SA Water,0,20.0,+20%,Low,High,4,Low,High,68205.0,1438.36,0.021089,2.1089,Moderate,3,1.0,1
406011135,Western,Eyre Peninsula and South West,South Australia - Outback,SA Water,0,20.0,+20%,Low,Moderate,4,Low,Moderate,77949.0,1438.36,0.018453,1.8453,Low,4,0.0,0
406011136,Whyalla,Eyre Peninsula and South West,South Australia - Outback,SA Water,0,20.0,+20%,Low,High,4,Low,High,70582.0,1438.36,0.020379,2.0379,Moderate,3,1.0,1
406011137,Whyalla - North,Eyre Peninsula and South West,South Australia - Outback,SA Water,0,20.0,+20%,Unknown,Unknown,5,Unknown,Unknown,,1438.36,,,Unknown,5,,0
406021138,APY Lands,Outback - North and East,South Australia - Outback,SA Water,0,20.0,+20%,Low,High,4,Low,High,75216.0,1438.36,0.019123,1.9123,Low,4,0.0,0
406021139,Coober Pedy,Outback - North and East,South Australia - Outback,Council,0,20.0,+20%,Unknown,Unknown,5,Unknown,Unknown,45391.0,,,,Unknown,5,,0
406021140,Quorn - Lake Gilles,Outback - North and East,South Australia - Outback,SA Water,0,20.0,+20%,Moderate,High,3,Moderate,High,62205.0,1438.36,0.023123,2.3123,Moderate,3,0.0,0
406021141,Outback,Outback - North and East,South Australia - Outback,SA Water,0,20.0,+20%,Low,High,4,Low,High,72126.0,1438.36,0.019942,1.9942,Low,4,0.0,0
406021142,Port Augusta,Outback - North and East,South Australia - Outback,SA Water,0,20.0,+20%,Low,Moderate,4,Low,Moderate,75869.0,1438.36,0.018958,1.8958,Low,4,0.0,0
406021143,Roxby Downs,Outback - North and East,South Australia - Outback,SA Water,0,20.0,+20%,Low,Low,4,Low,Low,186554.0,1438.36,0.00771,0.771,Low,4,0.0,0
407011144,Goolwa - Port Elliot,Fleurieu - Kangaroo Island,South Australia - South East,SA Water,0,20.0,+20%,Moderate,Critical,3,Moderate,Critical,57630.0,1438.36,0.024959,2.4959,Moderate,3,0.0,0
407011145,Kangaroo Island,Fleurieu - Kangaroo Island,South Australia - South East,SA Water,0,20.0,+20%,Moderate,High,3,Moderate,High,67017.0,1438.36,0.021463,2.1463,Moderate,3,0.0,0
407011146,Strathalbyn,Fleurieu - Kangaroo Island,South Australia - South East,SA Water,0,20.0,+20%,Low,Moderate,4,Low,Moderate,75869.0,1438.36,0.018958,1.8958,Low,4,0.0,0
407011147,Strathalbyn Surrounds,Fleurieu - Kangaroo Island,South Australia - South East,SA Water,0,20.0,+20%,Low,Moderate,4,Low,Moderate,87871.0,1438.36,0.016369,1.6369,Low,4,0.0,0
407011148,Victor Harbor,Fleurieu - Kangaroo Island,South Australia - South East,SA Water,0,20.0,+20%,Moderate,Critical,3,Moderate,Critical,58046.0,1438.36,0.02478,2.478,Moderate,3,0.0,0
407011149,Yankalilla,Fleurieu - Kangaroo Island,South Australia - South East,SA Water,0,20.0,+20%,Moderate,High,3,Moderate,High,64284.0,1438.36,0.022375,2.2375,Moderate,3,0.0,0
407021150,Grant,Limestone Coast,South Australia - South East,SA Water,0,20.0,+20%,Low,Moderate,4,Low,Moderate,93990.0,1438.36,0.015303,1.5303,Low,4,0.0,0
407021151,Kingston - Robe,Limestone Coast,South Australia - South East,SA Water,0,20.0,+20%,Low,High,4,Low,High,71295.0,1438.36,0.020175,2.0175,Moderate,3,1.0,1
407021152,Millicent,Limestone Coast,South Australia - South East,SA Water,0,20.0,+20%,Moderate,Critical,3,Moderate,Critical,58699.0,1438.36,0.024504,2.4504,Moderate,3,0.0,0
407021154,Naracoorte,Limestone Coast,South Australia - South East,SA Water,0,20.0,+20%,Low,Moderate,4,Low,Moderate,81811.0,1438.36,0.017581,1.7581,Low,4,0.0,0
407021155,Naracoorte Surrounds,Limestone Coast,South Australia - South East,SA Water,0,20.0,+20%,Low,Moderate,4,Low,Moderate,96961.0,1438.36,0.014834,1.4834,Low,4,0.0,0
407021156,Penola,Limestone Coast,South Australia - South East,SA Water,0,20.0,+20%,Low,Moderate,4,Low,Moderate,78068.0,1438.36,0.018424,1.8424,Low,4,0.0,0
407021157,Tatiara,Limestone Coast,South Australia - South East,SA Water,0,20.0,+20%,Low,Moderate,4,Low,Moderate,87336.0,1438.36,0.016469,1.6469,Low,4,0.0,0
407021158,Wattle Range,Limestone Coast,South Australia - South East,SA Water,0,20.0,+20%,Low,Moderate,4,Low,Moderate,80266.0,1438.36,0.01792,1.792,Low,4,0.0,0
407021173,Mount Gambier - East,Limestone Coast,South Australia - South East,SA Water,0,20.0,+20%,Low,Moderate,4,Low,Moderate,80088.0,1438.36,0.01796,1.796,Low,4,0.0,0
407021174,Mount Gambier - West,Limestone Coast,South Australia - South East,SA Water,0,20.0,+20%,Low,High,4,Low,High,71889.0,1438.36,0.020008,2.0008,Moderate,3,1.0,1
407031159,Barmera,Murray and Mallee,South Australia - South East,SA Water,0,20.0,+20%,Low,High,4,Low,High,73968.0,1438.36,0.019446,1.9446,Low,4,0.0,0
407031160,Berri,Murray and Mallee,South Australia - South East,SA Water,0,20.0,+20%,Moderate,Critical,3,Moderate,Critical,61729.0,1438.36,0.023301,2.3301,Moderate,3,0.0,0
407031161,Karoonda - Lameroo,Murray and Mallee,South Australia - South East,SA Water,0,20.0,+20%,Low,High,4,Low,High,70641.0,1438.36,0.020362,2.0362,Moderate,3,1.0,1
407031162,Loxton,Murray and Mallee,South Australia - South East,SA Water,0,20.0,+20%,Low,High,4,Low,High,71770.0,1438.36,0.020041,2.0041,Moderate,3,1.0,1
407031163,Loxton Surrounds,Murray and Mallee,South Australia - South East,SA Water,0,20.0,+20%,Low,Moderate,4,Low,Moderate,77236.0,1438.36,0.018623,1.8623,Low,4,0.0,0
407031164,Mannum,Murray and Mallee,South Australia - South East,SA Water,0,20.0,+20%,Moderate,Critical,3,Moderate,Critical,53530.0,1438.36,0.02687,2.687,Moderate,3,0.0,0
407031165,Murray Bridge,Murray and Mallee,South Australia - South East,SA Water,0,20.0,+20%,Moderate,High,3,Moderate,High,63987.0,1438.36,0.022479,2.2479,Moderate,3,0.0,0
407031166,Murray Bridge Surrounds,Murray and Mallee,South Australia - South East,SA Water,0,20.0,+20%,Low,Moderate,4,Low,Moderate,76879.0,1438.36,0.018709,1.8709,Low,4,0.0,0
407031167,Renmark,Murray and Mallee,South Australia - South East,SA Water,0,20.0,+20%,Moderate,Critical,3,Moderate,Critical,60422.0,1438.36,0.023805,2.3805,Moderate,3,0.0,0
407031168,Renmark Surrounds,Murray and Mallee,South Australia - South East,SA Water,0,20.0,+20%,Low,Moderate,4,Low,Moderate,86682.0,1438.36,0.016594,1.6594,Low,4,0.0,0
407031169,The Coorong,Murray and Mallee,South Australia - South East,SA Water,0,20.0,+20%,Moderate,High,3,Moderate,High,64462.0,1438.36,0.022313,2.2313,Moderate,3,0.0,0
407031170,Waikerie,Murray and Mallee,South Australia - South East,SA Water,0,20.0,+20%,Moderate,Critical,3,Moderate,Critical,61016.0,1438.36,0.023573,2.3573,Moderate,3,0.0,0
497979799,Migratory - Offshore - Shipping (SA),Migratory - Offshore - Shipping (SA),Migratory - Offshore - Shipping (SA),SA Water,0,20.0,+20%,Unknown,Unknown,5,Unknown,Unknown,,1438.36,,,Unknown,5,,0
499999499,No usual address (SA),No usual address (SA),No usual address (SA),SA Water,0,20.0,+20%,Unknown,Unknown,5,Unknown,Unknown,,1438.36,,,Unknown,5,,0
401011001,Adelaide,Adelaide City,Adelaide - Central and Hills,SA Water,1,25.0,+25%,Low,Moderate,4,Low,Moderate,81098.0,1278.39,0.015764,1.5764,Low,4,0.0,0
401011002,North Adelaide,Adelaide City,Adelaide - Central and Hills,SA Water,1,25.0,+25%,Low,Low,4,Low,Low,110923.0,1278.39,0.011525,1.1525,Low,4,0.0,0
401021003,Adelaide Hills,Adelaide Hills,Adelaide - Central and Hills,SA Water,1,25.0,+25%,Low,Low,4,Low,Low,113180.0,1278.39,0.011295,1.1295,Low,4,0.0,0
401021004,Aldgate - Stirling,Adelaide Hills,Adelaide - Central and Hills,SA Water,1,25.0,+25%,Low,Low,4,Low,Low,136470.0,1278.39,0.009368,0.9368,Low,4,0.0,0
401021005,Hahndorf - Echunga,Adelaide Hills,Adelaide - Central and Hills,SA Water,1,25.0,+25%,Low,Low,4,Low,Low,114428.0,1278.39,0.011172,1.1172,Low,4,0.0,0
401021006,Lobethal - Woodside,Adelaide Hills,Adelaide - Central and Hills,SA Water,1,25.0,+25%,Low,Moderate,4,Low,Moderate,100466.0,1278.39,0.012725,1.2725,Low,4,0.0,0
401021007,Mount Barker,Adelaide Hills,Adelaide - Central and Hills,SA Water,1,25.0,+25%,Low,Moderate,4,Low,Moderate,100882.0,1278.39,0.012672,1.2672,Low,4,0.0,0
401021008,Mount Barker Surrounds,Adelaide Hills,Adelaide - Central and Hills,SA Water,1,25.0,+25%,Low,Low,4,Low,Low,105991.0,1278.39,0.012061,1.2061,Low,4,0.0,0
401021009,Nairne,Adelaide Hills,Adelaide - Central and Hills,SA Water,1,25.0,+25%,Low,Low,4,Low,Low,105516.0,1278.39,0.012116,1.2116,Low,4,0.0,0
401021010,Uraidla - Summertown,Adelaide Hills,Adelaide - Central and Hills,SA Water,1,25.0,+25%,Low,Low,4,Low,Low,129578.0,1278.39,0.009866,0.9866,Low,4,0.0,0
401031011,Burnside - Wattle Park,Burnside,Adelaide - Central and Hills,SA Water,1,25.0,+25%,Low,Low,4,Low,Low,123934.0,1278.39,0.010315,1.0315,Low,4,0.0,0
401031012,Beaumont - Glen Osmond,Burnside,Adelaide - Central and Hills,SA Water,1,25.0,+25%,Low,Low,4,Low,Low,138193.0,1278.39,0.009251,0.9251,Low,4,0.0,0
401031013,Toorak Gardens,Burnside,Adelaide - Central and Hills,SA Water,1,25.0,+25%,Low,Low,4,Low,Low,114606.0,1278.39,0.011155,1.1155,Low,4,0.0,0
401041014,Athelstone,Campbelltown (SA),Adelaide - Central and Hills,SA Water,1,25.0,+25%,Low,Low,4,Low,Low,115319.0,1278.39,0.011086,1.1086,Low,4,0.0,0
401041015,Paradise - Newton,Campbelltown (SA),Adelaide - Central and Hills,SA Water,1,25.0,+25%,Low,Moderate,4,Low,Moderate,84781.0,1278.39,0.015079,1.5079,Low,4,0.0,0
401041016,Rostrevor - Magill,Campbelltown (SA),Adelaide - Central and Hills,SA Water,1,25.0,+25%,Low,Moderate,4,Low,Moderate,97674.0,1278.39,0.013088,1.3088,Low,4,0.0,0
401051017,Norwood (SA),Norwood - Payneham - St Peters,Adelaide - Central and Hills,SA Water,1,25.0,+25%,Low,Moderate,4,Low,Moderate,98208.0,1278.39,0.013017,1.3017,Low,4,0.0,0
401051018,Payneham - Felixstow,Norwood - Payneham - St Peters,Adelaide - Central and Hills,SA Water,1,25.0,+25%,Low,Moderate,4,Low,Moderate,87692.0,1278.39,0.014578,1.4578,Low,4,0.0,0
401051019,St Peters - Marden,Norwood - Payneham - St Peters,Adelaide - Central and Hills,SA Water,1,25.0,+25%,Low,Low,4,Low,Low,111636.0,1278.39,0.011451,1.1451,Low,4,0.0,0
401061020,Nailsworth - Broadview,Prospect - Walkerville,Adelaide - Central and Hills,SA Water,1,25.0,+25%,Low,Low,4,Low,Low,116864.0,1278.39,0.010939,1.0939,Low,4,0.0,0
401061021,Prospect,Prospect - Walkerville,Adelaide - Central and Hills,SA Water,1,25.0,+25%,Low,Low,4,Low,Low,119953.0,1278.39,0.010657,1.0657,Low,4,0.0,0
401061022,Walkerville,Prospect - Walkerville,Adelaide - Central and Hills,SA Water,1,25.0,+25%,Low,Low,4,Low,Low,121914.0,1278.39,0.010486,1.0486,Low,4,0.0,0
401071023,Goodwood - Millswood,Unley,Adelaide - Central and Hills,SA Water,1,25.0,+25%,Low,Low,4,Low,Low,118884.0,1278.39,0.010753,1.0753,Low,4,0.0,0
401071024,Unley - Parkside,Unley,Adelaide - Central and Hills,SA Water,1,25.0,+25%,Low,Low,4,Low,Low,118706.0,1278.39,0.010769,1.0769,Low,4,0.0,0
402011025,Gawler - North,Gawler - Two Wells,Adelaide - North,SA Water,1,25.0,+25%,Low,Low,4,Low,Low,105160.0,1278.39,0.012157,1.2157,Low,4,0.0,0
402011026,Gawler - South,Gawler - Two Wells,Adelaide - North,SA Water,1,25.0,+25%,Low,Moderate,4,Low,Moderate,79375.0,1278.39,0.016106,1.6106,Low,4,0.0,0
402011027,Lewiston - Two Wells,Gawler - Two Wells,Adelaide - North,SA Water,1,25.0,+25%,Low,Low,4,Low,Low,113358.0,1278.39,0.011277,1.1277,Low,4,0.0,0
402021028,Craigmore - Blakeview,Playford,Adelaide - North,SA Water,1,25.0,+25%,Low,Moderate,4,Low,Moderate,95060.0,1278.39,0.013448,1.3448,Low,4,0.0,0
402021029,Davoren Park,Playford,Adelaide - North,SA Water,1,25.0,+25%,Low,Moderate,4,Low,Moderate,68978.0,1278.39,0.018533,1.8533,Low,4,0.0,0
402021030,Elizabeth,Playford,Adelaide - North,SA Water,1,25.0,+25%,Moderate,Critical,3,Moderate,Critical,49134.0,1278.39,0.026018,2.6018,Moderate,3,0.0,0
402021031,Elizabeth East,Playford,Adelaide - North,SA Water,1,25.0,+25%,Low,Moderate,4,Low,Moderate,70582.0,1278.39,0.018112,1.8112,Low,4,0.0,0
402021032,Munno Para West - Angle Vale,Playford,Adelaide - North,SA Water,1,25.0,+25%,Low,Moderate,4,Low,Moderate,98208.0,1278.39,0.013017,1.3017,Low,4,0.0,0
402021033,One Tree Hill,Playford,Adelaide - North,SA Water,1,25.0,+25%,Low,Low,4,Low,Low,135282.0,1278.39,0.00945,0.945,Low,4,0.0,0
402021034,Smithfield - Elizabeth North,Playford,Adelaide - North,SA Water,1,25.0,+25%,Moderate,High,3,Moderate,High,55788.0,1278.39,0.022915,2.2915,Moderate,3,0.0,0
402021035,Virginia - Waterloo Corner,Playford,Adelaide - North,SA Water,1,25.0,+25%,Low,Moderate,4,Low,Moderate,82405.0,1278.39,0.015514,1.5514,Low,4,0.0,0
402031036,Enfield - Blair Athol,Port Adelaide - East,Adelaide - North,SA Water,1,25.0,+25%,Low,Moderate,4,Low,Moderate,84841.0,1278.39,0.015068,1.5068,Low,4,0.0,0
402031038,Windsor Gardens,Port Adelaide - East,Adelaide - North,SA Water,1,25.0,+25%,Low,Moderate,4,Low,Moderate,94762.0,1278.39,0.013491,1.3491,Low,4,0.0,0
402031175,Northgate - Northfield,Port Adelaide - East,Adelaide - North,SA Water,1,25.0,+25%,Low,Low,4,Low,Low,104506.0,1278.39,0.012233,1.2233,Low,4,0.0,0
402031176,Valley View - Gilles Plains,Port Adelaide - East,Adelaide - North,SA Water,1,25.0,+25%,Low,Moderate,4,Low,Moderate,87277.0,1278.39,0.014648,1.4648,Low,4,0.0,0
402041039,Dry Creek - North,Salisbury,Adelaide - North,SA Water,1,25.0,+25%,Unknown,Unknown,5,Unknown,Unknown,,1278.39,,,Unknown,5,,0
402041040,Ingle Farm,Salisbury,Adelaide - North,SA Water,1,25.0,+25%,Low,Moderate,4,Low,Moderate,79850.0,1278.39,0.01601,1.601,Low,4,0.0,0
402041041,Para Hills,Salisbury,Adelaide - North,SA Water,1,25.0,+25%,Low,Moderate,4,Low,Moderate,85791.0,1278.39,0.014901,1.4901,Low,4,0.0,0
402041042,Parafield,Salisbury,Adelaide - North,SA Water,1,25.0,+25%,Unknown,Unknown,5,Unknown,Unknown,,1278.39,,,Unknown,5,,0
402041043,Parafield Gardens,Salisbury,Adelaide - North,SA Water,1,25.0,+25%,Low,Moderate,4,Low,Moderate,82226.0,1278.39,0.015547,1.5547,Low,4,0.0,0
402041044,Paralowie,Salisbury,Adelaide - North,SA Water,1,25.0,+25%,Low,Moderate,4,Low,Moderate,86623.0,1278.39,0.014758,1.4758,Low,4,0.0,0
402041046,Salisbury,Salisbury,Adelaide - North,SA Water,1,25.0,+25%,Low,High,4,Low,High,63630.0,1278.39,0.020091,2.0091,Moderate,3,1.0,1
402041047,Salisbury East,Salisbury,Adelaide - North,SA Water,1,25.0,+25%,Low,Moderate,4,Low,Moderate,79553.0,1278.39,0.01607,1.607,Low,4,0.0,0
402041048,Salisbury North,Salisbury,Adelaide - North,SA Water,1,25.0,+25%,Low,Moderate,4,Low,Moderate,74562.0,1278.39,0.017145,1.7145,Low,4,0.0,0
402041171,Mawson Lakes - Globe Derby Park,Salisbury,Adelaide - North,SA Water,1,25.0,+25%,Low,Low,4,Low,Low,113656.0,1278.39,0.011248,1.1248,Low,4,0.0,0
402041172,Pooraka - Cavan,Salisbury,Adelaide - North,SA Water,1,25.0,+25%,Low,Moderate,4,Low,Moderate,75038.0,1278.39,0.017037,1.7037,Low,4,0.0,0
402051049,Golden Grove,Tea Tree Gully,Adelaide - North,SA Water,1,25.0,+25%,Low,Moderate,4,Low,Moderate,99456.0,1278.39,0.012854,1.2854,Low,4,0.0,0
402051050,Greenwith,Tea Tree Gully,Adelaide - North,SA Water,1,25.0,+25%,Low,Low,4,Low,Low,115081.0,1278.39,0.011109,1.1109,Low,4,0.0,0
402051051,Highbury - Dernancourt,Tea Tree Gully,Adelaide - North,SA Water,1,25.0,+25%,Low,Low,4,Low,Low,114071.0,1278.39,0.011207,1.1207,Low,4,0.0,0
402051052,Hope Valley - Modbury,Tea Tree Gully,Adelaide - North,SA Water,1,25.0,+25%,Low,Moderate,4,Low,Moderate,78068.0,1278.39,0.016375,1.6375,Low,4,0.0,0
402051053,Modbury Heights,Tea Tree Gully,Adelaide - North,SA Water,1,25.0,+25%,Low,Moderate,4,Low,Moderate,98446.0,1278.39,0.012986,1.2986,Low,4,0.0,0
402051054,Redwood Park,Tea Tree Gully,Adelaide - North,SA Water,1,25.0,+25%,Low,Low,4,Low,Low,108011.0,1278.39,0.011836,1.1836,Low,4,0.0,0
402051055,St Agnes - Ridgehaven,Tea Tree Gully,Adelaide - North,SA Water,1,25.0,+25%,Low,Moderate,4,Low,Moderate,88643.0,1278.39,0.014422,1.4422,Low,4,0.0,0
403011056,Brighton (SA),Holdfast Bay,Adelaide - South,SA Water,1,25.0,+25%,Low,Moderate,4,Low,Moderate,99397.0,1278.39,0.012861,1.2861,Low,4,0.0,0
403011057,Glenelg (SA),Holdfast Bay,Adelaide - South,SA Water,1,25.0,+25%,Low,Moderate,4,Low,Moderate,92802.0,1278.39,0.013775,1.3775,Low,4,0.0,0
403021058,Edwardstown,Marion,Adelaide - South,SA Water,1,25.0,+25%,Low,Moderate,4,Low,Moderate,86267.0,1278.39,0.014819,1.4819,Low,4,0.0,0
403021059,Hallett Cove,Marion,Adelaide - South,SA Water,1,25.0,+25%,Low,Low,4,Low,Low,111457.0,1278.39,0.01147,1.147,Low,4,0.0,0
403021060,Marino - Seaview Downs,Marion,Adelaide - South,SA Water,1,25.0,+25%,Low,Low,4,Low,Low,108190.0,1278.39,0.011816,1.1816,Low,4,0.0,0
403021061,Mitchell Park,Marion,Adelaide - South,SA Water,1,25.0,+25%,Low,Moderate,4,Low,Moderate,77652.0,1278.39,0.016463,1.6463,Low,4,0.0,0
403021062,Morphettville,Marion,Adelaide - South,SA Water,1,25.0,+25%,Low,Moderate,4,Low,Moderate,92327.0,1278.39,0.013846,1.3846,Low,4,0.0,0
403021063,Sheidow Park - Trott Park,Marion,Adelaide - South,SA Water,1,25.0,+25%,Low,Low,4,Low,Low,114190.0,1278.39,0.011195,1.1195,Low,4,0.0,0
403021064,Warradale,Marion,Adelaide - South,SA Water,1,25.0,+25%,Low,Moderate,4,Low,Moderate,84425.0,1278.39,0.015142,1.5142,Low,4,0.0,0
403031065,Belair,Mitcham,Adelaide - South,SA Water,1,25.0,+25%,Low,Low,4,Low,Low,135044.0,1278.39,0.009466,0.9466,Low,4,0.0,0
403031066,Bellevue Heights,Mitcham,Adelaide - South,SA Water,1,25.0,+25%,Low,Low,4,Low,Low,104803.0,1278.39,0.012198,1.2198,Low,4,0.0,0
403031067,Blackwood,Mitcham,Adelaide - South,SA Water,1,25.0,+25%,Low,Low,4,Low,Low,125597.0,1278.39,0.010179,1.0179,Low,4,0.0,0
403031068,Colonel Light Gardens,Mitcham,Adelaide - South,SA Water,1,25.0,+25%,Low,Low,4,Low,Low,119181.0,1278.39,0.010726,1.0726,Low,4,0.0,0
403031069,Mitcham (SA),Mitcham,Adelaide - South,SA Water,1,25.0,+25%,Low,Low,4,Low,Low,130885.0,1278.39,0.009767,0.9767,Low,4,0.0,0
403031070,Panorama,Mitcham,Adelaide - South,SA Water,1,25.0,+25%,Low,Moderate,4,Low,Moderate,90188.0,1278.39,0.014175,1.4175,Low,4,0.0,0
403041071,Aberfoyle Park,Onkaparinga,Adelaide - South,SA Water,1,25.0,+25%,Low,Low,4,Low,Low,107358.0,1278.39,0.011908,1.1908,Low,4,0.0,0
403041072,Aldinga,Onkaparinga,Adelaide - South,SA Water,1,25.0,+25%,Low,Moderate,4,Low,Moderate,78246.0,1278.39,0.016338,1.6338,Low,4,0.0,0
403041073,Christie Downs,Onkaparinga,Adelaide - South,SA Water,1,25.0,+25%,Low,High,4,Low,High,59115.0,1278.39,0.021625,2.1625,Moderate,3,1.0,1
403041074,Christies Beach,Onkaparinga,Adelaide - South,SA Water,1,25.0,+25%,Low,Moderate,4,Low,Moderate,72483.0,1278.39,0.017637,1.7637,Low,4,0.0,0
403041075,Clarendon,Onkaparinga,Adelaide - South,SA Water,1,25.0,+25%,Low,Low,4,Low,Low,120013.0,1278.39,0.010652,1.0652,Low,4,0.0,0
403041076,Coromandel Valley,Onkaparinga,Adelaide - South,SA Water,1,25.0,+25%,Low,Low,4,Low,Low,132667.0,1278.39,0.009636,0.9636,Low,4,0.0,0
403041077,Flagstaff Hill,Onkaparinga,Adelaide - South,SA Water,1,25.0,+25%,Low,Low,4,Low,Low,121498.0,1278.39,0.010522,1.0522,Low,4,0.0,0
403041078,Hackham - Onkaparinga Hills,Onkaparinga,Adelaide - South,SA Water,1,25.0,+25%,Low,Moderate,4,Low,Moderate,80504.0,1278.39,0.01588,1.588,Low,4,0.0,0
403041079,Hackham West - Huntfield Heights,Onkaparinga,Adelaide - South,SA Water,1,25.0,+25%,Low,High,4,Low,High,64165.0,1278.39,0.019923,1.9923,Low,4,0.0,0
403041080,Happy Valley,Onkaparinga,Adelaide - South,SA Water,1,25.0,+25%,Low,Moderate,4,Low,Moderate,93158.0,1278.39,0.013723,1.3723,Low,4,0.0,0
403041081,Happy Valley Reservoir,Onkaparinga,Adelaide - South,SA Water,1,25.0,+25%,Low,Moderate,4,Low,Moderate,81692.0,1278.39,0.015649,1.5649,Low,4,0.0,0
403041082,Lonsdale,Onkaparinga,Adelaide - South,SA Water,1,25.0,+25%,Moderate,Critical,3,Moderate,Critical,43074.0,1278.39,0.029679,2.9679,Moderate,3,0.0,0
403041083,McLaren Vale,Onkaparinga,Adelaide - South,SA Water,1,25.0,+25%,Low,Moderate,4,Low,Moderate,97317.0,1278.39,0.013136,1.3136,Low,4,0.0,0
403041084,Morphett Vale - East,Onkaparinga,Adelaide - South,SA Water,1,25.0,+25%,Low,Moderate,4,Low,Moderate,72958.0,1278.39,0.017522,1.7522,Low,4,0.0,0
403041085,Morphett Vale - West,Onkaparinga,Adelaide - South,SA Water,1,25.0,+25%,Low,Moderate,4,Low,Moderate,69096.0,1278.39,0.018502,1.8502,Low,4,0.0,0
403041086,Reynella,Onkaparinga,Adelaide - South,SA Water,1,25.0,+25%,Low,Moderate,4,Low,Moderate,79256.0,1278.39,0.01613,1.613,Low,4,0.0,0
403041088,Willunga,Onkaparinga,Adelaide - South,SA Water,1,25.0,+25%,Low,Low,4,Low,Low,104268.0,1278.39,0.012261,1.2261,Low,4,0.0,0
403041089,Woodcroft,Onkaparinga,Adelaide - South,SA Water,1,25.0,+25%,Low,Moderate,4,Low,Moderate,99337.0,1278.39,0.012869,1.2869,Low,4,0.0,0
403041177,Seaford - Seaford Meadows,Onkaparinga,Adelaide - South,SA Water,1,25.0,+25%,Low,Moderate,4,Low,Moderate,87098.0,1278.39,0.014678,1.4678,Low,4,0.0,0
403041178,Seaford Rise - Moana,Onkaparinga,Adelaide - South,SA Water,1,25.0,+25%,Low,Moderate,4,Low,Moderate,90366.0,1278.39,0.014147,1.4147,Low,4,0.0,0
404011090,Beverley,Charles Sturt,Adelaide - West,SA Water,1,25.0,+25%,Low,Moderate,4,Low,Moderate,100704.0,1278.39,0.012695,1.2695,Low,4,0.0,0
404011091,Flinders Park,Charles Sturt,Adelaide - West,SA Water,1,25.0,+25%,Low,Moderate,4,Low,Moderate,92861.0,1278.39,0.013767,1.3767,Low,4,0.0,0
404011092,Henley Beach,Charles Sturt,Adelaide - West,SA Water,1,25.0,+25%,Low,Low,4,Low,Low,106110.0,1278.39,0.012048,1.2048,Low,4,0.0,0
404011093,Hindmarsh - Brompton,Charles Sturt,Adelaide - West,SA Water,1,25.0,+25%,Low,Moderate,4,Low,Moderate,96901.0,1278.39,0.013193,1.3193,Low,4,0.0,0
404011094,Royal Park - Hendon - Albert Park,Charles Sturt,Adelaide - West,SA Water,1,25.0,+25%,Low,Moderate,4,Low,Moderate,84781.0,1278.39,0.015079,1.5079,Low,4,0.0,0
404011095,Seaton - Grange,Charles Sturt,Adelaide - West,SA Water,1,25.0,+25%,Low,Moderate,4,Low,Moderate,84662.0,1278.39,0.0151,1.51,Low,4,0.0,0
404011096,West Lakes,Charles Sturt,Adelaide - West,SA Water,1,25.0,+25%,Low,Moderate,4,Low,Moderate,89475.0,1278.39,0.014288,1.4288,Low,4,0.0,0
404011097,Woodville - Cheltenham,Charles Sturt,Adelaide - West,SA Water,1,25.0,+25%,Low,Moderate,4,Low,Moderate,88584.0,1278.39,0.014431,1.4431,Low,4,0.0,0
404021098,Dry Creek - South,Port Adelaide - West,Adelaide - West,SA Water,1,25.0,+25%,Unknown,Unknown,5,Unknown,Unknown,,1278.39,,,Unknown,5,,0
404021099,Largs Bay - Semaphore,Port Adelaide - West,Adelaide - West,SA Water,1,25.0,+25%,Low,Moderate,4,Low,Moderate,94109.0,1278.39,0.013584,1.3584,Low,4,0.0,0
404021100,North Haven,Port Adelaide - West,Adelaide - West,SA Water,1,25.0,+25%,Low,Moderate,4,Low,Moderate,84009.0,1278.39,0.015217,1.5217,Low,4,0.0,0
404021101,Port Adelaide,Port Adelaide - West,Adelaide - West,SA Water,1,25.0,+25%,Low,Moderate,4,Low,Moderate,74087.0,1278.39,0.017255,1.7255,Low,4,0.0,0
404021102,The Parks,Port Adelaide - West,Adelaide - West,SA Water,1,25.0,+25%,Low,Moderate,4,Low,Moderate,77058.0,1278.39,0.01659,1.659,Low,4,0.0,0
404021103,Torrens Island,Port Adelaide - West,Adelaide - West,SA Water,1,25.0,+25%,Moderate,Critical,3,Moderate,Critical,44500.0,1278.39,0.028728,2.8728,Moderate,3,0.0,0
404031104,Adelaide Airport,West Torrens,Adelaide - West,SA Water,1,25.0,+25%,Unknown,Unknown,5,Unknown,Unknown,,1278.39,,,Unknown,5,,0
404031105,Fulham,West Torrens,Adelaide - West,SA Water,1,25.0,+25%,Low,Low,4,Low,Low,104150.0,1278.39,0.012275,1.2275,Low,4,0.0,0
404031106,Lockleys,West Torrens,Adelaide - West,SA Water,1,25.0,+25%,Low,Moderate,4,Low,Moderate,97139.0,1278.39,0.01316,1.316,Low,4,0.0,0
404031107,Plympton,West Torrens,Adelaide - West,SA Water,1,25.0,+25%,Low,Moderate,4,Low,Moderate,92148.0,1278.39,0.013873,1.3873,Low,4,0.0,0
404031108,Richmond (SA),West Torrens,Adelaide - West,SA Water,1,25.0,+25%,Low,Moderate,4,Low,Moderate,92386.0,1278.39,0.013837,1.3837,Low,4,0.0,0
404031109,West Beach,West Torrens,Adelaide - West,SA Water,1,25.0,+25%,Low,Low,4,Low,Low,103734.0,1278.39,0.012324,1.2324,Low,4,0.0,0
405011110,Barossa - Angaston,Barossa,Barossa - Yorke - Mid North,SA Water,0,25.0,+25%,Low,Moderate,4,Low,Moderate,85613.0,1461.99,0.017077,1.7077,Low,4,0.0,0
405011111,Light,Barossa,Barossa - Yorke - Mid North,SA Water,0,25.0,+25%,Low,Moderate,4,Low,Moderate,91732.0,1461.99,0.015938,1.5938,Low,4,0.0,0
405011112,Lyndoch,Barossa,Barossa - Yorke - Mid North,SA Water,0,25.0,+25%,Low,Moderate,4,Low,Moderate,108546.0,1461.99,0.013469,1.3469,Low,4,0.0,0
405011113,Mallala,Barossa,Barossa - Yorke - Mid North,SA Water,0,25.0,+25%,Low,Moderate,4,Low,Moderate,81335.0,1461.99,0.017975,1.7975,Low,4,0.0,0
405011114,Nuriootpa,Barossa,Barossa - Yorke - Mid North,SA Water,0,25.0,+25%,Low,Moderate,4,Low,Moderate,78781.0,1461.99,0.018558,1.8558,Low,4,0.0,0
405011115,Tanunda,Barossa,Barossa - Yorke - Mid North,SA Water,0,25.0,+25%,Low,Moderate,4,Low,Moderate,85910.0,1461.99,0.017018,1.7018,Low,4,0.0,0
405021116,Clare,Lower North,Barossa - Yorke - Mid North,SA Water,0,25.0,+25%,Low,Moderate,4,Low,Moderate,81276.0,1461.99,0.017988,1.7988,Low,4,0.0,0
405021117,Gilbert Valley,Lower North,Barossa - Yorke - Mid North,SA Water,0,25.0,+25%,Low,High,4,Low,High,74681.0,1461.99,0.019576,1.9576,Low,4,0.0,0
405021118,Goyder,Lower North,Barossa - Yorke - Mid North,SA Water,0,25.0,+25%,Moderate,Critical,3,Moderate,Critical,54481.0,1461.99,0.026835,2.6835,Moderate,3,0.0,0
405021119,Wakefield - Barunga West,Lower North,Barossa - Yorke - Mid North,SA Water,0,25.0,+25%,Moderate,High,3,Moderate,High,64878.0,1461.99,0.022534,2.2534,Moderate,3,0.0,0
405031120,Jamestown,Mid North,Barossa - Yorke - Mid North,SA Water,0,25.0,+25%,Low,High,4,Low,High,68027.0,1461.99,0.021491,2.1491,Moderate,3,1.0,1
405031121,Peterborough - Mount Remarkable,Mid North,Barossa - Yorke - Mid North,SA Water,0,25.0,+25%,Moderate,Critical,3,Moderate,Critical,55313.0,1461.99,0.026431,2.6431,Moderate,3,0.0,0
405031122,Port Pirie,Mid North,Barossa - Yorke - Mid North,SA Water,0,25.0,+25%,Moderate,Critical,3,Moderate,Critical,62026.0,1461.99,0.023571,2.3571,Moderate,3,0.0,0
405031123,Port Pirie Surrounds,Mid North,Barossa - Yorke - Mid North,SA Water,0,25.0,+25%,Low,High,4,Low,High,68027.0,1461.99,0.021491,2.1491,Moderate,3,1.0,1
405041124,Kadina,Yorke Peninsula,Barossa - Yorke - Mid North,SA Water,0,25.0,+25%,Low,High,4,Low,High,68621.0,1461.99,0.021305,2.1305,Moderate,3,1.0,1
405041125,Moonta,Yorke Peninsula,Barossa - Yorke - Mid North,SA Water,0,25.0,+25%,Moderate,Critical,3,Moderate,Critical,57333.0,1461.99,0.0255,2.55,Moderate,3,0.0,0
405041126,Wallaroo,Yorke Peninsula,Barossa - Yorke - Mid North,SA Water,0,25.0,+25%,Moderate,Critical,3,Moderate,Critical,54422.0,1461.99,0.026864,2.6864,Moderate,3,0.0,0
405041127,Yorke Peninsula - North,Yorke Peninsula,Barossa - Yorke - Mid North,SA Water,0,25.0,+25%,Moderate,Critical,3,Moderate,Critical,59590.0,1461.99,0.024534,2.4534,Moderate,3,0.0,0
405041128,Yorke Peninsula - South,Yorke Peninsula,Barossa - Yorke - Mid North,SA Water,0,25.0,+25%,Moderate,Critical,3,Moderate,Critical,52936.0,1461.99,0.027618,2.7618,Moderate,3,0.0,0
406011129,Ceduna,Eyre Peninsula and South West,South Australia - Outback,SA Water,0,25.0,+25%,Low,Moderate,4,Low,Moderate,83534.0,1461.99,0.017502,1.7502,Low,4,0.0,0
406011130,Eyre Peninsula,Eyre Peninsula and South West,South Australia - Outback,SA Water,0,25.0,+25%,Low,Moderate,4,Low,Moderate,77711.0,1461.99,0.018813,1.8813,Low,4,0.0,0
406011131,Kimba - Cleve - Franklin Harbour,Eyre Peninsula and South West,South Australia - Outback,SA Water,0,25.0,+25%,Low,High,4,Low,High,69869.0,1461.99,0.020925,2.0925,Moderate,3,1.0,1
406011132,Le Hunte - Elliston,Eyre Peninsula and South West,South Australia - Outback,SA Water,0,25.0,+25%,Low,High,4,Low,High,73374.0,1461.99,0.019925,1.9925,Low,4,0.0,0
406011133,Port Lincoln,Eyre Peninsula and South West,South Australia - Outback,SA Water,0,25.0,+25%,Low,Moderate,4,Low,Moderate,77295.0,1461.99,0.018914,1.8914,Low,4,0.0,0
406011134,West Coast (SA),Eyre Peninsula and South West,South Australia - Outback,SA Water,0,25.0,+25%,Low,High,4,Low,High,68205.0,1461.99,0.021435,2.1435,Moderate,3,1.0,1
406011135,Western,Eyre Peninsula and South West,South Australia - Outback,SA Water,0,25.0,+25%,Low,Moderate,4,Low,Moderate,77949.0,1461.99,0.018756,1.8756,Low,4,0.0,0
406011136,Whyalla,Eyre Peninsula and South West,South Australia - Outback,SA Water,0,25.0,+25%,Low,High,4,Low,High,70582.0,1461.99,0.020713,2.0713,Moderate,3,1.0,1
406011137,Whyalla - North,Eyre Peninsula and South West,South Australia - Outback,SA Water,0,25.0,+25%,Unknown,Unknown,5,Unknown,Unknown,,1461.99,,,Unknown,5,,0
406021138,APY Lands,Outback - North and East,South Australia - Outback,SA Water,0,25.0,+25%,Low,High,4,Low,High,75216.0,1461.99,0.019437,1.9437,Low,4,0.0,0
406021139,Coober Pedy,Outback - North and East,South Australia - Outback,Council,0,25.0,+25%,Unknown,Unknown,5,Unknown,Unknown,45391.0,,,,Unknown,5,,0
406021140,Quorn - Lake Gilles,Outback - North and East,South Australia - Outback,SA Water,0,25.0,+25%,Moderate,High,3,Moderate,High,62205.0,1461.99,0.023503,2.3503,Moderate,3,0.0,0
406021141,Outback,Outback - North and East,South Australia - Outback,SA Water,0,25.0,+25%,Low,High,4,Low,High,72126.0,1461.99,0.02027,2.027,Moderate,3,1.0,1
406021142,Port Augusta,Outback - North and East,South Australia - Outback,SA Water,0,25.0,+25%,Low,Moderate,4,Low,Moderate,75869.0,1461.99,0.01927,1.927,Low,4,0.0,0
406021143,Roxby Downs,Outback - North and East,South Australia - Outback,SA Water,0,25.0,+25%,Low,Low,4,Low,Low,186554.0,1461.99,0.007837,0.7837,Low,4,0.0,0
407011144,Goolwa - Port Elliot,Fleurieu - Kangaroo Island,South Australia - South East,SA Water,0,25.0,+25%,Moderate,Critical,3,Moderate,Critical,57630.0,1461.99,0.025369,2.5369,Moderate,3,0.0,0
407011145,Kangaroo Island,Fleurieu - Kangaroo Island,South Australia - South East,SA Water,0,25.0,+25%,Moderate,High,3,Moderate,High,67017.0,1461.99,0.021815,2.1815,Moderate,3,0.0,0
407011146,Strathalbyn,Fleurieu - Kangaroo Island,South Australia - South East,SA Water,0,25.0,+25%,Low,Moderate,4,Low,Moderate,75869.0,1461.99,0.01927,1.927,Low,4,0.0,0
407011147,Strathalbyn Surrounds,Fleurieu - Kangaroo Island,South Australia - South East,SA Water,0,25.0,+25%,Low,Moderate,4,Low,Moderate,87871.0,1461.99,0.016638,1.6638,Low,4,0.0,0
407011148,Victor Harbor,Fleurieu - Kangaroo Island,South Australia - South East,SA Water,0,25.0,+25%,Moderate,Critical,3,Moderate,Critical,58046.0,1461.99,0.025187,2.5187,Moderate,3,0.0,0
407011149,Yankalilla,Fleurieu - Kangaroo Island,South Australia - South East,SA Water,0,25.0,+25%,Moderate,High,3,Moderate,High,64284.0,1461.99,0.022743,2.2743,Moderate,3,0.0,0
407021150,Grant,Limestone Coast,South Australia - South East,SA Water,0,25.0,+25%,Low,Moderate,4,Low,Moderate,93990.0,1461.99,0.015555,1.5555,Low,4,0.0,0
407021151,Kingston - Robe,Limestone Coast,South Australia - South East,SA Water,0,25.0,+25%,Low,High,4,Low,High,71295.0,1461.99,0.020506,2.0506,Moderate,3,1.0,1
407021152,Millicent,Limestone Coast,South Australia - South East,SA Water,0,25.0,+25%,Moderate,Critical,3,Moderate,Critical,58699.0,1461.99,0.024907,2.4907,Moderate,3,0.0,0
407021154,Naracoorte,Limestone Coast,South Australia - South East,SA Water,0,25.0,+25%,Low,Moderate,4,Low,Moderate,81811.0,1461.99,0.01787,1.787,Low,4,0.0,0
407021155,Naracoorte Surrounds,Limestone Coast,South Australia - South East,SA Water,0,25.0,+25%,Low,Moderate,4,Low,Moderate,96961.0,1461.99,0.015078,1.5078,Low,4,0.0,0
407021156,Penola,Limestone Coast,South Australia - South East,SA Water,0,25.0,+25%,Low,Moderate,4,Low,Moderate,78068.0,1461.99,0.018727,1.8727,Low,4,0.0,0
407021157,Tatiara,Limestone Coast,South Australia - South East,SA Water,0,25.0,+25%,Low,Moderate,4,Low,Moderate,87336.0,1461.99,0.01674,1.674,Low,4,0.0,0
407021158,Wattle Range,Limestone Coast,South Australia - South East,SA Water,0,25.0,+25%,Low,Moderate,4,Low,Moderate,80266.0,1461.99,0.018214,1.8214,Low,4,0.0,0
407021173,Mount Gambier - East,Limestone Coast,South Australia - South East,SA Water,0,25.0,+25%,Low,Moderate,4,Low,Moderate,80088.0,1461.99,0.018255,1.8255,Low,4,0.0,0
407021174,Mount Gambier - West,Limestone Coast,South Australia - South East,SA Water,0,25.0,+25%,Low,High,4,Low,High,71889.0,1461.99,0.020337,2.0337,Moderate,3,1.0,1
407031159,Barmera,Murray and Mallee,South Australia - South East,SA Water,0,25.0,+25%,Low,High,4,Low,High,73968.0,1461.99,0.019765,1.9765,Low,4,0.0,0
407031160,Berri,Murray and Mallee,South Australia - South East,SA Water,0,25.0,+25%,Moderate,Critical,3,Moderate,Critical,61729.0,1461.99,0.023684,2.3684,Moderate,3,0.0,0
407031161,Karoonda - Lameroo,Murray and Mallee,South Australia - South East,SA Water,0,25.0,+25%,Low,High,4,Low,High,70641.0,1461.99,0.020696,2.0696,Moderate,3,1.0,1
407031162,Loxton,Murray and Mallee,South Australia - South East,SA Water,0,25.0,+25%,Low,High,4,Low,High,71770.0,1461.99,0.02037,2.037,Moderate,3,1.0,1
407031163,Loxton Surrounds,Murray and Mallee,South Australia - South East,SA Water,0,25.0,+25%,Low,Moderate,4,Low,Moderate,77236.0,1461.99,0.018929,1.8929,Low,4,0.0,0
407031164,Mannum,Murray and Mallee,South Australia - South East,SA Water,0,25.0,+25%,Moderate,Critical,3,Moderate,Critical,53530.0,1461.99,0.027312,2.7312,Moderate,3,0.0,0
407031165,Murray Bridge,Murray and Mallee,South Australia - South East,SA Water,0,25.0,+25%,Moderate,High,3,Moderate,High,63987.0,1461.99,0.022848,2.2848,Moderate,3,0.0,0
407031166,Murray Bridge Surrounds,Murray and Mallee,South Australia - South East,SA Water,0,25.0,+25%,Low,Moderate,4,Low,Moderate,76879.0,1461.99,0.019017,1.9017,Low,4,0.0,0
407031167,Renmark,Murray and Mallee,South Australia - South East,SA Water,0,25.0,+25%,Moderate,Critical,3,Moderate,Critical,60422.0,1461.99,0.024196,2.4196,Moderate,3,0.0,0
407031168,Renmark Surrounds,Murray and Mallee,South Australia - South East,SA Water,0,25.0,+25%,Low,Moderate,4,Low,Moderate,86682.0,1461.99,0.016866,1.6866,Low,4,0.0,0
407031169,The Coorong,Murray and Mallee,South Australia - South East,SA Water,0,25.0,+25%,Moderate,High,3,Moderate,High,64462.0,1461.99,0.02268,2.268,Moderate,3,0.0,0
407031170,Waikerie,Murray and Mallee,South Australia - South East,SA Water,0,25.0,+25%,Moderate,Critical,3,Moderate,Critical,61016.0,1461.99,0.023961,2.3961,Moderate,3,0.0,0
497979799,Migratory - Offshore - Shipping (SA),Migratory - Offshore - Shipping (SA),Migratory - Offshore - Shipping (SA),SA Water,0,25.0,+25%,Unknown,Unknown,5,Unknown,Unknown,,1461.99,,,Unknown,5,,0
499999499,No usual address (SA),No usual address (SA),No usual address (SA),SA Water,0,25.0,+25%,Unknown,Unknown,5,Unknown,Unknown,,1461.99,,,Unknown,5,,0
401011001,Adelaide,Adelaide City,Adelaide - Central and Hills,SA Water,1,30.0,+30%,Low,Moderate,4,Low,Moderate,81098.0,1302.02,0.016055,1.6055,Low,4,0.0,0
401011002,North Adelaide,Adelaide City,Adelaide - Central and Hills,SA Water,1,30.0,+30%,Low,Low,4,Low,Low,110923.0,1302.02,0.011738,1.1738,Low,4,0.0,0
401021003,Adelaide Hills,Adelaide Hills,Adelaide - Central and Hills,SA Water,1,30.0,+30%,Low,Low,4,Low,Low,113180.0,1302.02,0.011504,1.1504,Low,4,0.0,0
401021004,Aldgate - Stirling,Adelaide Hills,Adelaide - Central and Hills,SA Water,1,30.0,+30%,Low,Low,4,Low,Low,136470.0,1302.02,0.009541,0.9541,Low,4,0.0,0
401021005,Hahndorf - Echunga,Adelaide Hills,Adelaide - Central and Hills,SA Water,1,30.0,+30%,Low,Low,4,Low,Low,114428.0,1302.02,0.011379,1.1379,Low,4,0.0,0
401021006,Lobethal - Woodside,Adelaide Hills,Adelaide - Central and Hills,SA Water,1,30.0,+30%,Low,Moderate,4,Low,Moderate,100466.0,1302.02,0.01296,1.296,Low,4,0.0,0
401021007,Mount Barker,Adelaide Hills,Adelaide - Central and Hills,SA Water,1,30.0,+30%,Low,Moderate,4,Low,Moderate,100882.0,1302.02,0.012906,1.2906,Low,4,0.0,0
401021008,Mount Barker Surrounds,Adelaide Hills,Adelaide - Central and Hills,SA Water,1,30.0,+30%,Low,Low,4,Low,Low,105991.0,1302.02,0.012284,1.2284,Low,4,0.0,0
401021009,Nairne,Adelaide Hills,Adelaide - Central and Hills,SA Water,1,30.0,+30%,Low,Low,4,Low,Low,105516.0,1302.02,0.01234,1.234,Low,4,0.0,0
401021010,Uraidla - Summertown,Adelaide Hills,Adelaide - Central and Hills,SA Water,1,30.0,+30%,Low,Low,4,Low,Low,129578.0,1302.02,0.010048,1.0048,Low,4,0.0,0
401031011,Burnside - Wattle Park,Burnside,Adelaide - Central and Hills,SA Water,1,30.0,+30%,Low,Low,4,Low,Low,123934.0,1302.02,0.010506,1.0506,Low,4,0.0,0
401031012,Beaumont - Glen Osmond,Burnside,Adelaide - Central and Hills,SA Water,1,30.0,+30%,Low,Low,4,Low,Low,138193.0,1302.02,0.009422,0.9422,Low,4,0.0,0
401031013,Toorak Gardens,Burnside,Adelaide - Central and Hills,SA Water,1,30.0,+30%,Low,Low,4,Low,Low,114606.0,1302.02,0.011361,1.1361,Low,4,0.0,0
401041014,Athelstone,Campbelltown (SA),Adelaide - Central and Hills,SA Water,1,30.0,+30%,Low,Low,4,Low,Low,115319.0,1302.02,0.011291,1.1291,Low,4,0.0,0
401041015,Paradise - Newton,Campbelltown (SA),Adelaide - Central and Hills,SA Water,1,30.0,+30%,Low,Moderate,4,Low,Moderate,84781.0,1302.02,0.015357,1.5357,Low,4,0.0,0
401041016,Rostrevor - Magill,Campbelltown (SA),Adelaide - Central and Hills,SA Water,1,30.0,+30%,Low,Moderate,4,Low,Moderate,97674.0,1302.02,0.01333,1.333,Low,4,0.0,0
401051017,Norwood (SA),Norwood - Payneham - St Peters,Adelaide - Central and Hills,SA Water,1,30.0,+30%,Low,Moderate,4,Low,Moderate,98208.0,1302.02,0.013258,1.3258,Low,4,0.0,0
401051018,Payneham - Felixstow,Norwood - Payneham - St Peters,Adelaide - Central and Hills,SA Water,1,30.0,+30%,Low,Moderate,4,Low,Moderate,87692.0,1302.02,0.014848,1.4848,Low,4,0.0,0
401051019,St Peters - Marden,Norwood - Payneham - St Peters,Adelaide - Central and Hills,SA Water,1,30.0,+30%,Low,Low,4,Low,Low,111636.0,1302.02,0.011663,1.1663,Low,4,0.0,0
401061020,Nailsworth - Broadview,Prospect - Walkerville,Adelaide - Central and Hills,SA Water,1,30.0,+30%,Low,Low,4,Low,Low,116864.0,1302.02,0.011141,1.1141,Low,4,0.0,0
401061021,Prospect,Prospect - Walkerville,Adelaide - Central and Hills,SA Water,1,30.0,+30%,Low,Low,4,Low,Low,119953.0,1302.02,0.010854,1.0854,Low,4,0.0,0
401061022,Walkerville,Prospect - Walkerville,Adelaide - Central and Hills,SA Water,1,30.0,+30%,Low,Low,4,Low,Low,121914.0,1302.02,0.01068,1.068,Low,4,0.0,0
401071023,Goodwood - Millswood,Unley,Adelaide - Central and Hills,SA Water,1,30.0,+30%,Low,Low,4,Low,Low,118884.0,1302.02,0.010952,1.0952,Low,4,0.0,0
401071024,Unley - Parkside,Unley,Adelaide - Central and Hills,SA Water,1,30.0,+30%,Low,Low,4,Low,Low,118706.0,1302.02,0.010968,1.0968,Low,4,0.0,0
402011025,Gawler - North,Gawler - Two Wells,Adelaide - North,SA Water,1,30.0,+30%,Low,Low,4,Low,Low,105160.0,1302.02,0.012381,1.2381,Low,4,0.0,0
402011026,Gawler - South,Gawler - Two Wells,Adelaide - North,SA Water,1,30.0,+30%,Low,Moderate,4,Low,Moderate,79375.0,1302.02,0.016403,1.6403,Low,4,0.0,0
402011027,Lewiston - Two Wells,Gawler - Two Wells,Adelaide - North,SA Water,1,30.0,+30%,Low,Low,4,Low,Low,113358.0,1302.02,0.011486,1.1486,Low,4,0.0,0
402021028,Craigmore - Blakeview,Playford,Adelaide - North,SA Water,1,30.0,+30%,Low,Moderate,4,Low,Moderate,95060.0,1302.02,0.013697,1.3697,Low,4,0.0,0
402021029,Davoren Park,Playford,Adelaide - North,SA Water,1,30.0,+30%,Low,Moderate,4,Low,Moderate,68978.0,1302.02,0.018876,1.8876,Low,4,0.0,0
402021030,Elizabeth,Playford,Adelaide - North,SA Water,1,30.0,+30%,Moderate,Critical,3,Moderate,Critical,49134.0,1302.02,0.026499,2.6499,Moderate,3,0.0,0
402021031,Elizabeth East,Playford,Adelaide - North,SA Water,1,30.0,+30%,Low,Moderate,4,Low,Moderate,70582.0,1302.02,0.018447,1.8447,Low,4,0.0,0
402021032,Munno Para West - Angle Vale,Playford,Adelaide - North,SA Water,1,30.0,+30%,Low,Moderate,4,Low,Moderate,98208.0,1302.02,0.013258,1.3258,Low,4,0.0,0
402021033,One Tree Hill,Playford,Adelaide - North,SA Water,1,30.0,+30%,Low,Low,4,Low,Low,135282.0,1302.02,0.009624,0.9624,Low,4,0.0,0
402021034,Smithfield - Elizabeth North,Playford,Adelaide - North,SA Water,1,30.0,+30%,Moderate,High,3,Moderate,High,55788.0,1302.02,0.023339,2.3339,Moderate,3,0.0,0
402021035,Virginia - Waterloo Corner,Playford,Adelaide - North,SA Water,1,30.0,+30%,Low,Moderate,4,Low,Moderate,82405.0,1302.02,0.0158,1.58,Low,4,0.0,0
402031036,Enfield - Blair Athol,Port Adelaide - East,Adelaide - North,SA Water,1,30.0,+30%,Low,Moderate,4,Low,Moderate,84841.0,1302.02,0.015347,1.5347,Low,4,0.0,0
402031038,Windsor Gardens,Port Adelaide - East,Adelaide - North,SA Water,1,30.0,+30%,Low,Moderate,4,Low,Moderate,94762.0,1302.02,0.01374,1.374,Low,4,0.0,0
402031175,Northgate - Northfield,Port Adelaide - East,Adelaide - North,SA Water,1,30.0,+30%,Low,Low,4,Low,Low,104506.0,1302.02,0.012459,1.2459,Low,4,0.0,0
402031176,Valley View - Gilles Plains,Port Adelaide - East,Adelaide - North,SA Water,1,30.0,+30%,Low,Moderate,4,Low,Moderate,87277.0,1302.02,0.014918,1.4918,Low,4,0.0,0
402041039,Dry Creek - North,Salisbury,Adelaide - North,SA Water,1,30.0,+30%,Unknown,Unknown,5,Unknown,Unknown,,1302.02,,,Unknown,5,,0
402041040,Ingle Farm,Salisbury,Adelaide - North,SA Water,1,30.0,+30%,Low,Moderate,4,Low,Moderate,79850.0,1302.02,0.016306,1.6306,Low,4,0.0,0
402041041,Para Hills,Salisbury,Adelaide - North,SA Water,1,30.0,+30%,Low,Moderate,4,Low,Moderate,85791.0,1302.02,0.015177,1.5177,Low,4,0.0,0
402041042,Parafield,Salisbury,Adelaide - North,SA Water,1,30.0,+30%,Unknown,Unknown,5,Unknown,Unknown,,1302.02,,,Unknown,5,,0
402041043,Parafield Gardens,Salisbury,Adelaide - North,SA Water,1,30.0,+30%,Low,Moderate,4,Low,Moderate,82226.0,1302.02,0.015835,1.5835,Low,4,0.0,0
402041044,Paralowie,Salisbury,Adelaide - North,SA Water,1,30.0,+30%,Low,Moderate,4,Low,Moderate,86623.0,1302.02,0.015031,1.5031,Low,4,0.0,0
402041046,Salisbury,Salisbury,Adelaide - North,SA Water,1,30.0,+30%,Low,High,4,Low,High,63630.0,1302.02,0.020462,2.0462,Moderate,3,1.0,1
402041047,Salisbury East,Salisbury,Adelaide - North,SA Water,1,30.0,+30%,Low,Moderate,4,Low,Moderate,79553.0,1302.02,0.016367,1.6367,Low,4,0.0,0
402041048,Salisbury North,Salisbury,Adelaide - North,SA Water,1,30.0,+30%,Low,Moderate,4,Low,Moderate,74562.0,1302.02,0.017462,1.7462,Low,4,0.0,0
402041171,Mawson Lakes - Globe Derby Park,Salisbury,Adelaide - North,SA Water,1,30.0,+30%,Low,Low,4,Low,Low,113656.0,1302.02,0.011456,1.1456,Low,4,0.0,0
402041172,Pooraka - Cavan,Salisbury,Adelaide - North,SA Water,1,30.0,+30%,Low,Moderate,4,Low,Moderate,75038.0,1302.02,0.017351,1.7351,Low,4,0.0,0
402051049,Golden Grove,Tea Tree Gully,Adelaide - North,SA Water,1,30.0,+30%,Low,Moderate,4,Low,Moderate,99456.0,1302.02,0.013091,1.3091,Low,4,0.0,0
402051050,Greenwith,Tea Tree Gully,Adelaide - North,SA Water,1,30.0,+30%,Low,Low,4,Low,Low,115081.0,1302.02,0.011314,1.1314,Low,4,0.0,0
402051051,Highbury - Dernancourt,Tea Tree Gully,Adelaide - North,SA Water,1,30.0,+30%,Low,Low,4,Low,Low,114071.0,1302.02,0.011414,1.1414,Low,4,0.0,0
402051052,Hope Valley - Modbury,Tea Tree Gully,Adelaide - North,SA Water,1,30.0,+30%,Low,Moderate,4,Low,Moderate,78068.0,1302.02,0.016678,1.6678,Low,4,0.0,0
402051053,Modbury Heights,Tea Tree Gully,Adelaide - North,SA Water,1,30.0,+30%,Low,Moderate,4,Low,Moderate,98446.0,1302.02,0.013226,1.3226,Low,4,0.0,0
402051054,Redwood Park,Tea Tree Gully,Adelaide - North,SA Water,1,30.0,+30%,Low,Low,4,Low,Low,108011.0,1302.02,0.012055,1.2055,Low,4,0.0,0
402051055,St Agnes - Ridgehaven,Tea Tree Gully,Adelaide - North,SA Water,1,30.0,+30%,Low,Moderate,4,Low,Moderate,88643.0,1302.02,0.014688,1.4688,Low,4,0.0,0
403011056,Brighton (SA),Holdfast Bay,Adelaide - South,SA Water,1,30.0,+30%,Low,Moderate,4,Low,Moderate,99397.0,1302.02,0.013099,1.3099,Low,4,0.0,0
403011057,Glenelg (SA),Holdfast Bay,Adelaide - South,SA Water,1,30.0,+30%,Low,Moderate,4,Low,Moderate,92802.0,1302.02,0.01403,1.403,Low,4,0.0,0
403021058,Edwardstown,Marion,Adelaide - South,SA Water,1,30.0,+30%,Low,Moderate,4,Low,Moderate,86267.0,1302.02,0.015093,1.5093,Low,4,0.0,0
403021059,Hallett Cove,Marion,Adelaide - South,SA Water,1,30.0,+30%,Low,Low,4,Low,Low,111457.0,1302.02,0.011682,1.1682,Low,4,0.0,0
403021060,Marino - Seaview Downs,Marion,Adelaide - South,SA Water,1,30.0,+30%,Low,Low,4,Low,Low,108190.0,1302.02,0.012035,1.2035,Low,4,0.0,0
403021061,Mitchell Park,Marion,Adelaide - South,SA Water,1,30.0,+30%,Low,Moderate,4,Low,Moderate,77652.0,1302.02,0.016767,1.6767,Low,4,0.0,0
403021062,Morphettville,Marion,Adelaide - South,SA Water,1,30.0,+30%,Low,Moderate,4,Low,Moderate,92327.0,1302.02,0.014102,1.4102,Low,4,0.0,0
403021063,Sheidow Park - Trott Park,Marion,Adelaide - South,SA Water,1,30.0,+30%,Low,Low,4,Low,Low,114190.0,1302.02,0.011402,1.1402,Low,4,0.0,0
403021064,Warradale,Marion,Adelaide - South,SA Water,1,30.0,+30%,Low,Moderate,4,Low,Moderate,84425.0,1302.02,0.015422,1.5422,Low,4,0.0,0
403031065,Belair,Mitcham,Adelaide - South,SA Water,1,30.0,+30%,Low,Low,4,Low,Low,135044.0,1302.02,0.009641,0.9641,Low,4,0.0,0
403031066,Bellevue Heights,Mitcham,Adelaide - South,SA Water,1,30.0,+30%,Low,Low,4,Low,Low,104803.0,1302.02,0.012423,1.2423,Low,4,0.0,0
403031067,Blackwood,Mitcham,Adelaide - South,SA Water,1,30.0,+30%,Low,Low,4,Low,Low,125597.0,1302.02,0.010367,1.0367,Low,4,0.0,0
403031068,Colonel Light Gardens,Mitcham,Adelaide - South,SA Water,1,30.0,+30%,Low,Low,4,Low,Low,119181.0,1302.02,0.010925,1.0925,Low,4,0.0,0
403031069,Mitcham (SA),Mitcham,Adelaide - South,SA Water,1,30.0,+30%,Low,Low,4,Low,Low,130885.0,1302.02,0.009948,0.9948,Low,4,0.0,0
403031070,Panorama,Mitcham,Adelaide - South,SA Water,1,30.0,+30%,Low,Moderate,4,Low,Moderate,90188.0,1302.02,0.014437,1.4437,Low,4,0.0,0
403041071,Aberfoyle Park,Onkaparinga,Adelaide - South,SA Water,1,30.0,+30%,Low,Low,4,Low,Low,107358.0,1302.02,0.012128,1.2128,Low,4,0.0,0
403041072,Aldinga,Onkaparinga,Adelaide - South,SA Water,1,30.0,+30%,Low,Moderate,4,Low,Moderate,78246.0,1302.02,0.01664,1.664,Low,4,0.0,0
403041073,Christie Downs,Onkaparinga,Adelaide - South,SA Water,1,30.0,+30%,Low,High,4,Low,High,59115.0,1302.02,0.022025,2.2025,Moderate,3,1.0,1
403041074,Christies Beach,Onkaparinga,Adelaide - South,SA Water,1,30.0,+30%,Low,Moderate,4,Low,Moderate,72483.0,1302.02,0.017963,1.7963,Low,4,0.0,0
403041075,Clarendon,Onkaparinga,Adelaide - South,SA Water,1,30.0,+30%,Low,Low,4,Low,Low,120013.0,1302.02,0.010849,1.0849,Low,4,0.0,0
403041076,Coromandel Valley,Onkaparinga,Adelaide - South,SA Water,1,30.0,+30%,Low,Low,4,Low,Low,132667.0,1302.02,0.009814,0.9814,Low,4,0.0,0
403041077,Flagstaff Hill,Onkaparinga,Adelaide - South,SA Water,1,30.0,+30%,Low,Low,4,Low,Low,121498.0,1302.02,0.010716,1.0716,Low,4,0.0,0
403041078,Hackham - Onkaparinga Hills,Onkaparinga,Adelaide - South,SA Water,1,30.0,+30%,Low,Moderate,4,Low,Moderate,80504.0,1302.02,0.016173,1.6173,Low,4,0.0,0
403041079,Hackham West - Huntfield Heights,Onkaparinga,Adelaide - South,SA Water,1,30.0,+30%,Low,High,4,Low,High,64165.0,1302.02,0.020292,2.0292,Moderate,3,1.0,1
403041080,Happy Valley,Onkaparinga,Adelaide - South,SA Water,1,30.0,+30%,Low,Moderate,4,Low,Moderate,93158.0,1302.02,0.013976,1.3976,Low,4,0.0,0
403041081,Happy Valley Reservoir,Onkaparinga,Adelaide - South,SA Water,1,30.0,+30%,Low,Moderate,4,Low,Moderate,81692.0,1302.02,0.015938,1.5938,Low,4,0.0,0
403041082,Lonsdale,Onkaparinga,Adelaide - South,SA Water,1,30.0,+30%,Moderate,Critical,3,Moderate,Critical,43074.0,1302.02,0.030228,3.0228,High,2,1.0,1
403041083,McLaren Vale,Onkaparinga,Adelaide - South,SA Water,1,30.0,+30%,Low,Moderate,4,Low,Moderate,97317.0,1302.02,0.013379,1.3379,Low,4,0.0,0
403041084,Morphett Vale - East,Onkaparinga,Adelaide - South,SA Water,1,30.0,+30%,Low,Moderate,4,Low,Moderate,72958.0,1302.02,0.017846,1.7846,Low,4,0.0,0
403041085,Morphett Vale - West,Onkaparinga,Adelaide - South,SA Water,1,30.0,+30%,Low,Moderate,4,Low,Moderate,69096.0,1302.02,0.018844,1.8844,Low,4,0.0,0
403041086,Reynella,Onkaparinga,Adelaide - South,SA Water,1,30.0,+30%,Low,Moderate,4,Low,Moderate,79256.0,1302.02,0.016428,1.6428,Low,4,0.0,0
403041088,Willunga,Onkaparinga,Adelaide - South,SA Water,1,30.0,+30%,Low,Low,4,Low,Low,104268.0,1302.02,0.012487,1.2487,Low,4,0.0,0
403041089,Woodcroft,Onkaparinga,Adelaide - South,SA Water,1,30.0,+30%,Low,Moderate,4,Low,Moderate,99337.0,1302.02,0.013107,1.3107,Low,4,0.0,0
403041177,Seaford - Seaford Meadows,Onkaparinga,Adelaide - South,SA Water,1,30.0,+30%,Low,Moderate,4,Low,Moderate,87098.0,1302.02,0.014949,1.4949,Low,4,0.0,0
403041178,Seaford Rise - Moana,Onkaparinga,Adelaide - South,SA Water,1,30.0,+30%,Low,Moderate,4,Low,Moderate,90366.0,1302.02,0.014408,1.4408,Low,4,0.0,0
404011090,Beverley,Charles Sturt,Adelaide - West,SA Water,1,30.0,+30%,Low,Moderate,4,Low,Moderate,100704.0,1302.02,0.012929,1.2929,Low,4,0.0,0
404011091,Flinders Park,Charles Sturt,Adelaide - West,SA Water,1,30.0,+30%,Low,Moderate,4,Low,Moderate,92861.0,1302.02,0.014021,1.4021,Low,4,0.0,0
404011092,Henley Beach,Charles Sturt,Adelaide - West,SA Water,1,30.0,+30%,Low,Low,4,Low,Low,106110.0,1302.02,0.01227,1.227,Low,4,0.0,0
404011093,Hindmarsh - Brompton,Charles Sturt,Adelaide - West,SA Water,1,30.0,+30%,Low,Moderate,4,Low,Moderate,96901.0,1302.02,0.013437,1.3437,Low,4,0.0,0
404011094,Royal Park - Hendon - Albert Park,Charles Sturt,Adelaide - West,SA Water,1,30.0,+30%,Low,Moderate,4,Low,Moderate,84781.0,1302.02,0.015357,1.5357,Low,4,0.0,0
404011095,Seaton - Grange,Charles Sturt,Adelaide - West,SA Water,1,30.0,+30%,Low,Moderate,4,Low,Moderate,84662.0,1302.02,0.015379,1.5379,Low,4,0.0,0
404011096,West Lakes,Charles Sturt,Adelaide - West,SA Water,1,30.0,+30%,Low,Moderate,4,Low,Moderate,89475.0,1302.02,0.014552,1.4552,Low,4,0.0,0
404011097,Woodville - Cheltenham,Charles Sturt,Adelaide - West,SA Water,1,30.0,+30%,Low,Moderate,4,Low,Moderate,88584.0,1302.02,0.014698,1.4698,Low,4,0.0,0
404021098,Dry Creek - South,Port Adelaide - West,Adelaide - West,SA Water,1,30.0,+30%,Unknown,Unknown,5,Unknown,Unknown,,1302.02,,,Unknown,5,,0
404021099,Largs Bay - Semaphore,Port Adelaide - West,Adelaide - West,SA Water,1,30.0,+30%,Low,Moderate,4,Low,Moderate,94109.0,1302.02,0.013835,1.3835,Low,4,0.0,0
404021100,North Haven,Port Adelaide - West,Adelaide - West,SA Water,1,30.0,+30%,Low,Moderate,4,Low,Moderate,84009.0,1302.02,0.015499,1.5499,Low,4,0.0,0
404021101,Port Adelaide,Port Adelaide - West,Adelaide - West,SA Water,1,30.0,+30%,Low,Moderate,4,Low,Moderate,74087.0,1302.02,0.017574,1.7574,Low,4,0.0,0
404021102,The Parks,Port Adelaide - West,Adelaide - West,SA Water,1,30.0,+30%,Low,Moderate,4,Low,Moderate,77058.0,1302.02,0.016897,1.6897,Low,4,0.0,0
404021103,Torrens Island,Port Adelaide - West,Adelaide - West,SA Water,1,30.0,+30%,Moderate,Critical,3,Moderate,Critical,44500.0,1302.02,0.029259,2.9259,Moderate,3,0.0,0
404031104,Adelaide Airport,West Torrens,Adelaide - West,SA Water,1,30.0,+30%,Unknown,Unknown,5,Unknown,Unknown,,1302.02,,,Unknown,5,,0
404031105,Fulham,West Torrens,Adelaide - West,SA Water,1,30.0,+30%,Low,Low,4,Low,Low,104150.0,1302.02,0.012501,1.2501,Low,4,0.0,0
404031106,Lockleys,West Torrens,Adelaide - West,SA Water,1,30.0,+30%,Low,Moderate,4,Low,Moderate,97139.0,1302.02,0.013404,1.3404,Low,4,0.0,0
404031107,Plympton,West Torrens,Adelaide - West,SA Water,1,30.0,+30%,Low,Moderate,4,Low,Moderate,92148.0,1302.02,0.01413,1.413,Low,4,0.0,0
404031108,Richmond (SA),West Torrens,Adelaide - West,SA Water,1,30.0,+30%,Low,Moderate,4,Low,Moderate,92386.0,1302.02,0.014093,1.4093,Low,4,0.0,0
404031109,West Beach,West Torrens,Adelaide - West,SA Water,1,30.0,+30%,Low,Low,4,Low,Low,103734.0,1302.02,0.012552,1.2552,Low,4,0.0,0
405011110,Barossa - Angaston,Barossa,Barossa - Yorke - Mid North,SA Water,0,30.0,+30%,Low,Moderate,4,Low,Moderate,85613.0,1485.62,0.017353,1.7353,Low,4,0.0,0
405011111,Light,Barossa,Barossa - Yorke - Mid North,SA Water,0,30.0,+30%,Low,Moderate,4,Low,Moderate,91732.0,1485.62,0.016195,1.6195,Low,4,0.0,0
405011112,Lyndoch,Barossa,Barossa - Yorke - Mid North,SA Water,0,30.0,+30%,Low,Moderate,4,Low,Moderate,108546.0,1485.62,0.013687,1.3687,Low,4,0.0,0
405011113,Mallala,Barossa,Barossa - Yorke - Mid North,SA Water,0,30.0,+30%,Low,Moderate,4,Low,Moderate,81335.0,1485.62,0.018265,1.8265,Low,4,0.0,0
405011114,Nuriootpa,Barossa,Barossa - Yorke - Mid North,SA Water,0,30.0,+30%,Low,Moderate,4,Low,Moderate,78781.0,1485.62,0.018858,1.8858,Low,4,0.0,0
405011115,Tanunda,Barossa,Barossa - Yorke - Mid North,SA Water,0,30.0,+30%,Low,Moderate,4,Low,Moderate,85910.0,1485.62,0.017293,1.7293,Low,4,0.0,0
405021116,Clare,Lower North,Barossa - Yorke - Mid North,SA Water,0,30.0,+30%,Low,Moderate,4,Low,Moderate,81276.0,1485.62,0.018279,1.8279,Low,4,0.0,0
405021117,Gilbert Valley,Lower North,Barossa - Yorke - Mid North,SA Water,0,30.0,+30%,Low,High,4,Low,High,74681.0,1485.62,0.019893,1.9893,Low,4,0.0,0
405021118,Goyder,Lower North,Barossa - Yorke - Mid North,SA Water,0,30.0,+30%,Moderate,Critical,3,Moderate,Critical,54481.0,1485.62,0.027269,2.7269,Moderate,3,0.0,0
405021119,Wakefield - Barunga West,Lower North,Barossa - Yorke - Mid North,SA Water,0,30.0,+30%,Moderate,High,3,Moderate,High,64878.0,1485.62,0.022899,2.2899,Moderate,3,0.0,0
405031120,Jamestown,Mid North,Barossa - Yorke - Mid North,SA Water,0,30.0,+30%,Low,High,4,Low,High,68027.0,1485.62,0.021839,2.1839,Moderate,3,1.0,1
405031121,Peterborough - Mount Remarkable,Mid North,Barossa - Yorke - Mid North,SA Water,0,30.0,+30%,Moderate,Critical,3,Moderate,Critical,55313.0,1485.62,0.026858,2.6858,Moderate,3,0.0,0
405031122,Port Pirie,Mid North,Barossa - Yorke - Mid North,SA Water,0,30.0,+30%,Moderate,Critical,3,Moderate,Critical,62026.0,1485.62,0.023952,2.3952,Moderate,3,0.0,0
405031123,Port Pirie Surrounds,Mid North,Barossa - Yorke - Mid North,SA Water,0,30.0,+30%,Low,High,4,Low,High,68027.0,1485.62,0.021839,2.1839,Moderate,3,1.0,1
405041124,Kadina,Yorke Peninsula,Barossa - Yorke - Mid North,SA Water,0,30.0,+30%,Low,High,4,Low,High,68621.0,1485.62,0.02165,2.165,Moderate,3,1.0,1
405041125,Moonta,Yorke Peninsula,Barossa - Yorke - Mid North,SA Water,0,30.0,+30%,Moderate,Critical,3,Moderate,Critical,57333.0,1485.62,0.025912,2.5912,Moderate,3,0.0,0
405041126,Wallaroo,Yorke Peninsula,Barossa - Yorke - Mid North,SA Water,0,30.0,+30%,Moderate,Critical,3,Moderate,Critical,54422.0,1485.62,0.027298,2.7298,Moderate,3,0.0,0
405041127,Yorke Peninsula - North,Yorke Peninsula,Barossa - Yorke - Mid North,SA Water,0,30.0,+30%,Moderate,Critical,3,Moderate,Critical,59590.0,1485.62,0.024931,2.4931,Moderate,3,0.0,0
405041128,Yorke Peninsula - South,Yorke Peninsula,Barossa - Yorke - Mid North,SA Water,0,30.0,+30%,Moderate,Critical,3,Moderate,Critical,52936.0,1485.62,0.028064,2.8064,Moderate,3,0.0,0
406011129,Ceduna,Eyre Peninsula and South West,South Australia - Outback,SA Water,0,30.0,+30%,Low,Moderate,4,Low,Moderate,83534.0,1485.62,0.017785,1.7785,Low,4,0.0,0
406011130,Eyre Peninsula,Eyre Peninsula and South West,South Australia - Outback,SA Water,0,30.0,+30%,Low,Moderate,4,Low,Moderate,77711.0,1485.62,0.019117,1.9117,Low,4,0.0,0
406011131,Kimba - Cleve - Franklin Harbour,Eyre Peninsula and South West,South Australia - Outback,SA Water,0,30.0,+30%,Low,High,4,Low,High,69869.0,1485.62,0.021263,2.1263,Moderate,3,1.0,1
406011132,Le Hunte - Elliston,Eyre Peninsula and South West,South Australia - Outback,SA Water,0,30.0,+30%,Low,High,4,Low,High,73374.0,1485.62,0.020247,2.0247,Moderate,3,1.0,1
406011133,Port Lincoln,Eyre Peninsula and South West,South Australia - Outback,SA Water,0,30.0,+30%,Low,Moderate,4,Low,Moderate,77295.0,1485.62,0.01922,1.922,Low,4,0.0,0
406011134,West Coast (SA),Eyre Peninsula and South West,South Australia - Outback,SA Water,0,30.0,+30%,Low,High,4,Low,High,68205.0,1485.62,0.021782,2.1782,Moderate,3,1.0,1
406011135,Western,Eyre Peninsula and South West,South Australia - Outback,SA Water,0,30.0,+30%,Low,Moderate,4,Low,Moderate,77949.0,1485.62,0.019059,1.9059,Low,4,0.0,0
406011136,Whyalla,Eyre Peninsula and South West,South Australia - Outback,SA Water,0,30.0,+30%,Low,High,4,Low,High,70582.0,1485.62,0.021048,2.1048,Moderate,3,1.0,1
406011137,Whyalla - North,Eyre Peninsula and South West,South Australia - Outback,SA Water,0,30.0,+30%,Unknown,Unknown,5,Unknown,Unknown,,1485.62,,,Unknown,5,,0
406021138,APY Lands,Outback - North and East,South Australia - Outback,SA Water,0,30.0,+30%,Low,High,4,Low,High,75216.0,1485.62,0.019751,1.9751,Low,4,0.0,0
406021139,Coober Pedy,Outback - North and East,South Australia - Outback,Council,0,30.0,+30%,Unknown,Unknown,5,Unknown,Unknown,45391.0,,,,Unknown,5,,0
406021140,Quorn - Lake Gilles,Outback - North and East,South Australia - Outback,SA Water,0,30.0,+30%,Moderate,High,3,Moderate,High,62205.0,1485.62,0.023883,2.3883,Moderate,3,0.0,0
406021141,Outback,Outback - North and East,South Australia - Outback,SA Water,0,30.0,+30%,Low,High,4,Low,High,72126.0,1485.62,0.020598,2.0598,Moderate,3,1.0,1
406021142,Port Augusta,Outback - North and East,South Australia - Outback,SA Water,0,30.0,+30%,Low,Moderate,4,Low,Moderate,75869.0,1485.62,0.019581,1.9581,Low,4,0.0,0
406021143,Roxby Downs,Outback - North and East,South Australia - Outback,SA Water,0,30.0,+30%,Low,Low,4,Low,Low,186554.0,1485.62,0.007963,0.7963,Low,4,0.0,0
407011144,Goolwa - Port Elliot,Fleurieu - Kangaroo Island,South Australia - South East,SA Water,0,30.0,+30%,Moderate,Critical,3,Moderate,Critical,57630.0,1485.62,0.025779,2.5779,Moderate,3,0.0,0
407011145,Kangaroo Island,Fleurieu - Kangaroo Island,South Australia - South East,SA Water,0,30.0,+30%,Moderate,High,3,Moderate,High,67017.0,1485.62,0.022168,2.2168,Moderate,3,0.0,0
407011146,Strathalbyn,Fleurieu - Kangaroo Island,South Australia - South East,SA Water,0,30.0,+30%,Low,Moderate,4,Low,Moderate,75869.0,1485.62,0.019581,1.9581,Low,4,0.0,0
407011147,Strathalbyn Surrounds,Fleurieu - Kangaroo Island,South Australia - South East,SA Water,0,30.0,+30%,Low,Moderate,4,Low,Moderate,87871.0,1485.62,0.016907,1.6907,Low,4,0.0,0
407011148,Victor Harbor,Fleurieu - Kangaroo Island,South Australia - South East,SA Water,0,30.0,+30%,Moderate,Critical,3,Moderate,Critical,58046.0,1485.62,0.025594,2.5594,Moderate,3,0.0,0
407011149,Yankalilla,Fleurieu - Kangaroo Island,South Australia - South East,SA Water,0,30.0,+30%,Moderate,High,3,Moderate,High,64284.0,1485.62,0.02311,2.311,Moderate,3,0.0,0
407021150,Grant,Limestone Coast,South Australia - South East,SA Water,0,30.0,+30%,Low,Moderate,4,Low,Moderate,93990.0,1485.62,0.015806,1.5806,Low,4,0.0,0
407021151,Kingston - Robe,Limestone Coast,South Australia - South East,SA Water,0,30.0,+30%,Low,High,4,Low,High,71295.0,1485.62,0.020838,2.0838,Moderate,3,1.0,1
407021152,Millicent,Limestone Coast,South Australia - South East,SA Water,0,30.0,+30%,Moderate,Critical,3,Moderate,Critical,58699.0,1485.62,0.025309,2.5309,Moderate,3,0.0,0
407021154,Naracoorte,Limestone Coast,South Australia - South East,SA Water,0,30.0,+30%,Low,Moderate,4,Low,Moderate,81811.0,1485.62,0.018159,1.8159,Low,4,0.0,0
407021155,Naracoorte Surrounds,Limestone Coast,South Australia - South East,SA Water,0,30.0,+30%,Low,Moderate,4,Low,Moderate,96961.0,1485.62,0.015322,1.5322,Low,4,0.0,0
407021156,Penola,Limestone Coast,South Australia - South East,SA Water,0,30.0,+30%,Low,Moderate,4,Low,Moderate,78068.0,1485.62,0.01903,1.903,Low,4,0.0,0
407021157,Tatiara,Limestone Coast,South Australia - South East,SA Water,0,30.0,+30%,Low,Moderate,4,Low,Moderate,87336.0,1485.62,0.01701,1.701,Low,4,0.0,0
407021158,Wattle Range,Limestone Coast,South Australia - South East,SA Water,0,30.0,+30%,Low,Moderate,4,Low,Moderate,80266.0,1485.62,0.018509,1.8509,Low,4,0.0,0
407021173,Mount Gambier - East,Limestone Coast,South Australia - South East,SA Water,0,30.0,+30%,Low,Moderate,4,Low,Moderate,80088.0,1485.62,0.01855,1.855,Low,4,0.0,0
407021174,Mount Gambier - West,Limestone Coast,South Australia - South East,SA Water,0,30.0,+30%,Low,High,4,Low,High,71889.0,1485.62,0.020665,2.0665,Moderate,3,1.0,1
407031159,Barmera,Murray and Mallee,South Australia - South East,SA Water,0,30.0,+30%,Low,High,4,Low,High,73968.0,1485.62,0.020085,2.0085,Moderate,3,1.0,1
407031160,Berri,Murray and Mallee,South Australia - South East,SA Water,0,30.0,+30%,Moderate,Critical,3,Moderate,Critical,61729.0,1485.62,0.024067,2.4067,Moderate,3,0.0,0
407031161,Karoonda - Lameroo,Murray and Mallee,South Australia - South East,SA Water,0,30.0,+30%,Low,High,4,Low,High,70641.0,1485.62,0.021031,2.1031,Moderate,3,1.0,1
407031162,Loxton,Murray and Mallee,South Australia - South East,SA Water,0,30.0,+30%,Low,High,4,Low,High,71770.0,1485.62,0.0207,2.07,Moderate,3,1.0,1
407031163,Loxton Surrounds,Murray and Mallee,South Australia - South East,SA Water,0,30.0,+30%,Low,Moderate,4,Low,Moderate,77236.0,1485.62,0.019235,1.9235,Low,4,0.0,0
407031164,Mannum,Murray and Mallee,South Australia - South East,SA Water,0,30.0,+30%,Moderate,Critical,3,Moderate,Critical,53530.0,1485.62,0.027753,2.7753,Moderate,3,0.0,0
407031165,Murray Bridge,Murray and Mallee,South Australia - South East,SA Water,0,30.0,+30%,Moderate,High,3,Moderate,High,63987.0,1485.62,0.023218,2.3218,Moderate,3,0.0,0
407031166,Murray Bridge Surrounds,Murray and Mallee,South Australia - South East,SA Water,0,30.0,+30%,Low,Moderate,4,Low,Moderate,76879.0,1485.62,0.019324,1.9324,Low,4,0.0,0
407031167,Renmark,Murray and Mallee,South Australia - South East,SA Water,0,30.0,+30%,Moderate,Critical,3,Moderate,Critical,60422.0,1485.62,0.024587,2.4587,Moderate,3,0.0,0
407031168,Renmark Surrounds,Murray and Mallee,South Australia - South East,SA Water,0,30.0,+30%,Low,Moderate,4,Low,Moderate,86682.0,1485.62,0.017139,1.7139,Low,4,0.0,0
407031169,The Coorong,Murray and Mallee,South Australia - South East,SA Water,0,30.0,+30%,Moderate,High,3,Moderate,High,64462.0,1485.62,0.023046,2.3046,Moderate,3,0.0,0
407031170,Waikerie,Murray and Mallee,South Australia - South East,SA Water,0,30.0,+30%,Moderate,Critical,3,Moderate,Critical,61016.0,1485.62,0.024348,2.4348,Moderate,3,0.0,0
497979799,Migratory - Offshore - Shipping (SA),Migratory - Offshore - Shipping (SA),Migratory - Offshore - Shipping (SA),SA Water,0,30.0,+30%,Unknown,Unknown,5,Unknown,Unknown,,1485.62,,,Unknown,5,,0
499999499,No usual address (SA),No usual address (SA),No usual address (SA),SA Water,0,30.0,+30%,Unknown,Unknown,5,Unknown,Unknown,,1485.62,,,Unknown,5,,0
401011001,Adelaide,Adelaide City,Adelaide - Central and Hills,SA Water,1,4.7,FY2025-26 water + supply only,Low,Moderate,4,Low,Moderate,81098.0,1197.27,0.014763,1.4763,Low,4,0.0,0
401011002,North Adelaide,Adelaide City,Adelaide - Central and Hills,SA Water,1,4.7,FY2025-26 water + supply only,Low,Low,4,Low,Low,110923.0,1197.27,0.010794,1.0794,Low,4,0.0,0
401021003,Adelaide Hills,Adelaide Hills,Adelaide - Central and Hills,SA Water,1,4.7,FY2025-26 water + supply only,Low,Low,4,Low,Low,113180.0,1197.27,0.010578,1.0578,Low,4,0.0,0
401021004,Aldgate - Stirling,Adelaide Hills,Adelaide - Central and Hills,SA Water,1,4.7,FY2025-26 water + supply only,Low,Low,4,Low,Low,136470.0,1197.27,0.008773,0.8773,Low,4,0.0,0
401021005,Hahndorf - Echunga,Adelaide Hills,Adelaide - Central and Hills,SA Water,1,4.7,FY2025-26 water + supply only,Low,Low,4,Low,Low,114428.0,1197.27,0.010463,1.0463,Low,4,0.0,0
401021006,Lobethal - Woodside,Adelaide Hills,Adelaide - Central and Hills,SA Water,1,4.7,FY2025-26 water + supply only,Low,Moderate,4,Low,Moderate,100466.0,1197.27,0.011917,1.1917,Low,4,0.0,0
401021007,Mount Barker,Adelaide Hills,Adelaide - Central and Hills,SA Water,1,4.7,FY2025-26 water + supply only,Low,Moderate,4,Low,Moderate,100882.0,1197.27,0.011868,1.1868,Low,4,0.0,0
401021008,Mount Barker Surrounds,Adelaide Hills,Adelaide - Central and Hills,SA Water,1,4.7,FY2025-26 water + supply only,Low,Low,4,Low,Low,105991.0,1197.27,0.011296,1.1296,Low,4,0.0,0
401021009,Nairne,Adelaide Hills,Adelaide - Central and Hills,SA Water,1,4.7,FY2025-26 water + supply only,Low,Low,4,Low,Low,105516.0,1197.27,0.011347,1.1347,Low,4,0.0,0
401021010,Uraidla - Summertown,Adelaide Hills,Adelaide - Central and Hills,SA Water,1,4.7,FY2025-26 water + supply only,Low,Low,4,Low,Low,129578.0,1197.27,0.00924,0.924,Low,4,0.0,0
401031011,Burnside - Wattle Park,Burnside,Adelaide - Central and Hills,SA Water,1,4.7,FY2025-26 water + supply only,Low,Low,4,Low,Low,123934.0,1197.27,0.009661,0.9661,Low,4,0.0,0
401031012,Beaumont - Glen Osmond,Burnside,Adelaide - Central and Hills,SA Water,1,4.7,FY2025-26 water + supply only,Low,Low,4,Low,Low,138193.0,1197.27,0.008664,0.8664,Low,4,0.0,0
401031013,Toorak Gardens,Burnside,Adelaide - Central and Hills,SA Water,1,4.7,FY2025-26 water + supply only,Low,Low,4,Low,Low,114606.0,1197.27,0.010447,1.0447,Low,4,0.0,0
401041014,Athelstone,Campbelltown (SA),Adelaide - Central and Hills,SA Water,1,4.7,FY2025-26 water + supply only,Low,Low,4,Low,Low,115319.0,1197.27,0.010382,1.0382,Low,4,0.0,0
401041015,Paradise - Newton,Campbelltown (SA),Adelaide - Central and Hills,SA Water,1,4.7,FY2025-26 water + supply only,Low,Moderate,4,Low,Moderate,84781.0,1197.27,0.014122,1.4122,Low,4,0.0,0
401041016,Rostrevor - Magill,Campbelltown (SA),Adelaide - Central and Hills,SA Water,1,4.7,FY2025-26 water + supply only,Low,Moderate,4,Low,Moderate,97674.0,1197.27,0.012258,1.2258,Low,4,0.0,0
401051017,Norwood (SA),Norwood - Payneham - St Peters,Adelaide - Central and Hills,SA Water,1,4.7,FY2025-26 water + supply only,Low,Moderate,4,Low,Moderate,98208.0,1197.27,0.012191,1.2191,Low,4,0.0,0
401051018,Payneham - Felixstow,Norwood - Payneham - St Peters,Adelaide - Central and Hills,SA Water,1,4.7,FY2025-26 water + supply only,Low,Moderate,4,Low,Moderate,87692.0,1197.27,0.013653,1.3653,Low,4,0.0,0
401051019,St Peters - Marden,Norwood - Payneham - St Peters,Adelaide - Central and Hills,SA Water,1,4.7,FY2025-26 water + supply only,Low,Low,4,Low,Low,111636.0,1197.27,0.010725,1.0725,Low,4,0.0,0
401061020,Nailsworth - Broadview,Prospect - Walkerville,Adelaide - Central and Hills,SA Water,1,4.7,FY2025-26 water + supply only,Low,Low,4,Low,Low,116864.0,1197.27,0.010245,1.0245,Low,4,0.0,0
401061021,Prospect,Prospect - Walkerville,Adelaide - Central and Hills,SA Water,1,4.7,FY2025-26 water + supply only,Low,Low,4,Low,Low,119953.0,1197.27,0.009981,0.9981,Low,4,0.0,0
401061022,Walkerville,Prospect - Walkerville,Adelaide - Central and Hills,SA Water,1,4.7,FY2025-26 water + supply only,Low,Low,4,Low,Low,121914.0,1197.27,0.009821,0.9821,Low,4,0.0,0
401071023,Goodwood - Millswood,Unley,Adelaide - Central and Hills,SA Water,1,4.7,FY2025-26 water + supply only,Low,Low,4,Low,Low,118884.0,1197.27,0.010071,1.0071,Low,4,0.0,0
401071024,Unley - Parkside,Unley,Adelaide - Central and Hills,SA Water,1,4.7,FY2025-26 water + supply only,Low,Low,4,Low,Low,118706.0,1197.27,0.010086,1.0086,Low,4,0.0,0
402011025,Gawler - North,Gawler - Two Wells,Adelaide - North,SA Water,1,4.7,FY2025-26 water + supply only,Low,Low,4,Low,Low,105160.0,1197.27,0.011385,1.1385,Low,4,0.0,0
402011026,Gawler - South,Gawler - Two Wells,Adelaide - North,SA Water,1,4.7,FY2025-26 water + supply only,Low,Moderate,4,Low,Moderate,79375.0,1197.27,0.015084,1.5084,Low,4,0.0,0
402011027,Lewiston - Two Wells,Gawler - Two Wells,Adelaide - North,SA Water,1,4.7,FY2025-26 water + supply only,Low,Low,4,Low,Low,113358.0,1197.27,0.010562,1.0562,Low,4,0.0,0
402021028,Craigmore - Blakeview,Playford,Adelaide - North,SA Water,1,4.7,FY2025-26 water + supply only,Low,Moderate,4,Low,Moderate,95060.0,1197.27,0.012595,1.2595,Low,4,0.0,0
402021029,Davoren Park,Playford,Adelaide - North,SA Water,1,4.7,FY2025-26 water + supply only,Low,Moderate,4,Low,Moderate,68978.0,1197.27,0.017357,1.7357,Low,4,0.0,0
402021030,Elizabeth,Playford,Adelaide - North,SA Water,1,4.7,FY2025-26 water + supply only,Moderate,Critical,3,Moderate,Critical,49134.0,1197.27,0.024367,2.4367,Moderate,3,0.0,0
402021031,Elizabeth East,Playford,Adelaide - North,SA Water,1,4.7,FY2025-26 water + supply only,Low,Moderate,4,Low,Moderate,70582.0,1197.27,0.016963,1.6963,Low,4,0.0,0
402021032,Munno Para West - Angle Vale,Playford,Adelaide - North,SA Water,1,4.7,FY2025-26 water + supply only,Low,Moderate,4,Low,Moderate,98208.0,1197.27,0.012191,1.2191,Low,4,0.0,0
402021033,One Tree Hill,Playford,Adelaide - North,SA Water,1,4.7,FY2025-26 water + supply only,Low,Low,4,Low,Low,135282.0,1197.27,0.00885,0.885,Low,4,0.0,0
402021034,Smithfield - Elizabeth North,Playford,Adelaide - North,SA Water,1,4.7,FY2025-26 water + supply only,Moderate,High,3,Moderate,High,55788.0,1197.27,0.021461,2.1461,Moderate,3,0.0,0
402021035,Virginia - Waterloo Corner,Playford,Adelaide - North,SA Water,1,4.7,FY2025-26 water + supply only,Low,Moderate,4,Low,Moderate,82405.0,1197.27,0.014529,1.4529,Low,4,0.0,0
402031036,Enfield - Blair Athol,Port Adelaide - East,Adelaide - North,SA Water,1,4.7,FY2025-26 water + supply only,Low,Moderate,4,Low,Moderate,84841.0,1197.27,0.014112,1.4112,Low,4,0.0,0
402031038,Windsor Gardens,Port Adelaide - East,Adelaide - North,SA Water,1,4.7,FY2025-26 water + supply only,Low,Moderate,4,Low,Moderate,94762.0,1197.27,0.012634,1.2634,Low,4,0.0,0
402031175,Northgate - Northfield,Port Adelaide - East,Adelaide - North,SA Water,1,4.7,FY2025-26 water + supply only,Low,Low,4,Low,Low,104506.0,1197.27,0.011456,1.1456,Low,4,0.0,0
402031176,Valley View - Gilles Plains,Port Adelaide - East,Adelaide - North,SA Water,1,4.7,FY2025-26 water + supply only,Low,Moderate,4,Low,Moderate,87277.0,1197.27,0.013718,1.3718,Low,4,0.0,0
402041039,Dry Creek - North,Salisbury,Adelaide - North,SA Water,1,4.7,FY2025-26 water + supply only,Unknown,Unknown,5,Unknown,Unknown,,1197.27,,,Unknown,5,,0
402041040,Ingle Farm,Salisbury,Adelaide - North,SA Water,1,4.7,FY2025-26 water + supply only,Low,Moderate,4,Low,Moderate,79850.0,1197.27,0.014994,1.4994,Low,4,0.0,0
402041041,Para Hills,Salisbury,Adelaide - North,SA Water,1,4.7,FY2025-26 water + supply only,Low,Moderate,4,Low,Moderate,85791.0,1197.27,0.013956,1.3956,Low,4,0.0,0
402041042,Parafield,Salisbury,Adelaide - North,SA Water,1,4.7,FY2025-26 water + supply only,Unknown,Unknown,5,Unknown,Unknown,,1197.27,,,Unknown,5,,0
402041043,Parafield Gardens,Salisbury,Adelaide - North,SA Water,1,4.7,FY2025-26 water + supply only,Low,Moderate,4,Low,Moderate,82226.0,1197.27,0.014561,1.4561,Low,4,0.0,0
402041044,Paralowie,Salisbury,Adelaide - North,SA Water,1,4.7,FY2025-26 water + supply only,Low,Moderate,4,Low,Moderate,86623.0,1197.27,0.013822,1.3822,Low,4,0.0,0
402041046,Salisbury,Salisbury,Adelaide - North,SA Water,1,4.7,FY2025-26 water + supply only,Low,High,4,Low,High,63630.0,1197.27,0.018816,1.8816,Low,4,0.0,0
402041047,Salisbury East,Salisbury,Adelaide - North,SA Water,1,4.7,FY2025-26 water + supply only,Low,Moderate,4,Low,Moderate,79553.0,1197.27,0.01505,1.505,Low,4,0.0,0
402041048,Salisbury North,Salisbury,Adelaide - North,SA Water,1,4.7,FY2025-26 water + supply only,Low,Moderate,4,Low,Moderate,74562.0,1197.27,0.016057,1.6057,Low,4,0.0,0
402041171,Mawson Lakes - Globe Derby Park,Salisbury,Adelaide - North,SA Water,1,4.7,FY2025-26 water + supply only,Low,Low,4,Low,Low,113656.0,1197.27,0.010534,1.0534,Low,4,0.0,0
402041172,Pooraka - Cavan,Salisbury,Adelaide - North,SA Water,1,4.7,FY2025-26 water + supply only,Low,Moderate,4,Low,Moderate,75038.0,1197.27,0.015956,1.5956,Low,4,0.0,0
402051049,Golden Grove,Tea Tree Gully,Adelaide - North,SA Water,1,4.7,FY2025-26 water + supply only,Low,Moderate,4,Low,Moderate,99456.0,1197.27,0.012038,1.2038,Low,4,0.0,0
402051050,Greenwith,Tea Tree Gully,Adelaide - North,SA Water,1,4.7,FY2025-26 water + supply only,Low,Low,4,Low,Low,115081.0,1197.27,0.010404,1.0404,Low,4,0.0,0
402051051,Highbury - Dernancourt,Tea Tree Gully,Adelaide - North,SA Water,1,4.7,FY2025-26 water + supply only,Low,Low,4,Low,Low,114071.0,1197.27,0.010496,1.0496,Low,4,0.0,0
402051052,Hope Valley - Modbury,Tea Tree Gully,Adelaide - North,SA Water,1,4.7,FY2025-26 water + supply only,Low,Moderate,4,Low,Moderate,78068.0,1197.27,0.015336,1.5336,Low,4,0.0,0
402051053,Modbury Heights,Tea Tree Gully,Adelaide - North,SA Water,1,4.7,FY2025-26 water + supply only,Low,Moderate,4,Low,Moderate,98446.0,1197.27,0.012162,1.2162,Low,4,0.0,0
402051054,Redwood Park,Tea Tree Gully,Adelaide - North,SA Water,1,4.7,FY2025-26 water + supply only,Low,Low,4,Low,Low,108011.0,1197.27,0.011085,1.1085,Low,4,0.0,0
402051055,St Agnes - Ridgehaven,Tea Tree Gully,Adelaide - North,SA Water,1,4.7,FY2025-26 water + supply only,Low,Moderate,4,Low,Moderate,88643.0,1197.27,0.013507,1.3507,Low,4,0.0,0
403011056,Brighton (SA),Holdfast Bay,Adelaide - South,SA Water,1,4.7,FY2025-26 water + supply only,Low,Moderate,4,Low,Moderate,99397.0,1197.27,0.012045,1.2045,Low,4,0.0,0
403011057,Glenelg (SA),Holdfast Bay,Adelaide - South,SA Water,1,4.7,FY2025-26 water + supply only,Low,Moderate,4,Low,Moderate,92802.0,1197.27,0.012901,1.2901,Low,4,0.0,0
403021058,Edwardstown,Marion,Adelaide - South,SA Water,1,4.7,FY2025-26 water + supply only,Low,Moderate,4,Low,Moderate,86267.0,1197.27,0.013879,1.3879,Low,4,0.0,0
403021059,Hallett Cove,Marion,Adelaide - South,SA Water,1,4.7,FY2025-26 water + supply only,Low,Low,4,Low,Low,111457.0,1197.27,0.010742,1.0742,Low,4,0.0,0
403021060,Marino - Seaview Downs,Marion,Adelaide - South,SA Water,1,4.7,FY2025-26 water + supply only,Low,Low,4,Low,Low,108190.0,1197.27,0.011066,1.1066,Low,4,0.0,0
403021061,Mitchell Park,Marion,Adelaide - South,SA Water,1,4.7,FY2025-26 water + supply only,Low,Moderate,4,Low,Moderate,77652.0,1197.27,0.015418,1.5418,Low,4,0.0,0
403021062,Morphettville,Marion,Adelaide - South,SA Water,1,4.7,FY2025-26 water + supply only,Low,Moderate,4,Low,Moderate,92327.0,1197.27,0.012968,1.2968,Low,4,0.0,0
403021063,Sheidow Park - Trott Park,Marion,Adelaide - South,SA Water,1,4.7,FY2025-26 water + supply only,Low,Low,4,Low,Low,114190.0,1197.27,0.010485,1.0485,Low,4,0.0,0
403021064,Warradale,Marion,Adelaide - South,SA Water,1,4.7,FY2025-26 water + supply only,Low,Moderate,4,Low,Moderate,84425.0,1197.27,0.014181,1.4181,Low,4,0.0,0
403031065,Belair,Mitcham,Adelaide - South,SA Water,1,4.7,FY2025-26 water + supply only,Low,Low,4,Low,Low,135044.0,1197.27,0.008866,0.8866,Low,4,0.0,0
403031066,Bellevue Heights,Mitcham,Adelaide - South,SA Water,1,4.7,FY2025-26 water + supply only,Low,Low,4,Low,Low,104803.0,1197.27,0.011424,1.1424,Low,4,0.0,0
403031067,Blackwood,Mitcham,Adelaide - South,SA Water,1,4.7,FY2025-26 water + supply only,Low,Low,4,Low,Low,125597.0,1197.27,0.009533,0.9533,Low,4,0.0,0
403031068,Colonel Light Gardens,Mitcham,Adelaide - South,SA Water,1,4.7,FY2025-26 water + supply only,Low,Low,4,Low,Low,119181.0,1197.27,0.010046,1.0046,Low,4,0.0,0
403031069,Mitcham (SA),Mitcham,Adelaide - South,SA Water,1,4.7,FY2025-26 water + supply only,Low,Low,4,Low,Low,130885.0,1197.27,0.009147,0.9147,Low,4,0.0,0
403031070,Panorama,Mitcham,Adelaide - South,SA Water,1,4.7,FY2025-26 water + supply only,Low,Moderate,4,Low,Moderate,90188.0,1197.27,0.013275,1.3275,Low,4,0.0,0
403041071,Aberfoyle Park,Onkaparinga,Adelaide - South,SA Water,1,4.7,FY2025-26 water + supply only,Low,Low,4,Low,Low,107358.0,1197.27,0.011152,1.1152,Low,4,0.0,0
403041072,Aldinga,Onkaparinga,Adelaide - South,SA Water,1,4.7,FY2025-26 water + supply only,Low,Moderate,4,Low,Moderate,78246.0,1197.27,0.015301,1.5301,Low,4,0.0,0
403041073,Christie Downs,Onkaparinga,Adelaide - South,SA Water,1,4.7,FY2025-26 water + supply only,Low,High,4,Low,High,59115.0,1197.27,0.020253,2.0253,Moderate,3,1.0,1
403041074,Christies Beach,Onkaparinga,Adelaide - South,SA Water,1,4.7,FY2025-26 water + supply only,Low,Moderate,4,Low,Moderate,72483.0,1197.27,0.016518,1.6518,Low,4,0.0,0
403041075,Clarendon,Onkaparinga,Adelaide - South,SA Water,1,4.7,FY2025-26 water + supply only,Low,Low,4,Low,Low,120013.0,1197.27,0.009976,0.9976,Low,4,0.0,0
403041076,Coromandel Valley,Onkaparinga,Adelaide - South,SA Water,1,4.7,FY2025-26 water + supply only,Low,Low,4,Low,Low,132667.0,1197.27,0.009025,0.9025,Low,4,0.0,0
403041077,Flagstaff Hill,Onkaparinga,Adelaide - South,SA Water,1,4.7,FY2025-26 water + supply only,Low,Low,4,Low,Low,121498.0,1197.27,0.009854,0.9854,Low,4,0.0,0
403041078,Hackham - Onkaparinga Hills,Onkaparinga,Adelaide - South,SA Water,1,4.7,FY2025-26 water + supply only,Low,Moderate,4,Low,Moderate,80504.0,1197.27,0.014872,1.4872,Low,4,0.0,0
403041079,Hackham West - Huntfield Heights,Onkaparinga,Adelaide - South,SA Water,1,4.7,FY2025-26 water + supply only,Low,High,4,Low,High,64165.0,1197.27,0.018659,1.8659,Low,4,0.0,0
403041080,Happy Valley,Onkaparinga,Adelaide - South,SA Water,1,4.7,FY2025-26 water + supply only,Low,Moderate,4,Low,Moderate,93158.0,1197.27,0.012852,1.2852,Low,4,0.0,0
403041081,Happy Valley Reservoir,Onkaparinga,Adelaide - South,SA Water,1,4.7,FY2025-26 water + supply only,Low,Moderate,4,Low,Moderate,81692.0,1197.27,0.014656,1.4656,Low,4,0.0,0
403041082,Lonsdale,Onkaparinga,Adelaide - South,SA Water,1,4.7,FY2025-26 water + supply only,Moderate,Critical,3,Moderate,Critical,43074.0,1197.27,0.027796,2.7796,Moderate,3,0.0,0
403041083,McLaren Vale,Onkaparinga,Adelaide - South,SA Water,1,4.7,FY2025-26 water + supply only,Low,Moderate,4,Low,Moderate,97317.0,1197.27,0.012303,1.2303,Low,4,0.0,0
403041084,Morphett Vale - East,Onkaparinga,Adelaide - South,SA Water,1,4.7,FY2025-26 water + supply only,Low,Moderate,4,Low,Moderate,72958.0,1197.27,0.01641,1.641,Low,4,0.0,0
403041085,Morphett Vale - West,Onkaparinga,Adelaide - South,SA Water,1,4.7,FY2025-26 water + supply only,Low,Moderate,4,Low,Moderate,69096.0,1197.27,0.017328,1.7328,Low,4,0.0,0
403041086,Reynella,Onkaparinga,Adelaide - South,SA Water,1,4.7,FY2025-26 water + supply only,Low,Moderate,4,Low,Moderate,79256.0,1197.27,0.015106,1.5106,Low,4,0.0,0
403041088,Willunga,Onkaparinga,Adelaide - South,SA Water,1,4.7,FY2025-26 water + supply only,Low,Low,4,Low,Low,104268.0,1197.27,0.011483,1.1483,Low,4,0.0,0
403041089,Woodcroft,Onkaparinga,Adelaide - South,SA Water,1,4.7,FY2025-26 water + supply only,Low,Moderate,4,Low,Moderate,99337.0,1197.27,0.012053,1.2053,Low,4,0.0,0
403041177,Seaford - Seaford Meadows,Onkaparinga,Adelaide - South,SA Water,1,4.7,FY2025-26 water + supply only,Low,Moderate,4,Low,Moderate,87098.0,1197.27,0.013746,1.3746,Low,4,0.0,0
403041178,Seaford Rise - Moana,Onkaparinga,Adelaide - South,SA Water,1,4.7,FY2025-26 water + supply only,Low,Moderate,4,Low,Moderate,90366.0,1197.27,0.013249,1.3249,Low,4,0.0,0
404011090,Beverley,Charles Sturt,Adelaide - West,SA Water,1,4.7,FY2025-26 water + supply only,Low,Moderate,4,Low,Moderate,100704.0,1197.27,0.011889,1.1889,Low,4,0.0,0
404011091,Flinders Park,Charles Sturt,Adelaide - West,SA Water,1,4.7,FY2025-26 water + supply only,Low,Moderate,4,Low,Moderate,92861.0,1197.27,0.012893,1.2893,Low,4,0.0,0
404011092,Henley Beach,Charles Sturt,Adelaide - West,SA Water,1,4.7,FY2025-26 water + supply only,Low,Low,4,Low,Low,106110.0,1197.27,0.011283,1.1283,Low,4,0.0,0
404011093,Hindmarsh - Brompton,Charles Sturt,Adelaide - West,SA Water,1,4.7,FY2025-26 water + supply only,Low,Moderate,4,Low,Moderate,96901.0,1197.27,0.012356,1.2356,Low,4,0.0,0
404011094,Royal Park - Hendon - Albert Park,Charles Sturt,Adelaide - West,SA Water,1,4.7,FY2025-26 water + supply only,Low,Moderate,4,Low,Moderate,84781.0,1197.27,0.014122,1.4122,Low,4,0.0,0
404011095,Seaton - Grange,Charles Sturt,Adelaide - West,SA Water,1,4.7,FY2025-26 water + supply only,Low,Moderate,4,Low,Moderate,84662.0,1197.27,0.014142,1.4142,Low,4,0.0,0
404011096,West Lakes,Charles Sturt,Adelaide - West,SA Water,1,4.7,FY2025-26 water + supply only,Low,Moderate,4,Low,Moderate,89475.0,1197.27,0.013381,1.3381,Low,4,0.0,0
404011097,Woodville - Cheltenham,Charles Sturt,Adelaide - West,SA Water,1,4.7,FY2025-26 water + supply only,Low,Moderate,4,Low,Moderate,88584.0,1197.27,0.013516,1.3516,Low,4,0.0,0
404021098,Dry Creek - South,Port Adelaide - West,Adelaide - West,SA Water,1,4.7,FY2025-26 water + supply only,Unknown,Unknown,5,Unknown,Unknown,,1197.27,,,Unknown,5,,0
404021099,Largs Bay - Semaphore,Port Adelaide - West,Adelaide - West,SA Water,1,4.7,FY2025-26 water + supply only,Low,Moderate,4,Low,Moderate,94109.0,1197.27,0.012722,1.2722,Low,4,0.0,0
404021100,North Haven,Port Adelaide - West,Adelaide - West,SA Water,1,4.7,FY2025-26 water + supply only,Low,Moderate,4,Low,Moderate,84009.0,1197.27,0.014252,1.4252,Low,4,0.0,0
404021101,Port Adelaide,Port Adelaide - West,Adelaide - West,SA Water,1,4.7,FY2025-26 water + supply only,Low,Moderate,4,Low,Moderate,74087.0,1197.27,0.01616,1.616,Low,4,0.0,0
404021102,The Parks,Port Adelaide - West,Adelaide - West,SA Water,1,4.7,FY2025-26 water + supply only,Low,Moderate,4,Low,Moderate,77058.0,1197.27,0.015537,1.5537,Low,4,0.0,0
404021103,Torrens Island,Port Adelaide - West,Adelaide - West,SA Water,1,4.7,FY2025-26 water + supply only,Moderate,Critical,3,Moderate,Critical,44500.0,1197.27,0.026905,2.6905,Moderate,3,0.0,0
404031104,Adelaide Airport,West Torrens,Adelaide - West,SA Water,1,4.7,FY2025-26 water + supply only,Unknown,Unknown,5,Unknown,Unknown,,1197.27,,,Unknown,5,,0
404031105,Fulham,West Torrens,Adelaide - West,SA Water,1,4.7,FY2025-26 water + supply only,Low,Low,4,Low,Low,104150.0,1197.27,0.011496,1.1496,Low,4,0.0,0
404031106,Lockleys,West Torrens,Adelaide - West,SA Water,1,4.7,FY2025-26 water + supply only,Low,Moderate,4,Low,Moderate,97139.0,1197.27,0.012325,1.2325,Low,4,0.0,0
404031107,Plympton,West Torrens,Adelaide - West,SA Water,1,4.7,FY2025-26 water + supply only,Low,Moderate,4,Low,Moderate,92148.0,1197.27,0.012993,1.2993,Low,4,0.0,0
404031108,Richmond (SA),West Torrens,Adelaide - West,SA Water,1,4.7,FY2025-26 water + supply only,Low,Moderate,4,Low,Moderate,92386.0,1197.27,0.012959,1.2959,Low,4,0.0,0
404031109,West Beach,West Torrens,Adelaide - West,SA Water,1,4.7,FY2025-26 water + supply only,Low,Low,4,Low,Low,103734.0,1197.27,0.011542,1.1542,Low,4,0.0,0
405011110,Barossa - Angaston,Barossa,Barossa - Yorke - Mid North,SA Water,0,4.7,FY2025-26 water + supply only,Low,Moderate,4,Low,Moderate,85613.0,1380.86,0.016129,1.6129,Low,4,0.0,0
405011111,Light,Barossa,Barossa - Yorke - Mid North,SA Water,0,4.7,FY2025-26 water + supply only,Low,Moderate,4,Low,Moderate,91732.0,1380.86,0.015053,1.5053,Low,4,0.0,0
405011112,Lyndoch,Barossa,Barossa - Yorke - Mid North,SA Water,0,4.7,FY2025-26 water + supply only,Low,Moderate,4,Low,Moderate,108546.0,1380.86,0.012721,1.2721,Low,4,0.0,0
405011113,Mallala,Barossa,Barossa - Yorke - Mid North,SA Water,0,4.7,FY2025-26 water + supply only,Low,Moderate,4,Low,Moderate,81335.0,1380.86,0.016977,1.6977,Low,4,0.0,0
405011114,Nuriootpa,Barossa,Barossa - Yorke - Mid North,SA Water,0,4.7,FY2025-26 water + supply only,Low,Moderate,4,Low,Moderate,78781.0,1380.86,0.017528,1.7528,Low,4,0.0,0
405011115,Tanunda,Barossa,Barossa - Yorke - Mid North,SA Water,0,4.7,FY2025-26 water + supply only,Low,Moderate,4,Low,Moderate,85910.0,1380.86,0.016073,1.6073,Low,4,0.0,0
405021116,Clare,Lower North,Barossa - Yorke - Mid North,SA Water,0,4.7,FY2025-26 water + supply only,Low,Moderate,4,Low,Moderate,81276.0,1380.86,0.01699,1.699,Low,4,0.0,0
405021117,Gilbert Valley,Lower North,Barossa - Yorke - Mid North,SA Water,0,4.7,FY2025-26 water + supply only,Low,High,4,Low,High,74681.0,1380.86,0.01849,1.849,Low,4,0.0,0
405021118,Goyder,Lower North,Barossa - Yorke - Mid North,SA Water,0,4.7,FY2025-26 water + supply only,Moderate,Critical,3,Moderate,Critical,54481.0,1380.86,0.025346,2.5346,Moderate,3,0.0,0
405021119,Wakefield - Barunga West,Lower North,Barossa - Yorke - Mid North,SA Water,0,4.7,FY2025-26 water + supply only,Moderate,High,3,Moderate,High,64878.0,1380.86,0.021284,2.1284,Moderate,3,0.0,0
405031120,Jamestown,Mid North,Barossa - Yorke - Mid North,SA Water,0,4.7,FY2025-26 water + supply only,Low,High,4,Low,High,68027.0,1380.86,0.020299,2.0299,Moderate,3,1.0,1
405031121,Peterborough - Mount Remarkable,Mid North,Barossa - Yorke - Mid North,SA Water,0,4.7,FY2025-26 water + supply only,Moderate,Critical,3,Moderate,Critical,55313.0,1380.86,0.024964,2.4964,Moderate,3,0.0,0
405031122,Port Pirie,Mid North,Barossa - Yorke - Mid North,SA Water,0,4.7,FY2025-26 water + supply only,Moderate,Critical,3,Moderate,Critical,62026.0,1380.86,0.022263,2.2263,Moderate,3,0.0,0
405031123,Port Pirie Surrounds,Mid North,Barossa - Yorke - Mid North,SA Water,0,4.7,FY2025-26 water + supply only,Low,High,4,Low,High,68027.0,1380.86,0.020299,2.0299,Moderate,3,1.0,1
405041124,Kadina,Yorke Peninsula,Barossa - Yorke - Mid North,SA Water,0,4.7,FY2025-26 water + supply only,Low,High,4,Low,High,68621.0,1380.86,0.020123,2.0123,Moderate,3,1.0,1
405041125,Moonta,Yorke Peninsula,Barossa - Yorke - Mid North,SA Water,0,4.7,FY2025-26 water + supply only,Moderate,Critical,3,Moderate,Critical,57333.0,1380.86,0.024085,2.4085,Moderate,3,0.0,0
405041126,Wallaroo,Yorke Peninsula,Barossa - Yorke - Mid North,SA Water,0,4.7,FY2025-26 water + supply only,Moderate,Critical,3,Moderate,Critical,54422.0,1380.86,0.025373,2.5373,Moderate,3,0.0,0
405041127,Yorke Peninsula - North,Yorke Peninsula,Barossa - Yorke - Mid North,SA Water,0,4.7,FY2025-26 water + supply only,Moderate,Critical,3,Moderate,Critical,59590.0,1380.86,0.023173,2.3173,Moderate,3,0.0,0
405041128,Yorke Peninsula - South,Yorke Peninsula,Barossa - Yorke - Mid North,SA Water,0,4.7,FY2025-26 water + supply only,Moderate,Critical,3,Moderate,Critical,52936.0,1380.86,0.026085,2.6085,Moderate,3,0.0,0
406011129,Ceduna,Eyre Peninsula and South West,South Australia - Outback,SA Water,0,4.7,FY2025-26 water + supply only,Low,Moderate,4,Low,Moderate,83534.0,1380.86,0.016531,1.6531,Low,4,0.0,0
406011130,Eyre Peninsula,Eyre Peninsula and South West,South Australia - Outback,SA Water,0,4.7,FY2025-26 water + supply only,Low,Moderate,4,Low,Moderate,77711.0,1380.86,0.017769,1.7769,Low,4,0.0,0
406011131,Kimba - Cleve - Franklin Harbour,Eyre Peninsula and South West,South Australia - Outback,SA Water,0,4.7,FY2025-26 water + supply only,Low,High,4,Low,High,69869.0,1380.86,0.019764,1.9764,Low,4,0.0,0
406011132,Le Hunte - Elliston,Eyre Peninsula and South West,South Australia - Outback,SA Water,0,4.7,FY2025-26 water + supply only,Low,High,4,Low,High,73374.0,1380.86,0.018819,1.8819,Low,4,0.0,0
406011133,Port Lincoln,Eyre Peninsula and South West,South Australia - Outback,SA Water,0,4.7,FY2025-26 water + supply only,Low,Moderate,4,Low,Moderate,77295.0,1380.86,0.017865,1.7865,Low,4,0.0,0
406011134,West Coast (SA),Eyre Peninsula and South West,South Australia - Outback,SA Water,0,4.7,FY2025-26 water + supply only,Low,High,4,Low,High,68205.0,1380.86,0.020246,2.0246,Moderate,3,1.0,1
406011135,Western,Eyre Peninsula and South West,South Australia - Outback,SA Water,0,4.7,FY2025-26 water + supply only,Low,Moderate,4,Low,Moderate,77949.0,1380.86,0.017715,1.7715,Low,4,0.0,0
406011136,Whyalla,Eyre Peninsula and South West,South Australia - Outback,SA Water,0,4.7,FY2025-26 water + supply only,Low,High,4,Low,High,70582.0,1380.86,0.019564,1.9564,Low,4,0.0,0
406011137,Whyalla - North,Eyre Peninsula and South West,South Australia - Outback,SA Water,0,4.7,FY2025-26 water + supply only,Unknown,Unknown,5,Unknown,Unknown,,1380.86,,,Unknown,5,,0
406021138,APY Lands,Outback - North and East,South Australia - Outback,SA Water,0,4.7,FY2025-26 water + supply only,Low,High,4,Low,High,75216.0,1380.86,0.018359,1.8359,Low,4,0.0,0
406021139,Coober Pedy,Outback - North and East,South Australia - Outback,Council,0,4.7,FY2025-26 water + supply only,Unknown,Unknown,5,Unknown,Unknown,45391.0,,,,Unknown,5,,0
406021140,Quorn - Lake Gilles,Outback - North and East,South Australia - Outback,SA Water,0,4.7,FY2025-26 water + supply only,Moderate,High,3,Moderate,High,62205.0,1380.86,0.022199,2.2199,Moderate,3,0.0,0
406021141,Outback,Outback - North and East,South Australia - Outback,SA Water,0,4.7,FY2025-26 water + supply only,Low,High,4,Low,High,72126.0,1380.86,0.019145,1.9145,Low,4,0.0,0
406021142,Port Augusta,Outback - North and East,South Australia - Outback,SA Water,0,4.7,FY2025-26 water + supply only,Low,Moderate,4,Low,Moderate,75869.0,1380.86,0.018201,1.8201,Low,4,0.0,0
406021143,Roxby Downs,Outback - North and East,South Australia - Outback,SA Water,0,4.7,FY2025-26 water + supply only,Low,Low,4,Low,Low,186554.0,1380.86,0.007402,0.7402,Low,4,0.0,0
407011144,Goolwa - Port Elliot,Fleurieu - Kangaroo Island,South Australia - South East,SA Water,0,4.7,FY2025-26 water + supply only,Moderate,Critical,3,Moderate,Critical,57630.0,1380.86,0.023961,2.3961,Moderate,3,0.0,0
407011145,Kangaroo Island,Fleurieu - Kangaroo Island,South Australia - South East,SA Water,0,4.7,FY2025-26 water + supply only,Moderate,High,3,Moderate,High,67017.0,1380.86,0.020605,2.0605,Moderate,3,0.0,0
407011146,Strathalbyn,Fleurieu - Kangaroo Island,South Australia - South East,SA Water,0,4.7,FY2025-26 water + supply only,Low,Moderate,4,Low,Moderate,75869.0,1380.86,0.018201,1.8201,Low,4,0.0,0
407011147,Strathalbyn Surrounds,Fleurieu - Kangaroo Island,South Australia - South East,SA Water,0,4.7,FY2025-26 water + supply only,Low,Moderate,4,Low,Moderate,87871.0,1380.86,0.015715,1.5715,Low,4,0.0,0
407011148,Victor Harbor,Fleurieu - Kangaroo Island,South Australia - South East,SA Water,0,4.7,FY2025-26 water + supply only,Moderate,Critical,3,Moderate,Critical,58046.0,1380.86,0.023789,2.3789,Moderate,3,0.0,0
407011149,Yankalilla,Fleurieu - Kangaroo Island,South Australia - South East,SA Water,0,4.7,FY2025-26 water + supply only,Moderate,High,3,Moderate,High,64284.0,1380.86,0.021481,2.1481,Moderate,3,0.0,0
407021150,Grant,Limestone Coast,South Australia - South East,SA Water,0,4.7,FY2025-26 water + supply only,Low,Moderate,4,Low,Moderate,93990.0,1380.86,0.014692,1.4692,Low,4,0.0,0
407021151,Kingston - Robe,Limestone Coast,South Australia - South East,SA Water,0,4.7,FY2025-26 water + supply only,Low,High,4,Low,High,71295.0,1380.86,0.019368,1.9368,Low,4,0.0,0
407021152,Millicent,Limestone Coast,South Australia - South East,SA Water,0,4.7,FY2025-26 water + supply only,Moderate,Critical,3,Moderate,Critical,58699.0,1380.86,0.023524,2.3524,Moderate,3,0.0,0
407021154,Naracoorte,Limestone Coast,South Australia - South East,SA Water,0,4.7,FY2025-26 water + supply only,Low,Moderate,4,Low,Moderate,81811.0,1380.86,0.016879,1.6879,Low,4,0.0,0
407021155,Naracoorte Surrounds,Limestone Coast,South Australia - South East,SA Water,0,4.7,FY2025-26 water + supply only,Low,Moderate,4,Low,Moderate,96961.0,1380.86,0.014241,1.4241,Low,4,0.0,0
407021156,Penola,Limestone Coast,South Australia - South East,SA Water,0,4.7,FY2025-26 water + supply only,Low,Moderate,4,Low,Moderate,78068.0,1380.86,0.017688,1.7688,Low,4,0.0,0
407021157,Tatiara,Limestone Coast,South Australia - South East,SA Water,0,4.7,FY2025-26 water + supply only,Low,Moderate,4,Low,Moderate,87336.0,1380.86,0.015811,1.5811,Low,4,0.0,0
407021158,Wattle Range,Limestone Coast,South Australia - South East,SA Water,0,4.7,FY2025-26 water + supply only,Low,Moderate,4,Low,Moderate,80266.0,1380.86,0.017204,1.7204,Low,4,0.0,0
407021173,Mount Gambier - East,Limestone Coast,South Australia - South East,SA Water,0,4.7,FY2025-26 water + supply only,Low,Moderate,4,Low,Moderate,80088.0,1380.86,0.017242,1.7242,Low,4,0.0,0
407021174,Mount Gambier - West,Limestone Coast,South Australia - South East,SA Water,0,4.7,FY2025-26 water + supply only,Low,High,4,Low,High,71889.0,1380.86,0.019208,1.9208,Low,4,0.0,0
407031159,Barmera,Murray and Mallee,South Australia - South East,SA Water,0,4.7,FY2025-26 water + supply only,Low,High,4,Low,High,73968.0,1380.86,0.018668,1.8668,Low,4,0.0,0
407031160,Berri,Murray and Mallee,South Australia - South East,SA Water,0,4.7,FY2025-26 water + supply only,Moderate,Critical,3,Moderate,Critical,61729.0,1380.86,0.02237,2.237,Moderate,3,0.0,0
407031161,Karoonda - Lameroo,Murray and Mallee,South Australia - South East,SA Water,0,4.7,FY2025-26 water + supply only,Low,High,4,Low,High,70641.0,1380.86,0.019548,1.9548,Low,4,0.0,0
407031162,Loxton,Murray and Mallee,South Australia - South East,SA Water,0,4.7,FY2025-26 water + supply only,Low,High,4,Low,High,71770.0,1380.86,0.01924,1.924,Low,4,0.0,0
407031163,Loxton Surrounds,Murray and Mallee,South Australia - South East,SA Water,0,4.7,FY2025-26 water + supply only,Low,Moderate,4,Low,Moderate,77236.0,1380.86,0.017878,1.7878,Low,4,0.0,0
407031164,Mannum,Murray and Mallee,South Australia - South East,SA Water,0,4.7,FY2025-26 water + supply only,Moderate,Critical,3,Moderate,Critical,53530.0,1380.86,0.025796,2.5796,Moderate,3,0.0,0
407031165,Murray Bridge,Murray and Mallee,South Australia - South East,SA Water,0,4.7,FY2025-26 water + supply only,Moderate,High,3,Moderate,High,63987.0,1380.86,0.02158,2.158,Moderate,3,0.0,0
407031166,Murray Bridge Surrounds,Murray and Mallee,South Australia - South East,SA Water,0,4.7,FY2025-26 water + supply only,Low,Moderate,4,Low,Moderate,76879.0,1380.86,0.017961,1.7961,Low,4,0.0,0
407031167,Renmark,Murray and Mallee,South Australia - South East,SA Water,0,4.7,FY2025-26 water + supply only,Moderate,Critical,3,Moderate,Critical,60422.0,1380.86,0.022854,2.2854,Moderate,3,0.0,0
407031168,Renmark Surrounds,Murray and Mallee,South Australia - South East,SA Water,0,4.7,FY2025-26 water + supply only,Low,Moderate,4,Low,Moderate,86682.0,1380.86,0.01593,1.593,Low,4,0.0,0
407031169,The Coorong,Murray and Mallee,South Australia - South East,SA Water,0,4.7,FY2025-26 water + supply only,Moderate,High,3,Moderate,High,64462.0,1380.86,0.021421,2.1421,Moderate,3,0.0,0
407031170,Waikerie,Murray and Mallee,South Australia - South East,SA Water,0,4.7,FY2025-26 water + supply only,Moderate,Critical,3,Moderate,Critical,61016.0,1380.86,0.022631,2.2631,Moderate,3,0.0,0
497979799,Migratory - Offshore - Shipping (SA),Migratory - Offshore - Shipping (SA),Migratory - Offshore - Shipping (SA),SA Water,0,4.7,FY2025-26 water + supply only,Unknown,Unknown,5,Unknown,Unknown,,1380.86,,,Unknown,5,,0
499999499,No usual address (SA),No usual address (SA),No usual address (SA),SA Water,0,4.7,FY2025-26 water + supply only,Unknown,Unknown,5,Unknown,Unknown,,1380.86,,,Unknown,5,,0
