price_increase_pct,scenario_label,SA2_CODE21,SA2_NAME21,SA3_NAME21,SA4_NAME21,provider_type,is_metro,burden_tier_abs,burden_tier_rel,median_hhd_inc_annual_adj,sim_annual_bill,sim_burden_ratio,sim_tier_abs,tier_shift,sim_burden_pct,tier_shifted,sim_tier_order
0.0,Baseline,401011001,Adelaide,Adelaide City,Adelaide - Central and Hills,SA Water,True,Low,Moderate,81098.0,1160.23,0.014307,Low,0.0,1.4307,0,4
0.0,Baseline,401011002,North Adelaide,Adelaide City,Adelaide - Central and Hills,SA Water,True,Low,Low,110923.0,1160.23,0.01046,Low,0.0,1.046,0,4
0.0,Baseline,401021003,Adelaide Hills,Adelaide Hills,Adelaide - Central and Hills,SA Water,True,Low,Low,113180.0,1160.23,0.010251,Low,0.0,1.0251,0,4
0.0,Baseline,401021004,Aldgate - Stirling,Adelaide Hills,Adelaide - Central and Hills,SA Water,True,Low,Low,136470.0,1160.23,0.008502,Low,0.0,0.8502,0,4
0.0,Baseline,401021005,Hahndorf - Echunga,Adelaide Hills,Adelaide - Central and Hills,SA Water,True,Low,Low,114428.0,1160.23,0.010139,Low,0.0,1.0139,0,4
0.0,Baseline,401021006,Lobethal - Woodside,Adelaide Hills,Adelaide - Central and Hills,SA Water,True,Low,Moderate,100466.0,1160.23,0.011548,Low,0.0,1.1548,0,4
0.0,Baseline,401021007,Mount Barker,Adelaide Hills,Adelaide - Central and Hills,SA Water,True,Low,Moderate,100882.0,1160.23,0.011501,Low,0.0,1.1501,0,4
0.0,Baseline,401021008,Mount Barker Surrounds,Adelaide Hills,Adelaide - Central and Hills,SA Water,True,Low,Low,105991.0,1160.23,0.010946,Low,0.0,1.0946,0,4
0.0,Baseline,401021009,Nairne,Adelaide Hills,Adelaide - Central and Hills,SA Water,True,Low,Low,105516.0,1160.23,0.010996,Low,0.0,1.0996,0,4
0.0,Baseline,401021010,Uraidla - Summertown,Adelaide Hills,Adelaide - Central and Hills,SA Water,True,Low,Low,129578.0,1160.23,0.008954,Low,0.0,0.8954,0,4
0.0,Baseline,401031011,Burnside - Wattle Park,Burnside,Adelaide - Central and Hills,SA Water,True,Low,Low,123934.0,1160.23,0.009362,Low,0.0,0.9362,0,4
0.0,Baseline,401031012,Beaumont - Glen Osmond,Burnside,Adelaide - Central and Hills,SA Water,True,Low,Low,138193.0,1160.23,0.008396,Low,0.0,0.8396,0,4
0.0,Baseline,401031013,Toorak Gardens,Burnside,Adelaide - Central and Hills,SA Water,True,Low,Low,114606.0,1160.23,0.010124,Low,0.0,1.0124,0,4
0.0,Baseline,401041014,Athelstone,Campbelltown (SA),Adelaide - Central and Hills,SA Water,True,Low,Low,115319.0,1160.23,0.010061,Low,0.0,1.0061,0,4
0.0,Baseline,401041015,Paradise - Newton,Campbelltown (SA),Adelaide - Central and Hills,SA Water,True,Low,Moderate,84781.0,1160.23,0.013685,Low,0.0,1.3685,0,4
0.0,Baseline,401041016,Rostrevor - Magill,Campbelltown (SA),Adelaide - Central and Hills,SA Water,True,Low,Moderate,97674.0,1160.23,0.011879,Low,0.0,1.1879,0,4
0.0,Baseline,401051017,Norwood (SA),Norwood - Payneham - St Peters,Adelaide - Central and Hills,SA Water,True,Low,Moderate,98208.0,1160.23,0.011814,Low,0.0,1.1814,0,4
0.0,Baseline,401051018,Payneham - Felixstow,Norwood - Payneham - St Peters,Adelaide - Central and Hills,SA Water,True,Low,Moderate,87692.0,1160.23,0.013231,Low,0.0,1.3231,0,4
0.0,Baseline,401051019,St Peters - Marden,Norwood - Payneham - St Peters,Adelaide - Central and Hills,SA Water,True,Low,Low,111636.0,1160.23,0.010393,Low,0.0,1.0393,0,4
0.0,Baseline,401061020,Nailsworth - Broadview,Prospect - Walkerville,Adelaide - Central and Hills,SA Water,True,Low,Low,116864.0,1160.23,0.009928,Low,0.0,0.9928,0,4
0.0,Baseline,401061021,Prospect,Prospect - Walkerville,Adelaide - Central and Hills,SA Water,True,Low,Low,119953.0,1160.23,0.009672,Low,0.0,0.9672,0,4
0.0,Baseline,401061022,Walkerville,Prospect - Walkerville,Adelaide - Central and Hills,SA Water,True,Low,Low,121914.0,1160.23,0.009517,Low,0.0,0.9517,0,4
0.0,Baseline,401071023,Goodwood - Millswood,Unley,Adelaide - Central and Hills,SA Water,True,Low,Low,118884.0,1160.23,0.009759,Low,0.0,0.9759,0,4
0.0,Baseline,401071024,Unley - Parkside,Unley,Adelaide - Central and Hills,SA Water,True,Low,Low,118706.0,1160.23,0.009774,Low,0.0,0.9774,0,4
0.0,Baseline,402011025,Gawler - North,Gawler - Two Wells,Adelaide - North,SA Water,True,Low,Low,105160.0,1160.23,0.011033,Low,0.0,1.1033,0,4
0.0,Baseline,402011026,Gawler - South,Gawler - Two Wells,Adelaide - North,SA Water,True,Low,Moderate,79375.0,1160.23,0.014617,Low,0.0,1.4617,0,4
0.0,Baseline,402011027,Lewiston - Two Wells,Gawler - Two Wells,Adelaide - North,SA Water,True,Low,Low,113358.0,1160.23,0.010235,Low,0.0,1.0235,0,4
0.0,Baseline,402021028,Craigmore - Blakeview,Playford,Adelaide - North,SA Water,True,Low,Moderate,95060.0,1160.23,0.012205,Low,0.0,1.2205,0,4
0.0,Baseline,402021029,Davoren Park,Playford,Adelaide - North,SA Water,True,Low,Moderate,68978.0,1160.23,0.01682,Low,0.0,1.682,0,4
0.0,Baseline,402021030,Elizabeth,Playford,Adelaide - North,SA Water,True,Moderate,Critical,49134.0,1160.23,0.023614,Moderate,0.0,2.3614,0,3
0.0,Baseline,402021031,Elizabeth East,Playford,Adelaide - North,SA Water,True,Low,Moderate,70582.0,1160.23,0.016438,Low,0.0,1.6438,0,4
0.0,Baseline,402021032,Munno Para West - Angle Vale,Playford,Adelaide - North,SA Water,True,Low,Moderate,98208.0,1160.23,0.011814,Low,0.0,1.1814,0,4
0.0,Baseline,402021033,One Tree Hill,Playford,Adelaide - North,SA Water,True,Low,Low,135282.0,1160.23,0.008576,Low,0.0,0.8576,0,4
0.0,Baseline,402021034,Smithfield - Elizabeth North,Playford,Adelaide - North,SA Water,True,Moderate,High,55788.0,1160.23,0.020797,Moderate,0.0,2.0797,0,3
0.0,Baseline,402021035,Virginia - Waterloo Corner,Playford,Adelaide - North,SA Water,True,Low,Moderate,82405.0,1160.23,0.01408,Low,0.0,1.408,0,4
0.0,Baseline,402031036,Enfield - Blair Athol,Port Adelaide - East,Adelaide - North,SA Water,True,Low,Moderate,84841.0,1160.23,0.013675,Low,0.0,1.3675,0,4
0.0,Baseline,402031038,Windsor Gardens,Port Adelaide - East,Adelaide - North,SA Water,True,Low,Moderate,94762.0,1160.23,0.012244,Low,0.0,1.2244,0,4
0.0,Baseline,402031175,Northgate - Northfield,Port Adelaide - East,Adelaide - North,SA Water,True,Low,Low,104506.0,1160.23,0.011102,Low,0.0,1.1102,0,4
0.0,Baseline,402031176,Valley View - Gilles Plains,Port Adelaide - East,Adelaide - North,SA Water,True,Low,Moderate,87277.0,1160.23,0.013294,Low,0.0,1.3294,0,4
0.0,Baseline,402041039,Dry Creek - North,Salisbury,Adelaide - North,SA Water,True,Unknown,Unknown,,1160.23,,Unknown,,,0,5
0.0,Baseline,402041040,Ingle Farm,Salisbury,Adelaide - North,SA Water,True,Low,Moderate,79850.0,1160.23,0.01453,Low,0.0,1.453,0,4
0.0,Baseline,402041041,Para Hills,Salisbury,Adelaide - North,SA Water,True,Low,Moderate,85791.0,1160.23,0.013524,Low,0.0,1.3524,0,4
0.0,Baseline,402041042,Parafield,Salisbury,Adelaide - North,SA Water,True,Unknown,Unknown,,1160.23,,Unknown,,,0,5
0.0,Baseline,402041043,Parafield Gardens,Salisbury,Adelaide - North,SA Water,True,Low,Moderate,82226.0,1160.23,0.01411,Low,0.0,1.411,0,4
0.0,Baseline,402041044,Paralowie,Salisbury,Adelaide - North,SA Water,True,Low,Moderate,86623.0,1160.23,0.013394,Low,0.0,1.3394,0,4
0.0,Baseline,402041046,Salisbury,Salisbury,Adelaide - North,SA Water,True,Low,High,63630.0,1160.23,0.018234,Low,0.0,1.8234,0,4
0.0,Baseline,402041047,Salisbury East,Salisbury,Adelaide - North,SA Water,True,Low,Moderate,79553.0,1160.23,0.014584,Low,0.0,1.4584,0,4
0.0,Baseline,402041048,Salisbury North,Salisbury,Adelaide - North,SA Water,True,Low,Moderate,74562.0,1160.23,0.015561,Low,0.0,1.5561,0,4
0.0,Baseline,402041171,Mawson Lakes - Globe Derby Park,Salisbury,Adelaide - North,SA Water,True,Low,Low,113656.0,1160.23,0.010208,Low,0.0,1.0208,0,4
0.0,Baseline,402041172,Pooraka - Cavan,Salisbury,Adelaide - North,SA Water,True,Low,Moderate,75038.0,1160.23,0.015462,Low,0.0,1.5462,0,4
0.0,Baseline,402051049,Golden Grove,Tea Tree Gully,Adelaide - North,SA Water,True,Low,Moderate,99456.0,1160.23,0.011666,Low,0.0,1.1666,0,4
0.0,Baseline,402051050,Greenwith,Tea Tree Gully,Adelaide - North,SA Water,True,Low,Low,115081.0,1160.23,0.010082,Low,0.0,1.0082,0,4
0.0,Baseline,402051051,Highbury - Dernancourt,Tea Tree Gully,Adelaide - North,SA Water,True,Low,Low,114071.0,1160.23,0.010171,Low,0.0,1.0171,0,4
0.0,Baseline,402051052,Hope Valley - Modbury,Tea Tree Gully,Adelaide - North,SA Water,True,Low,Moderate,78068.0,1160.23,0.014862,Low,0.0,1.4862,0,4
0.0,Baseline,402051053,Modbury Heights,Tea Tree Gully,Adelaide - North,SA Water,True,Low,Moderate,98446.0,1160.23,0.011785,Low,0.0,1.1785,0,4
0.0,Baseline,402051054,Redwood Park,Tea Tree Gully,Adelaide - North,SA Water,True,Low,Low,108011.0,1160.23,0.010742,Low,0.0,1.0742,0,4
0.0,Baseline,402051055,St Agnes - Ridgehaven,Tea Tree Gully,Adelaide - North,SA Water,True,Low,Moderate,88643.0,1160.23,0.013089,Low,0.0,1.3089,0,4
0.0,Baseline,403011056,Brighton (SA),Holdfast Bay,Adelaide - South,SA Water,True,Low,Moderate,99397.0,1160.23,0.011673,Low,0.0,1.1673,0,4
0.0,Baseline,403011057,Glenelg (SA),Holdfast Bay,Adelaide - South,SA Water,True,Low,Moderate,92802.0,1160.23,0.012502,Low,0.0,1.2502,0,4
0.0,Baseline,403021058,Edwardstown,Marion,Adelaide - South,SA Water,True,Low,Moderate,86267.0,1160.23,0.013449,Low,0.0,1.3449,0,4
0.0,Baseline,403021059,Hallett Cove,Marion,Adelaide - South,SA Water,True,Low,Low,111457.0,1160.23,0.01041,Low,0.0,1.041,0,4
0.0,Baseline,403021060,Marino - Seaview Downs,Marion,Adelaide - South,SA Water,True,Low,Low,108190.0,1160.23,0.010724,Low,0.0,1.0724,0,4
0.0,Baseline,403021061,Mitchell Park,Marion,Adelaide - South,SA Water,True,Low,Moderate,77652.0,1160.23,0.014941,Low,0.0,1.4941,0,4
0.0,Baseline,403021062,Morphettville,Marion,Adelaide - South,SA Water,True,Low,Moderate,92327.0,1160.23,0.012567,Low,0.0,1.2567,0,4
0.0,Baseline,403021063,Sheidow Park - Trott Park,Marion,Adelaide - South,SA Water,True,Low,Low,114190.0,1160.23,0.010161,Low,0.0,1.0161,0,4
0.0,Baseline,403021064,Warradale,Marion,Adelaide - South,SA Water,True,Low,Moderate,84425.0,1160.23,0.013743,Low,0.0,1.3743,0,4
0.0,Baseline,403031065,Belair,Mitcham,Adelaide - South,SA Water,True,Low,Low,135044.0,1160.23,0.008591,Low,0.0,0.8591,0,4
0.0,Baseline,403031066,Bellevue Heights,Mitcham,Adelaide - South,SA Water,True,Low,Low,104803.0,1160.23,0.011071,Low,0.0,1.1071,0,4
0.0,Baseline,403031067,Blackwood,Mitcham,Adelaide - South,SA Water,True,Low,Low,125597.0,1160.23,0.009238,Low,0.0,0.9238,0,4
0.0,Baseline,403031068,Colonel Light Gardens,Mitcham,Adelaide - South,SA Water,True,Low,Low,119181.0,1160.23,0.009735,Low,0.0,0.9735,0,4
0.0,Baseline,403031069,Mitcham (SA),Mitcham,Adelaide - South,SA Water,True,Low,Low,130885.0,1160.23,0.008864,Low,0.0,0.8864,0,4
0.0,Baseline,403031070,Panorama,Mitcham,Adelaide - South,SA Water,True,Low,Moderate,90188.0,1160.23,0.012865,Low,0.0,1.2865,0,4
0.0,Baseline,403041071,Aberfoyle Park,Onkaparinga,Adelaide - South,SA Water,True,Low,Low,107358.0,1160.23,0.010807,Low,0.0,1.0807,0,4
0.0,Baseline,403041072,Aldinga,Onkaparinga,Adelaide - South,SA Water,True,Low,Moderate,78246.0,1160.23,0.014828,Low,0.0,1.4828,0,4
0.0,Baseline,403041073,Christie Downs,Onkaparinga,Adelaide - South,SA Water,True,Low,High,59115.0,1160.23,0.019627,Low,0.0,1.9627,0,4
0.0,Baseline,403041074,Christies Beach,Onkaparinga,Adelaide - South,SA Water,True,Low,Moderate,72483.0,1160.23,0.016007,Low,0.0,1.6007,0,4
0.0,Baseline,403041075,Clarendon,Onkaparinga,Adelaide - South,SA Water,True,Low,Low,120013.0,1160.23,0.009668,Low,0.0,0.9668,0,4
0.0,Baseline,403041076,Coromandel Valley,Onkaparinga,Adelaide - South,SA Water,True,Low,Low,132667.0,1160.23,0.008745,Low,0.0,0.8745,0,4
0.0,Baseline,403041077,Flagstaff Hill,Onkaparinga,Adelaide - South,SA Water,True,Low,Low,121498.0,1160.23,0.009549,Low,0.0,0.9549,0,4
0.0,Baseline,403041078,Hackham - Onkaparinga Hills,Onkaparinga,Adelaide - South,SA Water,True,Low,Moderate,80504.0,1160.23,0.014412,Low,0.0,1.4412,0,4
0.0,Baseline,403041079,Hackham West - Huntfield Heights,Onkaparinga,Adelaide - South,SA Water,True,Low,High,64165.0,1160.23,0.018082,Low,0.0,1.8082,0,4
0.0,Baseline,403041080,Happy Valley,Onkaparinga,Adelaide - South,SA Water,True,Low,Moderate,93158.0,1160.23,0.012454,Low,0.0,1.2454,0,4
0.0,Baseline,403041081,Happy Valley Reservoir,Onkaparinga,Adelaide - South,SA Water,True,Low,Moderate,81692.0,1160.23,0.014202,Low,0.0,1.4202,0,4
0.0,Baseline,403041082,Lonsdale,Onkaparinga,Adelaide - South,SA Water,True,Moderate,Critical,43074.0,1160.23,0.026936,Moderate,0.0,2.6936,0,3
0.0,Baseline,403041083,McLaren Vale,Onkaparinga,Adelaide - South,SA Water,True,Low,Moderate,97317.0,1160.23,0.011922,Low,0.0,1.1922,0,4
0.0,Baseline,403041084,Morphett Vale - East,Onkaparinga,Adelaide - South,SA Water,True,Low,Moderate,72958.0,1160.23,0.015903,Low,0.0,1.5903,0,4
0.0,Baseline,403041085,Morphett Vale - West,Onkaparinga,Adelaide - South,SA Water,True,Low,Moderate,69096.0,1160.23,0.016792,Low,0.0,1.6792,0,4
0.0,Baseline,403041086,Reynella,Onkaparinga,Adelaide - South,SA Water,True,Low,Moderate,79256.0,1160.23,0.014639,Low,0.0,1.4639,0,4
0.0,Baseline,403041088,Willunga,Onkaparinga,Adelaide - South,SA Water,True,Low,Low,104268.0,1160.23,0.011127,Low,0.0,1.1127,0,4
0.0,Baseline,403041089,Woodcroft,Onkaparinga,Adelaide - South,SA Water,True,Low,Moderate,99337.0,1160.23,0.01168,Low,0.0,1.168,0,4
0.0,Baseline,403041177,Seaford - Seaford Meadows,Onkaparinga,Adelaide - South,SA Water,True,Low,Moderate,87098.0,1160.23,0.013321,Low,0.0,1.3321,0,4
0.0,Baseline,403041178,Seaford Rise - Moana,Onkaparinga,Adelaide - South,SA Water,True,Low,Moderate,90366.0,1160.23,0.012839,Low,0.0,1.2839,0,4
0.0,Baseline,404011090,Beverley,Charles Sturt,Adelaide - West,SA Water,True,Low,Moderate,100704.0,1160.23,0.011521,Low,0.0,1.1521,0,4
0.0,Baseline,404011091,Flinders Park,Charles Sturt,Adelaide - West,SA Water,True,Low,Moderate,92861.0,1160.23,0.012494,Low,0.0,1.2494,0,4
0.0,Baseline,404011092,Henley Beach,Charles Sturt,Adelaide - West,SA Water,True,Low,Low,106110.0,1160.23,0.010934,Low,0.0,1.0934,0,4
0.0,Baseline,404011093,Hindmarsh - Brompton,Charles Sturt,Adelaide - West,SA Water,True,Low,Moderate,96901.0,1160.23,0.011973,Low,0.0,1.1973,0,4
0.0,Baseline,404011094,Royal Park - Hendon - Albert Park,Charles Sturt,Adelaide - West,SA Water,True,Low,Moderate,84781.0,1160.23,0.013685,Low,0.0,1.3685,0,4
0.0,Baseline,404011095,Seaton - Grange,Charles Sturt,Adelaide - West,SA Water,True,Low,Moderate,84662.0,1160.23,0.013704,Low,0.0,1.3704,0,4
0.0,Baseline,404011096,West Lakes,Charles Sturt,Adelaide - West,SA Water,True,Low,Moderate,89475.0,1160.23,0.012967,Low,0.0,1.2967,0,4
0.0,Baseline,404011097,Woodville - Cheltenham,Charles Sturt,Adelaide - West,SA Water,True,Low,Moderate,88584.0,1160.23,0.013098,Low,0.0,1.3098,0,4
0.0,Baseline,404021098,Dry Creek - South,Port Adelaide - West,Adelaide - West,SA Water,True,Unknown,Unknown,,1160.23,,Unknown,,,0,5
0.0,Baseline,404021099,Largs Bay - Semaphore,Port Adelaide - West,Adelaide - West,SA Water,True,Low,Moderate,94109.0,1160.23,0.012329,Low,0.0,1.2329,0,4
0.0,Baseline,404021100,North Haven,Port Adelaide - West,Adelaide - West,SA Water,True,Low,Moderate,84009.0,1160.23,0.013811,Low,0.0,1.3811,0,4
0.0,Baseline,404021101,Port Adelaide,Port Adelaide - West,Adelaide - West,SA Water,True,Low,Moderate,74087.0,1160.23,0.01566,Low,0.0,1.566,0,4
0.0,Baseline,404021102,The Parks,Port Adelaide - West,Adelaide - West,SA Water,True,Low,Moderate,77058.0,1160.23,0.015057,Low,0.0,1.5057,0,4
0.0,Baseline,404021103,Torrens Island,Port Adelaide - West,Adelaide - West,SA Water,True,Moderate,Critical,44500.0,1160.23,0.026073,Moderate,0.0,2.6073,0,3
0.0,Baseline,404031104,Adelaide Airport,West Torrens,Adelaide - West,SA Water,True,Unknown,Unknown,,1160.23,,Unknown,,,0,5
0.0,Baseline,404031105,Fulham,West Torrens,Adelaide - West,SA Water,True,Low,Low,104150.0,1160.23,0.01114,Low,0.0,1.114,0,4
0.0,Baseline,404031106,Lockleys,West Torrens,Adelaide - West,SA Water,True,Low,Moderate,97139.0,1160.23,0.011944,Low,0.0,1.1944,0,4
0.0,Baseline,404031107,Plympton,West Torrens,Adelaide - West,SA Water,True,Low,Moderate,92148.0,1160.23,0.012591,Low,0.0,1.2591,0,4
0.0,Baseline,404031108,Richmond (SA),West Torrens,Adelaide - West,SA Water,True,Low,Moderate,92386.0,1160.23,0.012559,Low,0.0,1.2559,0,4
0.0,Baseline,404031109,West Beach,West Torrens,Adelaide - West,SA Water,True,Low,Low,103734.0,1160.23,0.011185,Low,0.0,1.1185,0,4
0.0,Baseline,405011110,Barossa - Angaston,Barossa,Barossa - Yorke - Mid North,SA Water,False,Low,Moderate,85613.0,1343.83,0.015697,Low,0.0,1.5697,0,4
0.0,Baseline,405011111,Light,Barossa,Barossa - Yorke - Mid North,SA Water,False,Low,Moderate,91732.0,1343.83,0.01465,Low,0.0,1.465,0,4
0.0,Baseline,405011112,Lyndoch,Barossa,Barossa - Yorke - Mid North,SA Water,False,Low,Moderate,108546.0,1343.83,0.01238,Low,0.0,1.238,0,4
0.0,Baseline,405011113,Mallala,Barossa,Barossa - Yorke - Mid North,SA Water,False,Low,Moderate,81335.0,1343.83,0.016522,Low,0.0,1.6522,0,4
0.0,Baseline,405011114,Nuriootpa,Barossa,Barossa - Yorke - Mid North,SA Water,False,Low,Moderate,78781.0,1343.83,0.017058,Low,0.0,1.7058,0,4
0.0,Baseline,405011115,Tanunda,Barossa,Barossa - Yorke - Mid North,SA Water,False,Low,Moderate,85910.0,1343.83,0.015642,Low,0.0,1.5642,0,4
0.0,Baseline,405021116,Clare,Lower North,Barossa - Yorke - Mid North,SA Water,False,Low,Moderate,81276.0,1343.83,0.016534,Low,0.0,1.6534,0,4
0.0,Baseline,405021117,Gilbert Valley,Lower North,Barossa - Yorke - Mid North,SA Water,False,Low,High,74681.0,1343.83,0.017994,Low,0.0,1.7994,0,4
0.0,Baseline,405021118,Goyder,Lower North,Barossa - Yorke - Mid North,SA Water,False,Moderate,Critical,54481.0,1343.83,0.024666,Moderate,0.0,2.4666,0,3
0.0,Baseline,405021119,Wakefield - Barunga West,Lower North,Barossa - Yorke - Mid North,SA Water,False,Moderate,High,64878.0,1343.83,0.020713,Moderate,0.0,2.0713,0,3
0.0,Baseline,405031120,Jamestown,Mid North,Barossa - Yorke - Mid North,SA Water,False,Low,High,68027.0,1343.83,0.019754,Low,0.0,1.9754,0,4
0.0,Baseline,405031121,Peterborough - Mount Remarkable,Mid North,Barossa - Yorke - Mid North,SA Water,False,Moderate,Critical,55313.0,1343.83,0.024295,Moderate,0.0,2.4295,0,3
0.0,Baseline,405031122,Port Pirie,Mid North,Barossa - Yorke - Mid North,SA Water,False,Moderate,Critical,62026.0,1343.83,0.021666,Moderate,0.0,2.1666,0,3
0.0,Baseline,405031123,Port Pirie Surrounds,Mid North,Barossa - Yorke - Mid North,SA Water,False,Low,High,68027.0,1343.83,0.019754,Low,0.0,1.9754,0,4
0.0,Baseline,405041124,Kadina,Yorke Peninsula,Barossa - Yorke - Mid North,SA Water,False,Low,High,68621.0,1343.83,0.019583,Low,0.0,1.9583,0,4
0.0,Baseline,405041125,Moonta,Yorke Peninsula,Barossa - Yorke - Mid North,SA Water,False,Moderate,Critical,57333.0,1343.83,0.023439,Moderate,0.0,2.3439,0,3
0.0,Baseline,405041126,Wallaroo,Yorke Peninsula,Barossa - Yorke - Mid North,SA Water,False,Moderate,Critical,54422.0,1343.83,0.024693,Moderate,0.0,2.4693,0,3
0.0,Baseline,405041127,Yorke Peninsula - North,Yorke Peninsula,Barossa - Yorke - Mid North,SA Water,False,Moderate,Critical,59590.0,1343.83,0.022551,Moderate,0.0,2.2551,0,3
0.0,Baseline,405041128,Yorke Peninsula - South,Yorke Peninsula,Barossa - Yorke - Mid North,SA Water,False,Moderate,Critical,52936.0,1343.83,0.025386,Moderate,0.0,2.5386,0,3
0.0,Baseline,406011129,Ceduna,Eyre Peninsula and South West,South Australia - Outback,SA Water,False,Low,Moderate,83534.0,1343.83,0.016087,Low,0.0,1.6087,0,4
0.0,Baseline,406011130,Eyre Peninsula,Eyre Peninsula and South West,South Australia - Outback,SA Water,False,Low,Moderate,77711.0,1343.83,0.017293,Low,0.0,1.7293,0,4
0.0,Baseline,406011131,Kimba - Cleve - Franklin Harbour,Eyre Peninsula and South West,South Australia - Outback,SA Water,False,Low,High,69869.0,1343.83,0.019234,Low,0.0,1.9234,0,4
0.0,Baseline,406011132,Le Hunte - Elliston,Eyre Peninsula and South West,South Australia - Outback,SA Water,False,Low,High,73374.0,1343.83,0.018315,Low,0.0,1.8315,0,4
0.0,Baseline,406011133,Port Lincoln,Eyre Peninsula and South West,South Australia - Outback,SA Water,False,Low,Moderate,77295.0,1343.83,0.017386,Low,0.0,1.7386,0,4
0.0,Baseline,406011134,West Coast (SA),Eyre Peninsula and South West,South Australia - Outback,SA Water,False,Low,High,68205.0,1343.83,0.019703,Low,0.0,1.9703,0,4
0.0,Baseline,406011135,Western,Eyre Peninsula and South West,South Australia - Outback,SA Water,False,Low,Moderate,77949.0,1343.83,0.01724,Low,0.0,1.724,0,4
0.0,Baseline,406011136,Whyalla,Eyre Peninsula and South West,South Australia - Outback,SA Water,False,Low,High,70582.0,1343.83,0.019039,Low,0.0,1.9039,0,4
0.0,Baseline,406011137,Whyalla - North,Eyre Peninsula and South West,South Australia - Outback,SA Water,False,Unknown,Unknown,,1343.83,,Unknown,,,0,5
0.0,Baseline,406021138,APY Lands,Outback - North and East,South Australia - Outback,SA Water,False,Low,High,75216.0,1343.83,0.017866,Low,0.0,1.7866,0,4
0.0,Baseline,406021139,Coober Pedy,Outback - North and East,South Australia - Outback,Council,False,Unknown,Unknown,45391.0,,,Unknown,,,0,5
0.0,Baseline,406021140,Quorn - Lake Gilles,Outback - North and East,South Australia - Outback,SA Water,False,Moderate,High,62205.0,1343.83,0.021603,Moderate,0.0,2.1603,0,3
0.0,Baseline,406021141,Outback,Outback - North and East,South Australia - Outback,SA Water,False,Low,High,72126.0,1343.83,0.018632,Low,0.0,1.8632,0,4
0.0,Baseline,406021142,Port Augusta,Outback - North and East,South Australia - Outback,SA Water,False,Low,Moderate,75869.0,1343.83,0.017713,Low,0.0,1.7713,0,4
0.0,Baseline,406021143,Roxby Downs,Outback - North and East,South Australia - Outback,SA Water,False,Low,Low,186554.0,1343.83,0.007203,Low,0.0,0.7203,0,4
0.0,Baseline,407011144,Goolwa - Port Elliot,Fleurieu - Kangaroo Island,South Australia - South East,SA Water,False,Moderate,Critical,57630.0,1343.83,0.023318,Moderate,0.0,2.3318,0,3
0.0,Baseline,407011145,Kangaroo Island,Fleurieu - Kangaroo Island,South Australia - South East,SA Water,False,Moderate,High,67017.0,1343.83,0.020052,Moderate,0.0,2.0052,0,3
0.0,Baseline,407011146,Strathalbyn,Fleurieu - Kangaroo Island,South Australia - South East,SA Water,False,Low,Moderate,75869.0,1343.83,0.017713,Low,0.0,1.7713,0,4
0.0,Baseline,407011147,Strathalbyn Surrounds,Fleurieu - Kangaroo Island,South Australia - South East,SA Water,False,Low,Moderate,87871.0,1343.83,0.015293,Low,0.0,1.5293,0,4
0.0,Baseline,407011148,Victor Harbor,Fleurieu - Kangaroo Island,South Australia - South East,SA Water,False,Moderate,Critical,58046.0,1343.83,0.023151,Moderate,0.0,2.3151,0,3
0.0,Baseline,407011149,Yankalilla,Fleurieu - Kangaroo Island,South Australia - South East,SA Water,False,Moderate,High,64284.0,1343.83,0.020905,Moderate,0.0,2.0905,0,3
0.0,Baseline,407021150,Grant,Limestone Coast,South Australia - South East,SA Water,False,Low,Moderate,93990.0,1343.83,0.014298,Low,0.0,1.4298,0,4
0.0,Baseline,407021151,Kingston - Robe,Limestone Coast,South Australia - South East,SA Water,False,Low,High,71295.0,1343.83,0.018849,Low,0.0,1.8849,0,4
0.0,Baseline,407021152,Millicent,Limestone Coast,South Australia - South East,SA Water,False,Moderate,Critical,58699.0,1343.83,0.022894,Moderate,0.0,2.2894,0,3
0.0,Baseline,407021154,Naracoorte,Limestone Coast,South Australia - South East,SA Water,False,Low,Moderate,81811.0,1343.83,0.016426,Low,0.0,1.6426,0,4
0.0,Baseline,407021155,Naracoorte Surrounds,Limestone Coast,South Australia - South East,SA Water,False,Low,Moderate,96961.0,1343.83,0.013859,Low,0.0,1.3859,0,4
0.0,Baseline,407021156,Penola,Limestone Coast,South Australia - South East,SA Water,False,Low,Moderate,78068.0,1343.83,0.017214,Low,0.0,1.7214,0,4
0.0,Baseline,407021157,Tatiara,Limestone Coast,South Australia - South East,SA Water,False,Low,Moderate,87336.0,1343.83,0.015387,Low,0.0,1.5387,0,4
0.0,Baseline,407021158,Wattle Range,Limestone Coast,South Australia - South East,SA Water,False,Low,Moderate,80266.0,1343.83,0.016742,Low,0.0,1.6742,0,4
0.0,Baseline,407021173,Mount Gambier - East,Limestone Coast,South Australia - South East,SA Water,False,Low,Moderate,80088.0,1343.83,0.016779,Low,0.0,1.6779,0,4
0.0,Baseline,407021174,Mount Gambier - West,Limestone Coast,South Australia - South East,SA Water,False,Low,High,71889.0,1343.83,0.018693,Low,0.0,1.8693,0,4
0.0,Baseline,407031159,Barmera,Murray and Mallee,South Australia - South East,SA Water,False,Low,High,73968.0,1343.83,0.018168,Low,0.0,1.8168,0,4
0.0,Baseline,407031160,Berri,Murray and Mallee,South Australia - South East,SA Water,False,Moderate,Critical,61729.0,1343.83,0.02177,Moderate,0.0,2.177,0,3
0.0,Baseline,407031161,Karoonda - Lameroo,Murray and Mallee,South Australia - South East,SA Water,False,Low,High,70641.0,1343.83,0.019023,Low,0.0,1.9023,0,4
0.0,Baseline,407031162,Loxton,Murray and Mallee,South Australia - South East,SA Water,False,Low,High,71770.0,1343.83,0.018724,Low,0.0,1.8724,0,4
0.0,Baseline,407031163,Loxton Surrounds,Murray and Mallee,South Australia - South East,SA Water,False,Low,Moderate,77236.0,1343.83,0.017399,Low,0.0,1.7399,0,4
0.0,Baseline,407031164,Mannum,Murray and Mallee,South Australia - South East,SA Water,False,Moderate,Critical,53530.0,1343.83,0.025104,Moderate,0.0,2.5104,0,3
0.0,Baseline,407031165,Murray Bridge,Murray and Mallee,South Australia - South East,SA Water,False,Moderate,High,63987.0,1343.83,0.021002,Moderate,0.0,2.1002,0,3
0.0,Baseline,407031166,Murray Bridge Surrounds,Murray and Mallee,South Australia - South East,SA Water,False,Low,Moderate,76879.0,1343.83,0.01748,Low,0.0,1.748,0,4
0.0,Baseline,407031167,Renmark,Murray and Mallee,South Australia - South East,SA Water,False,Moderate,Critical,60422.0,1343.83,0.022241,Moderate,0.0,2.2241,0,3
0.0,Baseline,407031168,Renmark Surrounds,Murray and Mallee,South Australia - South East,SA Water,False,Low,Moderate,86682.0,1343.83,0.015503,Low,0.0,1.5503,0,4
0.0,Baseline,407031169,The Coorong,Murray and Mallee,South Australia - South East,SA Water,False,Moderate,High,64462.0,1343.83,0.020847,Moderate,0.0,2.0847,0,3
0.0,Baseline,407031170,Waikerie,Murray and Mallee,South Australia - South East,SA Water,False,Moderate,Critical,61016.0,1343.83,0.022024,Moderate,0.0,2.2024,0,3
0.0,Baseline,497979799,Migratory - Offshore - Shipping (SA),Migratory - Offshore - Shipping (SA),Migratory - Offshore - Shipping (SA),SA Water,False,Unknown,Unknown,,1343.83,,Unknown,,,0,5
0.0,Baseline,499999499,No usual address (SA),No usual address (SA),No usual address (SA),SA Water,False,Unknown,Unknown,,1343.83,,Unknown,,,0,5
5.0,+5%,401011001,Adelaide,Adelaide City,Adelaide - Central and Hills,SA Water,True,Low,Moderate,81098.0,1183.86,0.014598,Low,0.0,1.4598,0,4
5.0,+5%,401011002,North Adelaide,Adelaide City,Adelaide - Central and Hills,SA Water,True,Low,Low,110923.0,1183.86,0.010673,Low,0.0,1.0673,0,4
5.0,+5%,401021003,Adelaide Hills,Adelaide Hills,Adelaide - Central and Hills,SA Water,True,Low,Low,113180.0,1183.86,0.01046,Low,0.0,1.046,0,4
5.0,+5%,401021004,Aldgate - Stirling,Adelaide Hills,Adelaide - Central and Hills,SA Water,True,Low,Low,136470.0,1183.86,0.008675,Low,0.0,0.8675,0,4
5.0,+5%,401021005,Hahndorf - Echunga,Adelaide Hills,Adelaide - Central and Hills,SA Water,True,Low,Low,114428.0,1183.86,0.010346,Low,0.0,1.0346,0,4
5.0,+5%,401021006,Lobethal - Woodside,Adelaide Hills,Adelaide - Central and Hills,SA Water,True,Low,Moderate,100466.0,1183.86,0.011784,Low,0.0,1.1784,0,4
5.0,+5%,401021007,Mount Barker,Adelaide Hills,Adelaide - Central and Hills,SA Water,True,Low,Moderate,100882.0,1183.86,0.011735,Low,0.0,1.1735,0,4
5.0,+5%,401021008,Mount Barker Surrounds,Adelaide Hills,Adelaide - Central and Hills,SA Water,True,Low,Low,105991.0,1183.86,0.011169,Low,0.0,1.1169,0,4
5.0,+5%,401021009,Nairne,Adelaide Hills,Adelaide - Central and Hills,SA Water,True,Low,Low,105516.0,1183.86,0.01122,Low,0.0,1.122,0,4
5.0,+5%,401021010,Uraidla - Summertown,Adelaide Hills,Adelaide - Central and Hills,SA Water,True,Low,Low,129578.0,1183.86,0.009136,Low,0.0,0.9136,0,4
5.0,+5%,401031011,Burnside - Wattle Park,Burnside,Adelaide - Central and Hills,SA Water,True,Low,Low,123934.0,1183.86,0.009552,Low,0.0,0.9552,0,4
5.0,+5%,401031012,Beaumont - Glen Osmond,Burnside,Adelaide - Central and Hills,SA Water,True,Low,Low,138193.0,1183.86,0.008567,Low,0.0,0.8567,0,4
5.0,+5%,401031013,Toorak Gardens,Burnside,Adelaide - Central and Hills,SA Water,True,Low,Low,114606.0,1183.86,0.01033,Low,0.0,1.033,0,4
5.0,+5%,401041014,Athelstone,Campbelltown (SA),Adelaide - Central and Hills,SA Water,True,Low,Low,115319.0,1183.86,0.010266,Low,0.0,1.0266,0,4
5.0,+5%,401041015,Paradise - Newton,Campbelltown (SA),Adelaide - Central and Hills,SA Water,True,Low,Moderate,84781.0,1183.86,0.013964,Low,0.0,1.3964,0,4
5.0,+5%,401041016,Rostrevor - Magill,Campbelltown (SA),Adelaide - Central and Hills,SA Water,True,Low,Moderate,97674.0,1183.86,0.012121,Low,0.0,1.2121,0,4
5.0,+5%,401051017,Norwood (SA),Norwood - Payneham - St Peters,Adelaide - Central and Hills,SA Water,True,Low,Moderate,98208.0,1183.86,0.012055,Low,0.0,1.2055,0,4
5.0,+5%,401051018,Payneham - Felixstow,Norwood - Payneham - St Peters,Adelaide - Central and Hills,SA Water,True,Low,Moderate,87692.0,1183.86,0.0135,Low,0.0,1.35,0,4
5.0,+5%,401051019,St Peters - Marden,Norwood - Payneham - St Peters,Adelaide - Central and Hills,SA Water,True,Low,Low,111636.0,1183.86,0.010605,Low,0.0,1.0605,0,4
5.0,+5%,401061020,Nailsworth - Broadview,Prospect - Walkerville,Adelaide - Central and Hills,SA Water,True,Low,Low,116864.0,1183.86,0.01013,Low,0.0,1.013,0,4
5.0,+5%,401061021,Prospect,Prospect - Walkerville,Adelaide - Central and Hills,SA Water,True,Low,Low,119953.0,1183.86,0.009869,Low,0.0,0.9869,0,4
5.0,+5%,401061022,Walkerville,Prospect - Walkerville,Adelaide - Central and Hills,SA Water,True,Low,Low,121914.0,1183.86,0.009711,Low,0.0,0.9711,0,4
5.0,+5%,401071023,Goodwood - Millswood,Unley,Adelaide - Central and Hills,SA Water,True,Low,Low,118884.0,1183.86,0.009958,Low,0.0,0.9958,0,4
5.0,+5%,401071024,Unley - Parkside,Unley,Adelaide - Central and Hills,SA Water,True,Low,Low,118706.0,1183.86,0.009973,Low,0.0,0.9973,0,4
5.0,+5%,402011025,Gawler - North,Gawler - Two Wells,Adelaide - North,SA Water,True,Low,Low,105160.0,1183.86,0.011258,Low,0.0,1.1258,0,4
5.0,+5%,402011026,Gawler - South,Gawler - Two Wells,Adelaide - North,SA Water,True,Low,Moderate,79375.0,1183.86,0.014915,Low,0.0,1.4915,0,4
5.0,+5%,402011027,Lewiston - Two Wells,Gawler - Two Wells,Adelaide - North,SA Water,True,Low,Low,113358.0,1183.86,0.010444,Low,0.0,1.0444,0,4
5.0,+5%,402021028,Craigmore - Blakeview,Playford,Adelaide - North,SA Water,True,Low,Moderate,95060.0,1183.86,0.012454,Low,0.0,1.2454,0,4
5.0,+5%,402021029,Davoren Park,Playford,Adelaide - North,SA Water,True,Low,Moderate,68978.0,1183.86,0.017163,Low,0.0,1.7163,0,4
5.0,+5%,402021030,Elizabeth,Playford,Adelaide - North,SA Water,True,Moderate,Critical,49134.0,1183.86,0.024095,Moderate,0.0,2.4095,0,3
5.0,+5%,402021031,Elizabeth East,Playford,Adelaide - North,SA Water,True,Low,Moderate,70582.0,1183.86,0.016773,Low,0.0,1.6773,0,4
5.0,+5%,402021032,Munno Para West - Angle Vale,Playford,Adelaide - North,SA Water,True,Low,Moderate,98208.0,1183.86,0.012055,Low,0.0,1.2055,0,4
5.0,+5%,402021033,One Tree Hill,Playford,Adelaide - North,SA Water,True,Low,Low,135282.0,1183.86,0.008751,Low,0.0,0.8751,0,4
5.0,+5%,402021034,Smithfield - Elizabeth North,Playford,Adelaide - North,SA Water,True,Moderate,High,55788.0,1183.86,0.021221,Moderate,0.0,2.1221,0,3
5.0,+5%,402021035,Virginia - Waterloo Corner,Playford,Adelaide - North,SA Water,True,Low,Moderate,82405.0,1183.86,0.014366,Low,0.0,1.4366,0,4
5.0,+5%,402031036,Enfield - Blair Athol,Port Adelaide - East,Adelaide - North,SA Water,True,Low,Moderate,84841.0,1183.86,0.013954,Low,0.0,1.3954,0,4
5.0,+5%,402031038,Windsor Gardens,Port Adelaide - East,Adelaide - North,SA Water,True,Low,Moderate,94762.0,1183.86,0.012493,Low,0.0,1.2493,0,4
5.0,+5%,402031175,Northgate - Northfield,Port Adelaide - East,Adelaide - North,SA Water,True,Low,Low,104506.0,1183.86,0.011328,Low,0.0,1.1328,0,4
5.0,+5%,402031176,Valley View - Gilles Plains,Port Adelaide - East,Adelaide - North,SA Water,True,Low,Moderate,87277.0,1183.86,0.013564,Low,0.0,1.3564,0,4
5.0,+5%,402041039,Dry Creek - North,Salisbury,Adelaide - North,SA Water,True,Unknown,Unknown,,1183.86,,Unknown,,,0,5
5.0,+5%,402041040,Ingle Farm,Salisbury,Adelaide - North,SA Water,True,Low,Moderate,79850.0,1183.86,0.014826,Low,0.0,1.4826,0,4
5.0,+5%,402041041,Para Hills,Salisbury,Adelaide - North,SA Water,True,Low,Moderate,85791.0,1183.86,0.013799,Low,0.0,1.3799,0,4
5.0,+5%,402041042,Parafield,Salisbury,Adelaide - North,SA Water,True,Unknown,Unknown,,1183.86,,Unknown,,,0,5
5.0,+5%,402041043,Parafield Gardens,Salisbury,Adelaide - North,SA Water,True,Low,Moderate,82226.0,1183.86,0.014398,Low,0.0,1.4398,0,4
5.0,+5%,402041044,Paralowie,Salisbury,Adelaide - North,SA Water,True,Low,Moderate,86623.0,1183.86,0.013667,Low,0.0,1.3667,0,4
5.0,+5%,402041046,Salisbury,Salisbury,Adelaide - North,SA Water,True,Low,High,63630.0,1183.86,0.018605,Low,0.0,1.8605,0,4
5.0,+5%,402041047,Salisbury East,Salisbury,Adelaide - North,SA Water,True,Low,Moderate,79553.0,1183.86,0.014881,Low,0.0,1.4881,0,4
5.0,+5%,402041048,Salisbury North,Salisbury,Adelaide - North,SA Water,True,Low,Moderate,74562.0,1183.86,0.015878,Low,0.0,1.5878,0,4
5.0,+5%,402041171,Mawson Lakes - Globe Derby Park,Salisbury,Adelaide - North,SA Water,True,Low,Low,113656.0,1183.86,0.010416,Low,0.0,1.0416,0,4
5.0,+5%,402041172,Pooraka - Cavan,Salisbury,Adelaide - North,SA Water,True,Low,Moderate,75038.0,1183.86,0.015777,Low,0.0,1.5777,0,4
5.0,+5%,402051049,Golden Grove,Tea Tree Gully,Adelaide - North,SA Water,True,Low,Moderate,99456.0,1183.86,0.011903,Low,0.0,1.1903,0,4
5.0,+5%,402051050,Greenwith,Tea Tree Gully,Adelaide - North,SA Water,True,Low,Low,115081.0,1183.86,0.010287,Low,0.0,1.0287,0,4
5.0,+5%,402051051,Highbury - Dernancourt,Tea Tree Gully,Adelaide - North,SA Water,True,Low,Low,114071.0,1183.86,0.010378,Low,0.0,1.0378,0,4
5.0,+5%,402051052,Hope Valley - Modbury,Tea Tree Gully,Adelaide - North,SA Water,True,Low,Moderate,78068.0,1183.86,0.015164,Low,0.0,1.5164,0,4
5.0,+5%,402051053,Modbury Heights,Tea Tree Gully,Adelaide - North,SA Water,True,Low,Moderate,98446.0,1183.86,0.012025,Low,0.0,1.2025,0,4
5.0,+5%,402051054,Redwood Park,Tea Tree Gully,Adelaide - North,SA Water,True,Low,Low,108011.0,1183.86,0.010961,Low,0.0,1.0961,0,4
5.0,+5%,402051055,St Agnes - Ridgehaven,Tea Tree Gully,Adelaide - North,SA Water,True,Low,Moderate,88643.0,1183.86,0.013355,Low,0.0,1.3355,0,4
5.0,+5%,403011056,Brighton (SA),Holdfast Bay,Adelaide - South,SA Water,True,Low,Moderate,99397.0,1183.86,0.01191,Low,0.0,1.191,0,4
5.0,+5%,403011057,Glenelg (SA),Holdfast Bay,Adelaide - South,SA Water,True,Low,Moderate,92802.0,1183.86,0.012757,Low,0.0,1.2757,0,4
5.0,+5%,403021058,Edwardstown,Marion,Adelaide - South,SA Water,True,Low,Moderate,86267.0,1183.86,0.013723,Low,0.0,1.3723,0,4
5.0,+5%,403021059,Hallett Cove,Marion,Adelaide - South,SA Water,True,Low,Low,111457.0,1183.86,0.010622,Low,0.0,1.0622,0,4
5.0,+5%,403021060,Marino - Seaview Downs,Marion,Adelaide - South,SA Water,True,Low,Low,108190.0,1183.86,0.010942,Low,0.0,1.0942,0,4
5.0,+5%,403021061,Mitchell Park,Marion,Adelaide - South,SA Water,True,Low,Moderate,77652.0,1183.86,0.015246,Low,0.0,1.5246,0,4
5.0,+5%,403021062,Morphettville,Marion,Adelaide - South,SA Water,True,Low,Moderate,92327.0,1183.86,0.012822,Low,0.0,1.2822,0,4
5.0,+5%,403021063,Sheidow Park - Trott Park,Marion,Adelaide - South,SA Water,True,Low,Low,114190.0,1183.86,0.010367,Low,0.0,1.0367,0,4
5.0,+5%,403021064,Warradale,Marion,Adelaide - South,SA Water,True,Low,Moderate,84425.0,1183.86,0.014023,Low,0.0,1.4023,0,4
5.0,+5%,403031065,Belair,Mitcham,Adelaide - South,SA Water,True,Low,Low,135044.0,1183.86,0.008766,Low,0.0,0.8766,0,4
5.0,+5%,403031066,Bellevue Heights,Mitcham,Adelaide - South,SA Water,True,Low,Low,104803.0,1183.86,0.011296,Low,0.0,1.1296,0,4
5.0,+5%,403031067,Blackwood,Mitcham,Adelaide - South,SA Water,True,Low,Low,125597.0,1183.86,0.009426,Low,0.0,0.9426,0,4
5.0,+5%,403031068,Colonel Light Gardens,Mitcham,Adelaide - South,SA Water,True,Low,Low,119181.0,1183.86,0.009933,Low,0.0,0.9933,0,4
5.0,+5%,403031069,Mitcham (SA),Mitcham,Adelaide - South,SA Water,True,Low,Low,130885.0,1183.86,0.009045,Low,0.0,0.9045,0,4
5.0,+5%,403031070,Panorama,Mitcham,Adelaide - South,SA Water,True,Low,Moderate,90188.0,1183.86,0.013127,Low,0.0,1.3127,0,4
5.0,+5%,403041071,Aberfoyle Park,Onkaparinga,Adelaide - South,SA Water,True,Low,Low,107358.0,1183.86,0.011027,Low,0.0,1.1027,0,4
5.0,+5%,403041072,Aldinga,Onkaparinga,Adelaide - South,SA Water,True,Low,Moderate,78246.0,1183.86,0.01513,Low,0.0,1.513,0,4
5.0,+5%,403041073,Christie Downs,Onkaparinga,Adelaide - South,SA Water,True,Low,High,59115.0,1183.86,0.020026,Moderate,1.0,2.0026,1,3
5.0,+5%,403041074,Christies Beach,Onkaparinga,Adelaide - South,SA Water,True,Low,Moderate,72483.0,1183.86,0.016333,Low,0.0,1.6333,0,4
5.0,+5%,403041075,Clarendon,Onkaparinga,Adelaide - South,SA Water,True,Low,Low,120013.0,1183.86,0.009864,Low,0.0,0.9864,0,4
5.0,+5%,403041076,Coromandel Valley,Onkaparinga,Adelaide - South,SA Water,True,Low,Low,132667.0,1183.86,0.008924,Low,0.0,0.8924,0,4
5.0,+5%,403041077,Flagstaff Hill,Onkaparinga,Adelaide - South,SA Water,True,Low,Low,121498.0,1183.86,0.009744,Low,0.0,0.9744,0,4
5.0,+5%,403041078,Hackham - Onkaparinga Hills,Onkaparinga,Adelaide - South,SA Water,True,Low,Moderate,80504.0,1183.86,0.014706,Low,0.0,1.4706,0,4
5.0,+5%,403041079,Hackham West - Huntfield Heights,Onkaparinga,Adelaide - South,SA Water,True,Low,High,64165.0,1183.86,0.01845,Low,0.0,1.845,0,4
5.0,+5%,403041080,Happy Valley,Onkaparinga,Adelaide - South,SA Water,True,Low,Moderate,93158.0,1183.86,0.012708,Low,0.0,1.2708,0,4
5.0,+5%,403041081,Happy Valley Reservoir,Onkaparinga,Adelaide - South,SA Water,True,Low,Moderate,81692.0,1183.86,0.014492,Low,0.0,1.4492,0,4
5.0,+5%,403041082,Lonsdale,Onkaparinga,Adelaide - South,SA Water,True,Moderate,Critical,43074.0,1183.86,0.027484,Moderate,0.0,2.7484,0,3
5.0,+5%,403041083,McLaren Vale,Onkaparinga,Adelaide - South,SA Water,True,Low,Moderate,97317.0,1183.86,0.012165,Low,0.0,1.2165,0,4
5.0,+5%,403041084,Morphett Vale - East,Onkaparinga,Adelaide - South,SA Water,True,Low,Moderate,72958.0,1183.86,0.016227,Low,0.0,1.6227,0,4
5.0,+5%,403041085,Morphett Vale - West,Onkaparinga,Adelaide - South,SA Water,True,Low,Moderate,69096.0,1183.86,0.017134,Low,0.0,1.7134,0,4
5.0,+5%,403041086,Reynella,Onkaparinga,Adelaide - South,SA Water,True,Low,Moderate,79256.0,1183.86,0.014937,Low,0.0,1.4937,0,4
5.0,+5%,403041088,Willunga,Onkaparinga,Adelaide - South,SA Water,True,Low,Low,104268.0,1183.86,0.011354,Low,0.0,1.1354,0,4
5.0,+5%,403041089,Woodcroft,Onkaparinga,Adelaide - South,SA Water,True,Low,Moderate,99337.0,1183.86,0.011918,Low,0.0,1.1918,0,4
5.0,+5%,403041177,Seaford - Seaford Meadows,Onkaparinga,Adelaide - South,SA Water,True,Low,Moderate,87098.0,1183.86,0.013592,Low,0.0,1.3592,0,4
5.0,+5%,403041178,Seaford Rise - Moana,Onkaparinga,Adelaide - South,SA Water,True,Low,Moderate,90366.0,1183.86,0.013101,Low,0.0,1.3101,0,4
5.0,+5%,404011090,Beverley,Charles Sturt,Adelaide - West,SA Water,True,Low,Moderate,100704.0,1183.86,0.011756,Low,0.0,1.1756,0,4
5.0,+5%,404011091,Flinders Park,Charles Sturt,Adelaide - West,SA Water,True,Low,Moderate,92861.0,1183.86,0.012749,Low,0.0,1.2749,0,4
5.0,+5%,404011092,Henley Beach,Charles Sturt,Adelaide - West,SA Water,True,Low,Low,106110.0,1183.86,0.011157,Low,0.0,1.1157,0,4
5.0,+5%,404011093,Hindmarsh - Brompton,Charles Sturt,Adelaide - West,SA Water,True,Low,Moderate,96901.0,1183.86,0.012217,Low,0.0,1.2217,0,4
5.0,+5%,404011094,Royal Park - Hendon - Albert Park,Charles Sturt,Adelaide - West,SA Water,True,Low,Moderate,84781.0,1183.86,0.013964,Low,0.0,1.3964,0,4
5.0,+5%,404011095,Seaton - Grange,Charles Sturt,Adelaide - West,SA Water,True,Low,Moderate,84662.0,1183.86,0.013983,Low,0.0,1.3983,0,4
5.0,+5%,404011096,West Lakes,Charles Sturt,Adelaide - West,SA Water,True,Low,Moderate,89475.0,1183.86,0.013231,Low,0.0,1.3231,0,4
5.0,+5%,404011097,Woodville - Cheltenham,Charles Sturt,Adelaide - West,SA Water,True,Low,Moderate,88584.0,1183.86,0.013364,Low,0.0,1.3364,0,4
5.0,+5%,404021098,Dry Creek - South,Port Adelaide - West,Adelaide - West,SA Water,True,Unknown,Unknown,,1183.86,,Unknown,,,0,5
5.0,+5%,404021099,Largs Bay - Semaphore,Port Adelaide - West,Adelaide - West,SA Water,True,Low,Moderate,94109.0,1183.86,0.01258,Low,0.0,1.258,0,4
5.0,+5%,404021100,North Haven,Port Adelaide - West,Adelaide - West,SA Water,True,Low,Moderate,84009.0,1183.86,0.014092,Low,0.0,1.4092,0,4
5.0,+5%,404021101,Port Adelaide,Port Adelaide - West,Adelaide - West,SA Water,True,Low,Moderate,74087.0,1183.86,0.015979,Low,0.0,1.5979,0,4
5.0,+5%,404021102,The Parks,Port Adelaide - West,Adelaide - West,SA Water,True,Low,Moderate,77058.0,1183.86,0.015363,Low,0.0,1.5363,0,4
5.0,+5%,404021103,Torrens Island,Port Adelaide - West,Adelaide - West,SA Water,True,Moderate,Critical,44500.0,1183.86,0.026604,Moderate,0.0,2.6604,0,3
5.0,+5%,404031104,Adelaide Airport,West Torrens,Adelaide - West,SA Water,True,Unknown,Unknown,,1183.86,,Unknown,,,0,5
5.0,+5%,404031105,Fulham,West Torrens,Adelaide - West,SA Water,True,Low,Low,104150.0,1183.86,0.011367,Low,0.0,1.1367,0,4
5.0,+5%,404031106,Lockleys,West Torrens,Adelaide - West,SA Water,True,Low,Moderate,97139.0,1183.86,0.012187,Low,0.0,1.2187,0,4
5.0,+5%,404031107,Plympton,West Torrens,Adelaide - West,SA Water,True,Low,Moderate,92148.0,1183.86,0.012847,Low,0.0,1.2847,0,4
5.0,+5%,404031108,Richmond (SA),West Torrens,Adelaide - West,SA Water,True,Low,Moderate,92386.0,1183.86,0.012814,Low,0.0,1.2814,0,4
5.0,+5%,404031109,West Beach,West Torrens,Adelaide - West,SA Water,True,Low,Low,103734.0,1183.86,0.011412,Low,0.0,1.1412,0,4
5.0,+5%,405011110,Barossa - Angaston,Barossa,Barossa - Yorke - Mid North,SA Water,False,Low,Moderate,85613.0,1367.46,0.015973,Low,0.0,1.5973,0,4
5.0,+5%,405011111,Light,Barossa,Barossa - Yorke - Mid North,SA Water,False,Low,Moderate,91732.0,1367.46,0.014907,Low,0.0,1.4907,0,4
5.0,+5%,405011112,Lyndoch,Barossa,Barossa - Yorke - Mid North,SA Water,False,Low,Moderate,108546.0,1367.46,0.012598,Low,0.0,1.2598,0,4
5.0,+5%,405011113,Mallala,Barossa,Barossa - Yorke - Mid North,SA Water,False,Low,Moderate,81335.0,1367.46,0.016813,Low,0.0,1.6813,0,4
5.0,+5%,405011114,Nuriootpa,Barossa,Barossa - Yorke - Mid North,SA Water,False,Low,Moderate,78781.0,1367.46,0.017358,Low,0.0,1.7358,0,4
5.0,+5%,405011115,Tanunda,Barossa,Barossa - Yorke - Mid North,SA Water,False,Low,Moderate,85910.0,1367.46,0.015917,Low,0.0,1.5917,0,4
5.0,+5%,405021116,Clare,Lower North,Barossa - Yorke - Mid North,SA Water,False,Low,Moderate,81276.0,1367.46,0.016825,Low,0.0,1.6825,0,4
5.0,+5%,405021117,Gilbert Valley,Lower North,Barossa - Yorke - Mid North,SA Water,False,Low,High,74681.0,1367.46,0.018311,Low,0.0,1.8311,0,4
5.0,+5%,405021118,Goyder,Lower North,Barossa - Yorke - Mid North,SA Water,False,Moderate,Critical,54481.0,1367.46,0.0251,Moderate,0.0,2.51,0,3
5.0,+5%,405021119,Wakefield - Barunga West,Lower North,Barossa - Yorke - Mid North,SA Water,False,Moderate,High,64878.0,1367.46,0.021077,Moderate,0.0,2.1077,0,3
5.0,+5%,405031120,Jamestown,Mid North,Barossa - Yorke - Mid North,SA Water,False,Low,High,68027.0,1367.46,0.020102,Moderate,1.0,2.0102,1,3
5.0,+5%,405031121,Peterborough - Mount Remarkable,Mid North,Barossa - Yorke - Mid North,SA Water,False,Moderate,Critical,55313.0,1367.46,0.024722,Moderate,0.0,2.4722,0,3
5.0,+5%,405031122,Port Pirie,Mid North,Barossa - Yorke - Mid North,SA Water,False,Moderate,Critical,62026.0,1367.46,0.022047,Moderate,0.0,2.2047,0,3
5.0,+5%,405031123,Port Pirie Surrounds,Mid North,Barossa - Yorke - Mid North,SA Water,False,Low,High,68027.0,1367.46,0.020102,Moderate,1.0,2.0102,1,3
5.0,+5%,405041124,Kadina,Yorke Peninsula,Barossa - Yorke - Mid North,SA Water,False,Low,High,68621.0,1367.46,0.019928,Low,0.0,1.9928,0,4
5.0,+5%,405041125,Moonta,Yorke Peninsula,Barossa - Yorke - Mid North,SA Water,False,Moderate,Critical,57333.0,1367.46,0.023851,Moderate,0.0,2.3851,0,3
5.0,+5%,405041126,Wallaroo,Yorke Peninsula,Barossa - Yorke - Mid North,SA Water,False,Moderate,Critical,54422.0,1367.46,0.025127,Moderate,0.0,2.5127,0,3
5.0,+5%,405041127,Yorke Peninsula - North,Yorke Peninsula,Barossa - Yorke - Mid North,SA Water,False,Moderate,Critical,59590.0,1367.46,0.022948,Moderate,0.0,2.2948,0,3
5.0,+5%,405041128,Yorke Peninsula - South,Yorke Peninsula,Barossa - Yorke - Mid North,SA Water,False,Moderate,Critical,52936.0,1367.46,0.025832,Moderate,0.0,2.5832,0,3
5.0,+5%,406011129,Ceduna,Eyre Peninsula and South West,South Australia - Outback,SA Water,False,Low,Moderate,83534.0,1367.46,0.01637,Low,0.0,1.637,0,4
5.0,+5%,406011130,Eyre Peninsula,Eyre Peninsula and South West,South Australia - Outback,SA Water,False,Low,Moderate,77711.0,1367.46,0.017597,Low,0.0,1.7597,0,4
5.0,+5%,406011131,Kimba - Cleve - Franklin Harbour,Eyre Peninsula and South West,South Australia - Outback,SA Water,False,Low,High,69869.0,1367.46,0.019572,Low,0.0,1.9572,0,4
5.0,+5%,406011132,Le Hunte - Elliston,Eyre Peninsula and South West,South Australia - Outback,SA Water,False,Low,High,73374.0,1367.46,0.018637,Low,0.0,1.8637,0,4
5.0,+5%,406011133,Port Lincoln,Eyre Peninsula and South West,South Australia - Outback,SA Water,False,Low,Moderate,77295.0,1367.46,0.017691,Low,0.0,1.7691,0,4
5.0,+5%,406011134,West Coast (SA),Eyre Peninsula and South West,South Australia - Outback,SA Water,False,Low,High,68205.0,1367.46,0.020049,Moderate,1.0,2.0049,1,3
5.0,+5%,406011135,Western,Eyre Peninsula and South West,South Australia - Outback,SA Water,False,Low,Moderate,77949.0,1367.46,0.017543,Low,0.0,1.7543,0,4
5.0,+5%,406011136,Whyalla,Eyre Peninsula and South West,South Australia - Outback,SA Water,False,Low,High,70582.0,1367.46,0.019374,Low,0.0,1.9374,0,4
5.0,+5%,406011137,Whyalla - North,Eyre Peninsula and South West,South Australia - Outback,SA Water,False,Unknown,Unknown,,1367.46,,Unknown,,,0,5
5.0,+5%,406021138,APY Lands,Outback - North and East,South Australia - Outback,SA Water,False,Low,High,75216.0,1367.46,0.01818,Low,0.0,1.818,0,4
5.0,+5%,406021139,Coober Pedy,Outback - North and East,South Australia - Outback,Council,False,Unknown,Unknown,45391.0,,,Unknown,,,0,5
5.0,+5%,406021140,Quorn - Lake Gilles,Outback - North and East,South Australia - Outback,SA Water,False,Moderate,High,62205.0,1367.46,0.021983,Moderate,0.0,2.1983,0,3
5.0,+5%,406021141,Outback,Outback - North and East,South Australia - Outback,SA Water,False,Low,High,72126.0,1367.46,0.018959,Low,0.0,1.8959,0,4
5.0,+5%,406021142,Port Augusta,Outback - North and East,South Australia - Outback,SA Water,False,Low,Moderate,75869.0,1367.46,0.018024,Low,0.0,1.8024,0,4
5.0,+5%,406021143,Roxby Downs,Outback - North and East,South Australia - Outback,SA Water,False,Low,Low,186554.0,1367.46,0.00733,Low,0.0,0.733,0,4
5.0,+5%,407011144,Goolwa - Port Elliot,Fleurieu - Kangaroo Island,South Australia - South East,SA Water,False,Moderate,Critical,57630.0,1367.46,0.023728,Moderate,0.0,2.3728,0,3
5.0,+5%,407011145,Kangaroo Island,Fleurieu - Kangaroo Island,South Australia - South East,SA Water,False,Moderate,High,67017.0,1367.46,0.020405,Moderate,0.0,2.0405,0,3
5.0,+5%,407011146,Strathalbyn,Fleurieu - Kangaroo Island,South Australia - South East,SA Water,False,Low,Moderate,75869.0,1367.46,0.018024,Low,0.0,1.8024,0,4
5.0,+5%,407011147,Strathalbyn Surrounds,Fleurieu - Kangaroo Island,South Australia - South East,SA Water,False,Low,Moderate,87871.0,1367.46,0.015562,Low,0.0,1.5562,0,4
5.0,+5%,407011148,Victor Harbor,Fleurieu - Kangaroo Island,South Australia - South East,SA Water,False,Moderate,Critical,58046.0,1367.46,0.023558,Moderate,0.0,2.3558,0,3
5.0,+5%,407011149,Yankalilla,Fleurieu - Kangaroo Island,South Australia - South East,SA Water,False,Moderate,High,64284.0,1367.46,0.021272,Moderate,0.0,2.1272,0,3
5.0,+5%,407021150,Grant,Limestone Coast,South Australia - South East,SA Water,False,Low,Moderate,93990.0,1367.46,0.014549,Low,0.0,1.4549,0,4
5.0,+5%,407021151,Kingston - Robe,Limestone Coast,South Australia - South East,SA Water,False,Low,High,71295.0,1367.46,0.01918,Low,0.0,1.918,0,4
5.0,+5%,407021152,Millicent,Limestone Coast,South Australia - South East,SA Water,False,Moderate,Critical,58699.0,1367.46,0.023296,Moderate,0.0,2.3296,0,3
5.0,+5%,407021154,Naracoorte,Limestone Coast,South Australia - South East,SA Water,False,Low,Moderate,81811.0,1367.46,0.016715,Low,0.0,1.6715,0,4
5.0,+5%,407021155,Naracoorte Surrounds,Limestone Coast,South Australia - South East,SA Water,False,Low,Moderate,96961.0,1367.46,0.014103,Low,0.0,1.4103,0,4
5.0,+5%,407021156,Penola,Limestone Coast,South Australia - South East,SA Water,False,Low,Moderate,78068.0,1367.46,0.017516,Low,0.0,1.7516,0,4
5.0,+5%,407021157,Tatiara,Limestone Coast,South Australia - South East,SA Water,False,Low,Moderate,87336.0,1367.46,0.015657,Low,0.0,1.5657,0,4
5.0,+5%,407021158,Wattle Range,Limestone Coast,South Australia - South East,SA Water,False,Low,Moderate,80266.0,1367.46,0.017037,Low,0.0,1.7037,0,4
5.0,+5%,407021173,Mount Gambier - East,Limestone Coast,South Australia - South East,SA Water,False,Low,Moderate,80088.0,1367.46,0.017074,Low,0.0,1.7074,0,4
5.0,+5%,407021174,Mount Gambier - West,Limestone Coast,South Australia - South East,SA Water,False,Low,High,71889.0,1367.46,0.019022,Low,0.0,1.9022,0,4
5.0,+5%,407031159,Barmera,Murray and Mallee,South Australia - South East,SA Water,False,Low,High,73968.0,1367.46,0.018487,Low,0.0,1.8487,0,4
5.0,+5%,407031160,Berri,Murray and Mallee,South Australia - South East,SA Water,False,Moderate,Critical,61729.0,1367.46,0.022153,Moderate,0.0,2.2153,0,3
5.0,+5%,407031161,Karoonda - Lameroo,Murray and Mallee,South Australia - South East,SA Water,False,Low,High,70641.0,1367.46,0.019358,Low,0.0,1.9358,0,4
5.0,+5%,407031162,Loxton,Murray and Mallee,South Australia - South East,SA Water,False,Low,High,71770.0,1367.46,0.019053,Low,0.0,1.9053,0,4
5.0,+5%,407031163,Loxton Surrounds,Murray and Mallee,South Australia - South East,SA Water,False,Low,Moderate,77236.0,1367.46,0.017705,Low,0.0,1.7705,0,4
5.0,+5%,407031164,Mannum,Murray and Mallee,South Australia - South East,SA Water,False,Moderate,Critical,53530.0,1367.46,0.025546,Moderate,0.0,2.5546,0,3
5.0,+5%,407031165,Murray Bridge,Murray and Mallee,South Australia - South East,SA Water,False,Moderate,High,63987.0,1367.46,0.021371,Moderate,0.0,2.1371,0,3
5.0,+5%,407031166,Murray Bridge Surrounds,Murray and Mallee,South Australia - South East,SA Water,False,Low,Moderate,76879.0,1367.46,0.017787,Low,0.0,1.7787,0,4
5.0,+5%,407031167,Renmark,Murray and Mallee,South Australia - South East,SA Water,False,Moderate,Critical,60422.0,1367.46,0.022632,Moderate,0.0,2.2632,0,3
5.0,+5%,407031168,Renmark Surrounds,Murray and Mallee,South Australia - South East,SA Water,False,Low,Moderate,86682.0,1367.46,0.015776,Low,0.0,1.5776,0,4
5.0,+5%,407031169,The Coorong,Murray and Mallee,South Australia - South East,SA Water,False,Moderate,High,64462.0,1367.46,0.021213,Moderate,0.0,2.1213,0,3
5.0,+5%,407031170,Waikerie,Murray and Mallee,South Australia - South East,SA Water,False,Moderate,Critical,61016.0,1367.46,0.022411,Moderate,0.0,2.2411,0,3
5.0,+5%,497979799,Migratory - Offshore - Shipping (SA),Migratory - Offshore - Shipping (SA),Migratory - Offshore - Shipping (SA),SA Water,False,Unknown,Unknown,,1367.46,,Unknown,,,0,5
5.0,+5%,499999499,No usual address (SA),No usual address (SA),No usual address (SA),SA Water,False,Unknown,Unknown,,1367.46,,Unknown,,,0,5
10.0,+10%,401011001,Adelaide,Adelaide City,Adelaide - Central and Hills,SA Water,True,Low,Moderate,81098.0,1207.49,0.014889,Low,0.0,1.4889,0,4
10.0,+10%,401011002,North Adelaide,Adelaide City,Adelaide - Central and Hills,SA Water,True,Low,Low,110923.0,1207.49,0.010886,Low,0.0,1.0886,0,4
10.0,+10%,401021003,Adelaide Hills,Adelaide Hills,Adelaide - Central and Hills,SA Water,True,Low,Low,113180.0,1207.49,0.010669,Low,0.0,1.0669,0,4
10.0,+10%,401021004,Aldgate - Stirling,Adelaide Hills,Adelaide - Central and Hills,SA Water,True,Low,Low,136470.0,1207.49,0.008848,Low,0.0,0.8848,0,4
10.0,+10%,401021005,Hahndorf - Echunga,Adelaide Hills,Adelaide - Central and Hills,SA Water,True,Low,Low,114428.0,1207.49,0.010552,Low,0.0,1.0552,0,4
10.0,+10%,401021006,Lobethal - Woodside,Adelaide Hills,Adelaide - Central and Hills,SA Water,True,Low,Moderate,100466.0,1207.49,0.012019,Low,0.0,1.2019,0,4
10.0,+10%,401021007,Mount Barker,Adelaide Hills,Adelaide - Central and Hills,SA Water,True,Low,Moderate,100882.0,1207.49,0.011969,Low,0.0,1.1969,0,4
10.0,+10%,401021008,Mount Barker Surrounds,Adelaide Hills,Adelaide - Central and Hills,SA Water,True,Low,Low,105991.0,1207.49,0.011392,Low,0.0,1.1392,0,4
10.0,+10%,401021009,Nairne,Adelaide Hills,Adelaide - Central and Hills,SA Water,True,Low,Low,105516.0,1207.49,0.011444,Low,0.0,1.1444,0,4
10.0,+10%,401021010,Uraidla - Summertown,Adelaide Hills,Adelaide - Central and Hills,SA Water,True,Low,Low,129578.0,1207.49,0.009319,Low,0.0,0.9319,0,4
10.0,+10%,401031011,Burnside - Wattle Park,Burnside,Adelaide - Central and Hills,SA Water,True,Low,Low,123934.0,1207.49,0.009743,Low,0.0,0.9743,0,4
10.0,+10%,401031012,Beaumont - Glen Osmond,Burnside,Adelaide - Central and Hills,SA Water,True,Low,Low,138193.0,1207.49,0.008738,Low,0.0,0.8738,0,4
10.0,+10%,401031013,Toorak Gardens,Burnside,Adelaide - Central and Hills,SA Water,True,Low,Low,114606.0,1207.49,0.010536,Low,0.0,1.0536,0,4
10.0,+10%,401041014,Athelstone,Campbelltown (SA),Adelaide - Central and Hills,SA Water,True,Low,Low,115319.0,1207.49,0.010471,Low,0.0,1.0471,0,4
10.0,+10%,401041015,Paradise - Newton,Campbelltown (SA),Adelaide - Central and Hills,SA Water,True,Low,Moderate,84781.0,1207.49,0.014242,Low,0.0,1.4242,0,4
10.0,+10%,401041016,Rostrevor - Magill,Campbelltown (SA),Adelaide - Central and Hills,SA Water,True,Low,Moderate,97674.0,1207.49,0.012362,Low,0.0,1.2362,0,4
10.0,+10%,401051017,Norwood (SA),Norwood - Payneham - St Peters,Adelaide - Central and Hills,SA Water,True,Low,Moderate,98208.0,1207.49,0.012295,Low,0.0,1.2295,0,4
10.0,+10%,401051018,Payneham - Felixstow,Norwood - Payneham - St Peters,Adelaide - Central and Hills,SA Water,True,Low,Moderate,87692.0,1207.49,0.01377,Low,0.0,1.377,0,4
10.0,+10%,401051019,St Peters - Marden,Norwood - Payneham - St Peters,Adelaide - Central and Hills,SA Water,True,Low,Low,111636.0,1207.49,0.010816,Low,0.0,1.0816,0,4
10.0,+10%,401061020,Nailsworth - Broadview,Prospect - Walkerville,Adelaide - Central and Hills,SA Water,True,Low,Low,116864.0,1207.49,0.010332,Low,0.0,1.0332,0,4
10.0,+10%,401061021,Prospect,Prospect - Walkerville,Adelaide - Central and Hills,SA Water,True,Low,Low,119953.0,1207.49,0.010066,Low,0.0,1.0066,0,4
10.0,+10%,401061022,Walkerville,Prospect - Walkerville,Adelaide - Central and Hills,SA Water,True,Low,Low,121914.0,1207.49,0.009904,Low,0.0,0.9904,0,4
10.0,+10%,401071023,Goodwood - Millswood,Unley,Adelaide - Central and Hills,SA Water,True,Low,Low,118884.0,1207.49,0.010157,Low,0.0,1.0157,0,4
10.0,+10%,401071024,Unley - Parkside,Unley,Adelaide - Central and Hills,SA Water,True,Low,Low,118706.0,1207.49,0.010172,Low,0.0,1.0172,0,4
10.0,+10%,402011025,Gawler - North,Gawler - Two Wells,Adelaide - North,SA Water,True,Low,Low,105160.0,1207.49,0.011482,Low,0.0,1.1482,0,4
10.0,+10%,402011026,Gawler - South,Gawler - Two Wells,Adelaide - North,SA Water,True,Low,Moderate,79375.0,1207.49,0.015212,Low,0.0,1.5212,0,4
10.0,+10%,402011027,Lewiston - Two Wells,Gawler - Two Wells,Adelaide - North,SA Water,True,Low,Low,113358.0,1207.49,0.010652,Low,0.0,1.0652,0,4
10.0,+10%,402021028,Craigmore - Blakeview,Playford,Adelaide - North,SA Water,True,Low,Moderate,95060.0,1207.49,0.012702,Low,0.0,1.2702,0,4
10.0,+10%,402021029,Davoren Park,Playford,Adelaide - North,SA Water,True,Low,Moderate,68978.0,1207.49,0.017505,Low,0.0,1.7505,0,4
10.0,+10%,402021030,Elizabeth,Playford,Adelaide - North,SA Water,True,Moderate,Critical,49134.0,1207.49,0.024575,Moderate,0.0,2.4575,0,3
10.0,+10%,402021031,Elizabeth East,Playford,Adelaide - North,SA Water,True,Low,Moderate,70582.0,1207.49,0.017108,Low,0.0,1.7108,0,4
10.0,+10%,402021032,Munno Para West - Angle Vale,Playford,Adelaide - North,SA Water,True,Low,Moderate,98208.0,1207.49,0.012295,Low,0.0,1.2295,0,4
10.0,+10%,402021033,One Tree Hill,Playford,Adelaide - North,SA Water,True,Low,Low,135282.0,1207.49,0.008926,Low,0.0,0.8926,0,4
10.0,+10%,402021034,Smithfield - Elizabeth North,Playford,Adelaide - North,SA Water,True,Moderate,High,55788.0,1207.49,0.021644,Moderate,0.0,2.1644,0,3
10.0,+10%,402021035,Virginia - Waterloo Corner,Playford,Adelaide - North,SA Water,True,Low,Moderate,82405.0,1207.49,0.014653,Low,0.0,1.4653,0,4
10.0,+10%,402031036,Enfield - Blair Athol,Port Adelaide - East,Adelaide - North,SA Water,True,Low,Moderate,84841.0,1207.49,0.014232,Low,0.0,1.4232,0,4
10.0,+10%,402031038,Windsor Gardens,Port Adelaide - East,Adelaide - North,SA Water,True,Low,Moderate,94762.0,1207.49,0.012742,Low,0.0,1.2742,0,4
10.0,+10%,402031175,Northgate - Northfield,Port Adelaide - East,Adelaide - North,SA Water,True,Low,Low,104506.0,1207.49,0.011554,Low,0.0,1.1554,0,4
10.0,+10%,402031176,Valley View - Gilles Plains,Port Adelaide - East,Adelaide - North,SA Water,True,Low,Moderate,87277.0,1207.49,0.013835,Low,0.0,1.3835,0,4
10.0,+10%,402041039,Dry Creek - North,Salisbury,Adelaide - North,SA Water,True,Unknown,Unknown,,1207.49,,Unknown,,,0,5
10.0,+10%,402041040,Ingle Farm,Salisbury,Adelaide - North,SA Water,True,Low,Moderate,79850.0,1207.49,0.015122,Low,0.0,1.5122,0,4
10.0,+10%,402041041,Para Hills,Salisbury,Adelaide - North,SA Water,True,Low,Moderate,85791.0,1207.49,0.014075,Low,0.0,1.4075,0,4
10.0,+10%,402041042,Parafield,Salisbury,Adelaide - North,SA Water,True,Unknown,Unknown,,1207.49,,Unknown,,,0,5
10.0,+10%,402041043,Parafield Gardens,Salisbury,Adelaide - North,SA Water,True,Low,Moderate,82226.0,1207.49,0.014685,Low,0.0,1.4685,0,4
10.0,+10%,402041044,Paralowie,Salisbury,Adelaide - North,SA Water,True,Low,Moderate,86623.0,1207.49,0.01394,Low,0.0,1.394,0,4
10.0,+10%,402041046,Salisbury,Salisbury,Adelaide - North,SA Water,True,Low,High,63630.0,1207.49,0.018977,Low,0.0,1.8977,0,4
10.0,+10%,402041047,Salisbury East,Salisbury,Adelaide - North,SA Water,True,Low,Moderate,79553.0,1207.49,0.015178,Low,0.0,1.5178,0,4
10.0,+10%,402041048,Salisbury North,Salisbury,Adelaide - North,SA Water,True,Low,Moderate,74562.0,1207.49,0.016194,Low,0.0,1.6194,0,4
10.0,+10%,402041171,Mawson Lakes - Globe Derby Park,Salisbury,Adelaide - North,SA Water,True,Low,Low,113656.0,1207.49,0.010624,Low,0.0,1.0624,0,4
10.0,+10%,402041172,Pooraka - Cavan,Salisbury,Adelaide - North,SA Water,True,Low,Moderate,75038.0,1207.49,0.016092,Low,0.0,1.6092,0,4
10.0,+10%,402051049,Golden Grove,Tea Tree Gully,Adelaide - North,SA Water,True,Low,Moderate,99456.0,1207.49,0.012141,Low,0.0,1.2141,0,4
10.0,+10%,402051050,Greenwith,Tea Tree Gully,Adelaide - North,SA Water,True,Low,Low,115081.0,1207.49,0.010493,Low,0.0,1.0493,0,4
10.0,+10%,402051051,Highbury - Dernancourt,Tea Tree Gully,Adelaide - North,SA Water,True,Low,Low,114071.0,1207.49,0.010585,Low,0.0,1.0585,0,4
10.0,+10%,402051052,Hope Valley - Modbury,Tea Tree Gully,Adelaide - North,SA Water,True,Low,Moderate,78068.0,1207.49,0.015467,Low,0.0,1.5467,0,4
10.0,+10%,402051053,Modbury Heights,Tea Tree Gully,Adelaide - North,SA Water,True,Low,Moderate,98446.0,1207.49,0.012266,Low,0.0,1.2266,0,4
10.0,+10%,402051054,Redwood Park,Tea Tree Gully,Adelaide - North,SA Water,True,Low,Low,108011.0,1207.49,0.011179,Low,0.0,1.1179,0,4
10.0,+10%,402051055,St Agnes - Ridgehaven,Tea Tree Gully,Adelaide - North,SA Water,True,Low,Moderate,88643.0,1207.49,0.013622,Low,0.0,1.3622,0,4
10.0,+10%,403011056,Brighton (SA),Holdfast Bay,Adelaide - South,SA Water,True,Low,Moderate,99397.0,1207.49,0.012148,Low,0.0,1.2148,0,4
10.0,+10%,403011057,Glenelg (SA),Holdfast Bay,Adelaide - South,SA Water,True,Low,Moderate,92802.0,1207.49,0.013011,Low,0.0,1.3011,0,4
10.0,+10%,403021058,Edwardstown,Marion,Adelaide - South,SA Water,True,Low,Moderate,86267.0,1207.49,0.013997,Low,0.0,1.3997,0,4
10.0,+10%,403021059,Hallett Cove,Marion,Adelaide - South,SA Water,True,Low,Low,111457.0,1207.49,0.010834,Low,0.0,1.0834,0,4
10.0,+10%,403021060,Marino - Seaview Downs,Marion,Adelaide - South,SA Water,True,Low,Low,108190.0,1207.49,0.011161,Low,0.0,1.1161,0,4
10.0,+10%,403021061,Mitchell Park,Marion,Adelaide - South,SA Water,True,Low,Moderate,77652.0,1207.49,0.01555,Low,0.0,1.555,0,4
10.0,+10%,403021062,Morphettville,Marion,Adelaide - South,SA Water,True,Low,Moderate,92327.0,1207.49,0.013078,Low,0.0,1.3078,0,4
10.0,+10%,403021063,Sheidow Park - Trott Park,Marion,Adelaide - South,SA Water,True,Low,Low,114190.0,1207.49,0.010574,Low,0.0,1.0574,0,4
10.0,+10%,403021064,Warradale,Marion,Adelaide - South,SA Water,True,Low,Moderate,84425.0,1207.49,0.014303,Low,0.0,1.4303,0,4
10.0,+10%,403031065,Belair,Mitcham,Adelaide - South,SA Water,True,Low,Low,135044.0,1207.49,0.008941,Low,0.0,0.8941,0,4
10.0,+10%,403031066,Bellevue Heights,Mitcham,Adelaide - South,SA Water,True,Low,Low,104803.0,1207.49,0.011522,Low,0.0,1.1522,0,4
10.0,+10%,403031067,Blackwood,Mitcham,Adelaide - South,SA Water,True,Low,Low,125597.0,1207.49,0.009614,Low,0.0,0.9614,0,4
10.0,+10%,403031068,Colonel Light Gardens,Mitcham,Adelaide - South,SA Water,True,Low,Low,119181.0,1207.49,0.010132,Low,0.0,1.0132,0,4
10.0,+10%,403031069,Mitcham (SA),Mitcham,Adelaide - South,SA Water,True,Low,Low,130885.0,1207.49,0.009226,Low,0.0,0.9226,0,4
10.0,+10%,403031070,Panorama,Mitcham,Adelaide - South,SA Water,True,Low,Moderate,90188.0,1207.49,0.013389,Low,0.0,1.3389,0,4
10.0,+10%,403041071,Aberfoyle Park,Onkaparinga,Adelaide - South,SA Water,True,Low,Low,107358.0,1207.49,0.011247,Low,0.0,1.1247,0,4
10.0,+10%,403041072,Aldinga,Onkaparinga,Adelaide - South,SA Water,True,Low,Moderate,78246.0,1207.49,0.015432,Low,0.0,1.5432,0,4
10.0,+10%,403041073,Christie Downs,Onkaparinga,Adelaide - South,SA Water,True,Low,High,59115.0,1207.49,0.020426,Moderate,1.0,2.0426,1,3
10.0,+10%,403041074,Christies Beach,Onkaparinga,Adelaide - South,SA Water,True,Low,Moderate,72483.0,1207.49,0.016659,Low,0.0,1.6659,0,4
10.0,+10%,403041075,Clarendon,Onkaparinga,Adelaide - South,SA Water,True,Low,Low,120013.0,1207.49,0.010061,Low,0.0,1.0061,0,4
10.0,+10%,403041076,Coromandel Valley,Onkaparinga,Adelaide - South,SA Water,True,Low,Low,132667.0,1207.49,0.009102,Low,0.0,0.9102,0,4
10.0,+10%,403041077,Flagstaff Hill,Onkaparinga,Adelaide - South,SA Water,True,Low,Low,121498.0,1207.49,0.009938,Low,0.0,0.9938,0,4
10.0,+10%,403041078,Hackham - Onkaparinga Hills,Onkaparinga,Adelaide - South,SA Water,True,Low,Moderate,80504.0,1207.49,0.014999,Low,0.0,1.4999,0,4
10.0,+10%,403041079,Hackham West - Huntfield Heights,Onkaparinga,Adelaide - South,SA Water,True,Low,High,64165.0,1207.49,0.018819,Low,0.0,1.8819,0,4
10.0,+10%,403041080,Happy Valley,Onkaparinga,Adelaide - South,SA Water,True,Low,Moderate,93158.0,1207.49,0.012962,Low,0.0,1.2962,0,4
10.0,+10%,403041081,Happy Valley Reservoir,Onkaparinga,Adelaide - South,SA Water,True,Low,Moderate,81692.0,1207.49,0.014781,Low,0.0,1.4781,0,4
10.0,+10%,403041082,Lonsdale,Onkaparinga,Adelaide - South,SA Water,True,Moderate,Critical,43074.0,1207.49,0.028033,Moderate,0.0,2.8033,0,3
10.0,+10%,403041083,McLaren Vale,Onkaparinga,Adelaide - South,SA Water,True,Low,Moderate,97317.0,1207.49,0.012408,Low,0.0,1.2408,0,4
10.0,+10%,403041084,Morphett Vale - East,Onkaparinga,Adelaide - South,SA Water,True,Low,Moderate,72958.0,1207.49,0.01655,Low,0.0,1.655,0,4
10.0,+10%,403041085,Morphett Vale - West,Onkaparinga,Adelaide - South,SA Water,True,Low,Moderate,69096.0,1207.49,0.017476,Low,0.0,1.7476,0,4
10.0,+10%,403041086,Reynella,Onkaparinga,Adelaide - South,SA Water,True,Low,Moderate,79256.0,1207.49,0.015235,Low,0.0,1.5235,0,4
10.0,+10%,403041088,Willunga,Onkaparinga,Adelaide - South,SA Water,True,Low,Low,104268.0,1207.49,0.011581,Low,0.0,1.1581,0,4
10.0,+10%,403041089,Woodcroft,Onkaparinga,Adelaide - South,SA Water,True,Low,Moderate,99337.0,1207.49,0.012155,Low,0.0,1.2155,0,4
10.0,+10%,403041177,Seaford - Seaford Meadows,Onkaparinga,Adelaide - South,SA Water,True,Low,Moderate,87098.0,1207.49,0.013864,Low,0.0,1.3864,0,4
10.0,+10%,403041178,Seaford Rise - Moana,Onkaparinga,Adelaide - South,SA Water,True,Low,Moderate,90366.0,1207.49,0.013362,Low,0.0,1.3362,0,4
10.0,+10%,404011090,Beverley,Charles Sturt,Adelaide - West,SA Water,True,Low,Moderate,100704.0,1207.49,0.01199,Low,0.0,1.199,0,4
10.0,+10%,404011091,Flinders Park,Charles Sturt,Adelaide - West,SA Water,True,Low,Moderate,92861.0,1207.49,0.013003,Low,0.0,1.3003,0,4
10.0,+10%,404011092,Henley Beach,Charles Sturt,Adelaide - West,SA Water,True,Low,Low,106110.0,1207.49,0.01138,Low,0.0,1.138,0,4
10.0,+10%,404011093,Hindmarsh - Brompton,Charles Sturt,Adelaide - West,SA Water,True,Low,Moderate,96901.0,1207.49,0.012461,Low,0.0,1.2461,0,4
10.0,+10%,404011094,Royal Park - Hendon - Albert Park,Charles Sturt,Adelaide - West,SA Water,True,Low,Moderate,84781.0,1207.49,0.014242,Low,0.0,1.4242,0,4
10.0,+10%,404011095,Seaton - Grange,Charles Sturt,Adelaide - West,SA Water,True,Low,Moderate,84662.0,1207.49,0.014262,Low,0.0,1.4262,0,4
10.0,+10%,404011096,West Lakes,Charles Sturt,Adelaide - West,SA Water,True,Low,Moderate,89475.0,1207.49,0.013495,Low,0.0,1.3495,0,4
10.0,+10%,404011097,Woodville - Cheltenham,Charles Sturt,Adelaide - West,SA Water,True,Low,Moderate,88584.0,1207.49,0.013631,Low,0.0,1.3631,0,4
10.0,+10%,404021098,Dry Creek - South,Port Adelaide - West,Adelaide - West,SA Water,True,Unknown,Unknown,,1207.49,,Unknown,,,0,5
10.0,+10%,404021099,Largs Bay - Semaphore,Port Adelaide - West,Adelaide - West,SA Water,True,Low,Moderate,94109.0,1207.49,0.012831,Low,0.0,1.2831,0,4
10.0,+10%,404021100,North Haven,Port Adelaide - West,Adelaide - West,SA Water,True,Low,Moderate,84009.0,1207.49,0.014373,Low,0.0,1.4373,0,4
10.0,+10%,404021101,Port Adelaide,Port Adelaide - West,Adelaide - West,SA Water,True,Low,Moderate,74087.0,1207.49,0.016298,Low,0.0,1.6298,0,4
10.0,+10%,404021102,The Parks,Port Adelaide - West,Adelaide - West,SA Water,True,Low,Moderate,77058.0,1207.49,0.01567,Low,0.0,1.567,0,4
10.0,+10%,404021103,Torrens Island,Port Adelaide - West,Adelaide - West,SA Water,True,Moderate,Critical,44500.0,1207.49,0.027135,Moderate,0.0,2.7135,0,3
10.0,+10%,404031104,Adelaide Airport,West Torrens,Adelaide - West,SA Water,True,Unknown,Unknown,,1207.49,,Unknown,,,0,5
10.0,+10%,404031105,Fulham,West Torrens,Adelaide - West,SA Water,True,Low,Low,104150.0,1207.49,0.011594,Low,0.0,1.1594,0,4
10.0,+10%,404031106,Lockleys,West Torrens,Adelaide - West,SA Water,True,Low,Moderate,97139.0,1207.49,0.012431,Low,0.0,1.2431,0,4
10.0,+10%,404031107,Plympton,West Torrens,Adelaide - West,SA Water,True,Low,Moderate,92148.0,1207.49,0.013104,Low,0.0,1.3104,0,4
10.0,+10%,404031108,Richmond (SA),West Torrens,Adelaide - West,SA Water,True,Low,Moderate,92386.0,1207.49,0.01307,Low,0.0,1.307,0,4
10.0,+10%,404031109,West Beach,West Torrens,Adelaide - West,SA Water,True,Low,Low,103734.0,1207.49,0.01164,Low,0.0,1.164,0,4
10.0,+10%,405011110,Barossa - Angaston,Barossa,Barossa - Yorke - Mid North,SA Water,False,Low,Moderate,85613.0,1391.09,0.016249,Low,0.0,1.6249,0,4
10.0,+10%,405011111,Light,Barossa,Barossa - Yorke - Mid North,SA Water,False,Low,Moderate,91732.0,1391.09,0.015165,Low,0.0,1.5165,0,4
10.0,+10%,405011112,Lyndoch,Barossa,Barossa - Yorke - Mid North,SA Water,False,Low,Moderate,108546.0,1391.09,0.012816,Low,0.0,1.2816,0,4
10.0,+10%,405011113,Mallala,Barossa,Barossa - Yorke - Mid North,SA Water,False,Low,Moderate,81335.0,1391.09,0.017103,Low,0.0,1.7103,0,4
10.0,+10%,405011114,Nuriootpa,Barossa,Barossa - Yorke - Mid North,SA Water,False,Low,Moderate,78781.0,1391.09,0.017658,Low,0.0,1.7658,0,4
10.0,+10%,405011115,Tanunda,Barossa,Barossa - Yorke - Mid North,SA Water,False,Low,Moderate,85910.0,1391.09,0.016192,Low,0.0,1.6192,0,4
10.0,+10%,405021116,Clare,Lower North,Barossa - Yorke - Mid North,SA Water,False,Low,Moderate,81276.0,1391.09,0.017116,Low,0.0,1.7116,0,4
10.0,+10%,405021117,Gilbert Valley,Lower North,Barossa - Yorke - Mid North,SA Water,False,Low,High,74681.0,1391.09,0.018627,Low,0.0,1.8627,0,4
10.0,+10%,405021118,Goyder,Lower North,Barossa - Yorke - Mid North,SA Water,False,Moderate,Critical,54481.0,1391.09,0.025533,Moderate,0.0,2.5533,0,3
10.0,+10%,405021119,Wakefield - Barunga West,Lower North,Barossa - Yorke - Mid North,SA Water,False,Moderate,High,64878.0,1391.09,0.021442,Moderate,0.0,2.1442,0,3
10.0,+10%,405031120,Jamestown,Mid North,Barossa - Yorke - Mid North,SA Water,False,Low,High,68027.0,1391.09,0.020449,Moderate,1.0,2.0449,1,3
10.0,+10%,405031121,Peterborough - Mount Remarkable,Mid North,Barossa - Yorke - Mid North,SA Water,False,Moderate,Critical,55313.0,1391.09,0.025149,Moderate,0.0,2.5149,0,3
10.0,+10%,405031122,Port Pirie,Mid North,Barossa - Yorke - Mid North,SA Water,False,Moderate,Critical,62026.0,1391.09,0.022428,Moderate,0.0,2.2428,0,3
10.0,+10%,405031123,Port Pirie Surrounds,Mid North,Barossa - Yorke - Mid North,SA Water,False,Low,High,68027.0,1391.09,0.020449,Moderate,1.0,2.0449,1,3
10.0,+10%,405041124,Kadina,Yorke Peninsula,Barossa - Yorke - Mid North,SA Water,False,Low,High,68621.0,1391.09,0.020272,Moderate,1.0,2.0272,1,3
10.0,+10%,405041125,Moonta,Yorke Peninsula,Barossa - Yorke - Mid North,SA Water,False,Moderate,Critical,57333.0,1391.09,0.024263,Moderate,0.0,2.4263,0,3
10.0,+10%,405041126,Wallaroo,Yorke Peninsula,Barossa - Yorke - Mid North,SA Water,False,Moderate,Critical,54422.0,1391.09,0.025561,Moderate,0.0,2.5561,0,3
10.0,+10%,405041127,Yorke Peninsula - North,Yorke Peninsula,Barossa - Yorke - Mid North,SA Water,False,Moderate,Critical,59590.0,1391.09,0.023344,Moderate,0.0,2.3344,0,3
10.0,+10%,405041128,Yorke Peninsula - South,Yorke Peninsula,Barossa - Yorke - Mid North,SA Water,False,Moderate,Critical,52936.0,1391.09,0.026279,Moderate,0.0,2.6279,0,3
10.0,+10%,406011129,Ceduna,Eyre Peninsula and South West,South Australia - Outback,SA Water,False,Low,Moderate,83534.0,1391.09,0.016653,Low,0.0,1.6653,0,4
10.0,+10%,406011130,Eyre Peninsula,Eyre Peninsula and South West,South Australia - Outback,SA Water,False,Low,Moderate,77711.0,1391.09,0.017901,Low,0.0,1.7901,0,4
10.0,+10%,406011131,Kimba - Cleve - Franklin Harbour,Eyre Peninsula and South West,South Australia - Outback,SA Water,False,Low,High,69869.0,1391.09,0.01991,Low,0.0,1.991,0,4
10.0,+10%,406011132,Le Hunte - Elliston,Eyre Peninsula and South West,South Australia - Outback,SA Water,False,Low,High,73374.0,1391.09,0.018959,Low,0.0,1.8959,0,4
10.0,+10%,406011133,Port Lincoln,Eyre Peninsula and South West,South Australia - Outback,SA Water,False,Low,Moderate,77295.0,1391.09,0.017997,Low,0.0,1.7997,0,4
10.0,+10%,406011134,West Coast (SA),Eyre Peninsula and South West,South Australia - Outback,SA Water,False,Low,High,68205.0,1391.09,0.020396,Moderate,1.0,2.0396,1,3
10.0,+10%,406011135,Western,Eyre Peninsula and South West,South Australia - Outback,SA Water,False,Low,Moderate,77949.0,1391.09,0.017846,Low,0.0,1.7846,0,4
10.0,+10%,406011136,Whyalla,Eyre Peninsula and South West,South Australia - Outback,SA Water,False,Low,High,70582.0,1391.09,0.019709,Low,0.0,1.9709,0,4
10.0,+10%,406011137,Whyalla - North,Eyre Peninsula and South West,South Australia - Outback,SA Water,False,Unknown,Unknown,,1391.09,,Unknown,,,0,5
10.0,+10%,406021138,APY Lands,Outback - North and East,South Australia - Outback,SA Water,False,Low,High,75216.0,1391.09,0.018495,Low,0.0,1.8495,0,4
10.0,+10%,406021139,Coober Pedy,Outback - North and East,South Australia - Outback,Council,False,Unknown,Unknown,45391.0,,,Unknown,,,0,5
10.0,+10%,406021140,Quorn - Lake Gilles,Outback - North and East,South Australia - Outback,SA Water,False,Moderate,High,62205.0,1391.09,0.022363,Moderate,0.0,2.2363,0,3
10.0,+10%,406021141,Outback,Outback - North and East,South Australia - Outback,SA Water,False,Low,High,72126.0,1391.09,0.019287,Low,0.0,1.9287,0,4
10.0,+10%,406021142,Port Augusta,Outback - North and East,South Australia - Outback,SA Water,False,Low,Moderate,75869.0,1391.09,0.018335,Low,0.0,1.8335,0,4
10.0,+10%,406021143,Roxby Downs,Outback - North and East,South Australia - Outback,SA Water,False,Low,Low,186554.0,1391.09,0.007457,Low,0.0,0.7457,0,4
10.0,+10%,407011144,Goolwa - Port Elliot,Fleurieu - Kangaroo Island,South Australia - South East,SA Water,False,Moderate,Critical,57630.0,1391.09,0.024138,Moderate,0.0,2.4138,0,3
10.0,+10%,407011145,Kangaroo Island,Fleurieu - Kangaroo Island,South Australia - South East,SA Water,False,Moderate,High,67017.0,1391.09,0.020757,Moderate,0.0,2.0757,0,3
10.0,+10%,407011146,Strathalbyn,Fleurieu - Kangaroo Island,South Australia - South East,SA Water,False,Low,Moderate,75869.0,1391.09,0.018335,Low,0.0,1.8335,0,4
10.0,+10%,407011147,Strathalbyn Surrounds,Fleurieu - Kangaroo Island,South Australia - South East,SA Water,False,Low,Moderate,87871.0,1391.09,0.015831,Low,0.0,1.5831,0,4
10.0,+10%,407011148,Victor Harbor,Fleurieu - Kangaroo Island,South Australia - South East,SA Water,False,Moderate,Critical,58046.0,1391.09,0.023965,Moderate,0.0,2.3965,0,3
10.0,+10%,407011149,Yankalilla,Fleurieu - Kangaroo Island,South Australia - South East,SA Water,False,Moderate,High,64284.0,1391.09,0.02164,Moderate,0.0,2.164,0,3
10.0,+10%,407021150,Grant,Limestone Coast,South Australia - South East,SA Water,False,Low,Moderate,93990.0,1391.09,0.0148,Low,0.0,1.48,0,4
10.0,+10%,407021151,Kingston - Robe,Limestone Coast,South Australia - South East,SA Water,False,Low,High,71295.0,1391.09,0.019512,Low,0.0,1.9512,0,4
10.0,+10%,407021152,Millicent,Limestone Coast,South Australia - South East,SA Water,False,Moderate,Critical,58699.0,1391.09,0.023699,Moderate,0.0,2.3699,0,3
10.0,+10%,407021154,Naracoorte,Limestone Coast,South Australia - South East,SA Water,False,Low,Moderate,81811.0,1391.09,0.017004,Low,0.0,1.7004,0,4
10.0,+10%,407021155,Naracoorte Surrounds,Limestone Coast,South Australia - South East,SA Water,False,Low,Moderate,96961.0,1391.09,0.014347,Low,0.0,1.4347,0,4
10.0,+10%,407021156,Penola,Limestone Coast,South Australia - South East,SA Water,False,Low,Moderate,78068.0,1391.09,0.017819,Low,0.0,1.7819,0,4
10.0,+10%,407021157,Tatiara,Limestone Coast,South Australia - South East,SA Water,False,Low,Moderate,87336.0,1391.09,0.015928,Low,0.0,1.5928,0,4
10.0,+10%,407021158,Wattle Range,Limestone Coast,South Australia - South East,SA Water,False,Low,Moderate,80266.0,1391.09,0.017331,Low,0.0,1.7331,0,4
10.0,+10%,407021173,Mount Gambier - East,Limestone Coast,South Australia - South East,SA Water,False,Low,Moderate,80088.0,1391.09,0.01737,Low,0.0,1.737,0,4
10.0,+10%,407021174,Mount Gambier - West,Limestone Coast,South Australia - South East,SA Water,False,Low,High,71889.0,1391.09,0.019351,Low,0.0,1.9351,0,4
10.0,+10%,407031159,Barmera,Murray and Mallee,South Australia - South East,SA Water,False,Low,High,73968.0,1391.09,0.018807,Low,0.0,1.8807,0,4
10.0,+10%,407031160,Berri,Murray and Mallee,South Australia - South East,SA Water,False,Moderate,Critical,61729.0,1391.09,0.022535,Moderate,0.0,2.2535,0,3
10.0,+10%,407031161,Karoonda - Lameroo,Murray and Mallee,South Australia - South East,SA Water,False,Low,High,70641.0,1391.09,0.019692,Low,0.0,1.9692,0,4
10.0,+10%,407031162,Loxton,Murray and Mallee,South Australia - South East,SA Water,False,Low,High,71770.0,1391.09,0.019383,Low,0.0,1.9383,0,4
10.0,+10%,407031163,Loxton Surrounds,Murray and Mallee,South Australia - South East,SA Water,False,Low,Moderate,77236.0,1391.09,0.018011,Low,0.0,1.8011,0,4
10.0,+10%,407031164,Mannum,Murray and Mallee,South Australia - South East,SA Water,False,Moderate,Critical,53530.0,1391.09,0.025987,Moderate,0.0,2.5987,0,3
10.0,+10%,407031165,Murray Bridge,Murray and Mallee,South Australia - South East,SA Water,False,Moderate,High,63987.0,1391.09,0.02174,Moderate,0.0,2.174,0,3
10.0,+10%,407031166,Murray Bridge Surrounds,Murray and Mallee,South Australia - South East,SA Water,False,Low,Moderate,76879.0,1391.09,0.018095,Low,0.0,1.8095,0,4
10.0,+10%,407031167,Renmark,Murray and Mallee,South Australia - South East,SA Water,False,Moderate,Critical,60422.0,1391.09,0.023023,Moderate,0.0,2.3023,0,3
10.0,+10%,407031168,Renmark Surrounds,Murray and Mallee,South Australia - South East,SA Water,False,Low,Moderate,86682.0,1391.09,0.016048,Low,0.0,1.6048,0,4
10.0,+10%,407031169,The Coorong,Murray and Mallee,South Australia - South East,SA Water,False,Moderate,High,64462.0,1391.09,0.02158,Moderate,0.0,2.158,0,3
10.0,+10%,407031170,Waikerie,Murray and Mallee,South Australia - South East,SA Water,False,Moderate,Critical,61016.0,1391.09,0.022799,Moderate,0.0,2.2799,0,3
10.0,+10%,497979799,Migratory - Offshore - Shipping (SA),Migratory - Offshore - Shipping (SA),Migratory - Offshore - Shipping (SA),SA Water,False,Unknown,Unknown,,1391.09,,Unknown,,,0,5
10.0,+10%,499999499,No usual address (SA),No usual address (SA),No usual address (SA),SA Water,False,Unknown,Unknown,,1391.09,,Unknown,,,0,5
15.0,+15%,401011001,Adelaide,Adelaide City,Adelaide - Central and Hills,SA Water,True,Low,Moderate,81098.0,1231.12,0.015181,Low,0.0,1.5181,0,4
15.0,+15%,401011002,North Adelaide,Adelaide City,Adelaide - Central and Hills,SA Water,True,Low,Low,110923.0,1231.12,0.011099,Low,0.0,1.1099,0,4
15.0,+15%,401021003,Adelaide Hills,Adelaide Hills,Adelaide - Central and Hills,SA Water,True,Low,Low,113180.0,1231.12,0.010878,Low,0.0,1.0878,0,4
15.0,+15%,401021004,Aldgate - Stirling,Adelaide Hills,Adelaide - Central and Hills,SA Water,True,Low,Low,136470.0,1231.12,0.009021,Low,0.0,0.9021,0,4
15.0,+15%,401021005,Hahndorf - Echunga,Adelaide Hills,Adelaide - Central and Hills,SA Water,True,Low,Low,114428.0,1231.12,0.010759,Low,0.0,1.0759,0,4
15.0,+15%,401021006,Lobethal - Woodside,Adelaide Hills,Adelaide - Central and Hills,SA Water,True,Low,Moderate,100466.0,1231.12,0.012254,Low,0.0,1.2254,0,4
15.0,+15%,401021007,Mount Barker,Adelaide Hills,Adelaide - Central and Hills,SA Water,True,Low,Moderate,100882.0,1231.12,0.012204,Low,0.0,1.2204,0,4
15.0,+15%,401021008,Mount Barker Surrounds,Adelaide Hills,Adelaide - Central and Hills,SA Water,True,Low,Low,105991.0,1231.12,0.011615,Low,0.0,1.1615,0,4
15.0,+15%,401021009,Nairne,Adelaide Hills,Adelaide - Central and Hills,SA Water,True,Low,Low,105516.0,1231.12,0.011668,Low,0.0,1.1668,0,4
15.0,+15%,401021010,Uraidla - Summertown,Adelaide Hills,Adelaide - Central and Hills,SA Water,True,Low,Low,129578.0,1231.12,0.009501,Low,0.0,0.9501,0,4
15.0,+15%,401031011,Burnside - Wattle Park,Burnside,Adelaide - Central and Hills,SA Water,True,Low,Low,123934.0,1231.12,0.009934,Low,0.0,0.9934,0,4
15.0,+15%,401031012,Beaumont - Glen Osmond,Burnside,Adelaide - Central and Hills,SA Water,True,Low,Low,138193.0,1231.12,0.008909,Low,0.0,0.8909,0,4
15.0,+15%,401031013,Toorak Gardens,Burnside,Adelaide - Central and Hills,SA Water,True,Low,Low,114606.0,1231.12,0.010742,Low,0.0,1.0742,0,4
15.0,+15%,401041014,Athelstone,Campbelltown (SA),Adelaide - Central and Hills,SA Water,True,Low,Low,115319.0,1231.12,0.010676,Low,0.0,1.0676,0,4
15.0,+15%,401041015,Paradise - Newton,Campbelltown (SA),Adelaide - Central and Hills,SA Water,True,Low,Moderate,84781.0,1231.12,0.014521,Low,0.0,1.4521,0,4
15.0,+15%,401041016,Rostrevor - Magill,Campbelltown (SA),Adelaide - Central and Hills,SA Water,True,Low,Moderate,97674.0,1231.12,0.012604,Low,0.0,1.2604,0,4
15.0,+15%,401051017,Norwood (SA),Norwood - Payneham - St Peters,Adelaide - Central and Hills,SA Water,True,Low,Moderate,98208.0,1231.12,0.012536,Low,0.0,1.2536,0,4
15.0,+15%,401051018,Payneham - Felixstow,Norwood - Payneham - St Peters,Adelaide - Central and Hills,SA Water,True,Low,Moderate,87692.0,1231.12,0.014039,Low,0.0,1.4039,0,4
15.0,+15%,401051019,St Peters - Marden,Norwood - Payneham - St Peters,Adelaide - Central and Hills,SA Water,True,Low,Low,111636.0,1231.12,0.011028,Low,0.0,1.1028,0,4
15.0,+15%,401061020,Nailsworth - Broadview,Prospect - Walkerville,Adelaide - Central and Hills,SA Water,True,Low,Low,116864.0,1231.12,0.010535,Low,0.0,1.0535,0,4
15.0,+15%,401061021,Prospect,Prospect - Walkerville,Adelaide - Central and Hills,SA Water,True,Low,Low,119953.0,1231.12,0.010263,Low,0.0,1.0263,0,4
15.0,+15%,401061022,Walkerville,Prospect - Walkerville,Adelaide - Central and Hills,SA Water,True,Low,Low,121914.0,1231.12,0.010098,Low,0.0,1.0098,0,4
15.0,+15%,401071023,Goodwood - Millswood,Unley,Adelaide - Central and Hills,SA Water,True,Low,Low,118884.0,1231.12,0.010356,Low,0.0,1.0356,0,4
15.0,+15%,401071024,Unley - Parkside,Unley,Adelaide - Central and Hills,SA Water,True,Low,Low,118706.0,1231.12,0.010371,Low,0.0,1.0371,0,4
15.0,+15%,402011025,Gawler - North,Gawler - Two Wells,Adelaide - North,SA Water,True,Low,Low,105160.0,1231.12,0.011707,Low,0.0,1.1707,0,4
15.0,+15%,402011026,Gawler - South,Gawler - Two Wells,Adelaide - North,SA Water,True,Low,Moderate,79375.0,1231.12,0.01551,Low,0.0,1.551,0,4
15.0,+15%,402011027,Lewiston - Two Wells,Gawler - Two Wells,Adelaide - North,SA Water,True,Low,Low,113358.0,1231.12,0.01086,Low,0.0,1.086,0,4
15.0,+15%,402021028,Craigmore - Blakeview,Playford,Adelaide - North,SA Water,True,Low,Moderate,95060.0,1231.12,0.012951,Low,0.0,1.2951,0,4
15.0,+15%,402021029,Davoren Park,Playford,Adelaide - North,SA Water,True,Low,Moderate,68978.0,1231.12,0.017848,Low,0.0,1.7848,0,4
15.0,+15%,402021030,Elizabeth,Playford,Adelaide - North,SA Water,True,Moderate,Critical,49134.0,1231.12,0.025056,Moderate,0.0,2.5056,0,3
15.0,+15%,402021031,Elizabeth East,Playford,Adelaide - North,SA Water,True,Low,Moderate,70582.0,1231.12,0.017442,Low,0.0,1.7442,0,4
15.0,+15%,402021032,Munno Para West - Angle Vale,Playford,Adelaide - North,SA Water,True,Low,Moderate,98208.0,1231.12,0.012536,Low,0.0,1.2536,0,4
15.0,+15%,402021033,One Tree Hill,Playford,Adelaide - North,SA Water,True,Low,Low,135282.0,1231.12,0.0091,Low,0.0,0.91,0,4
15.0,+15%,402021034,Smithfield - Elizabeth North,Playford,Adelaide - North,SA Water,True,Moderate,High,55788.0,1231.12,0.022068,Moderate,0.0,2.2068,0,3
15.0,+15%,402021035,Virginia - Waterloo Corner,Playford,Adelaide - North,SA Water,True,Low,Moderate,82405.0,1231.12,0.01494,Low,0.0,1.494,0,4
15.0,+15%,402031036,Enfield - Blair Athol,Port Adelaide - East,Adelaide - North,SA Water,True,Low,Moderate,84841.0,1231.12,0.014511,Low,0.0,1.4511,0,4
15.0,+15%,402031038,Windsor Gardens,Port Adelaide - East,Adelaide - North,SA Water,True,Low,Moderate,94762.0,1231.12,0.012992,Low,0.0,1.2992,0,4
15.0,+15%,402031175,Northgate - Northfield,Port Adelaide - East,Adelaide - North,SA Water,True,Low,Low,104506.0,1231.12,0.01178,Low,0.0,1.178,0,4
15.0,+15%,402031176,Valley View - Gilles Plains,Port Adelaide - East,Adelaide - North,SA Water,True,Low,Moderate,87277.0,1231.12,0.014106,Low,0.0,1.4106,0,4
15.0,+15%,402041039,Dry Creek - North,Salisbury,Adelaide - North,SA Water,True,Unknown,Unknown,,1231.12,,Unknown,,,0,5
15.0,+15%,402041040,Ingle Farm,Salisbury,Adelaide - North,SA Water,True,Low,Moderate,79850.0,1231.12,0.015418,Low,0.0,1.5418,0,4
15.0,+15%,402041041,Para Hills,Salisbury,Adelaide - North,SA Water,True,Low,Moderate,85791.0,1231.12,0.01435,Low,0.0,1.435,0,4
15.0,+15%,402041042,Parafield,Salisbury,Adelaide - North,SA Water,True,Unknown,Unknown,,1231.12,,Unknown,,,0,5
15.0,+15%,402041043,Parafield Gardens,Salisbury,Adelaide - North,SA Water,True,Low,Moderate,82226.0,1231.12,0.014972,Low,0.0,1.4972,0,4
15.0,+15%,402041044,Paralowie,Salisbury,Adelaide - North,SA Water,True,Low,Moderate,86623.0,1231.12,0.014212,Low,0.0,1.4212,0,4
15.0,+15%,402041046,Salisbury,Salisbury,Adelaide - North,SA Water,True,Low,High,63630.0,1231.12,0.019348,Low,0.0,1.9348,0,4
15.0,+15%,402041047,Salisbury East,Salisbury,Adelaide - North,SA Water,True,Low,Moderate,79553.0,1231.12,0.015475,Low,0.0,1.5475,0,4
15.0,+15%,402041048,Salisbury North,Salisbury,Adelaide - North,SA Water,True,Low,Moderate,74562.0,1231.12,0.016511,Low,0.0,1.6511,0,4
15.0,+15%,402041171,Mawson Lakes - Globe Derby Park,Salisbury,Adelaide - North,SA Water,True,Low,Low,113656.0,1231.12,0.010832,Low,0.0,1.0832,0,4
15.0,+15%,402041172,Pooraka - Cavan,Salisbury,Adelaide - North,SA Water,True,Low,Moderate,75038.0,1231.12,0.016407,Low,0.0,1.6407,0,4
15.0,+15%,402051049,Golden Grove,Tea Tree Gully,Adelaide - North,SA Water,True,Low,Moderate,99456.0,1231.12,0.012379,Low,0.0,1.2379,0,4
15.0,+15%,402051050,Greenwith,Tea Tree Gully,Adelaide - North,SA Water,True,Low,Low,115081.0,1231.12,0.010698,Low,0.0,1.0698,0,4
15.0,+15%,402051051,Highbury - Dernancourt,Tea Tree Gully,Adelaide - North,SA Water,True,Low,Low,114071.0,1231.12,0.010793,Low,0.0,1.0793,0,4
15.0,+15%,402051052,Hope Valley - Modbury,Tea Tree Gully,Adelaide - North,SA Water,True,Low,Moderate,78068.0,1231.12,0.01577,Low,0.0,1.577,0,4
15.0,+15%,402051053,Modbury Heights,Tea Tree Gully,Adelaide - North,SA Water,True,Low,Moderate,98446.0,1231.12,0.012506,Low,0.0,1.2506,0,4
15.0,+15%,402051054,Redwood Park,Tea Tree Gully,Adelaide - North,SA Water,True,Low,Low,108011.0,1231.12,0.011398,Low,0.0,1.1398,0,4
15.0,+15%,402051055,St Agnes - Ridgehaven,Tea Tree Gully,Adelaide - North,SA Water,True,Low,Moderate,88643.0,1231.12,0.013889,Low,0.0,1.3889,0,4
15.0,+15%,403011056,Brighton (SA),Holdfast Bay,Adelaide - South,SA Water,True,Low,Moderate,99397.0,1231.12,0.012386,Low,0.0,1.2386,0,4
15.0,+15%,403011057,Glenelg (SA),Holdfast Bay,Adelaide - South,SA Water,True,Low,Moderate,92802.0,1231.12,0.013266,Low,0.0,1.3266,0,4
15.0,+15%,403021058,Edwardstown,Marion,Adelaide - South,SA Water,True,Low,Moderate,86267.0,1231.12,0.014271,Low,0.0,1.4271,0,4
15.0,+15%,403021059,Hallett Cove,Marion,Adelaide - South,SA Water,True,Low,Low,111457.0,1231.12,0.011046,Low,0.0,1.1046,0,4
15.0,+15%,403021060,Marino - Seaview Downs,Marion,Adelaide - South,SA Water,True,Low,Low,108190.0,1231.12,0.011379,Low,0.0,1.1379,0,4
15.0,+15%,403021061,Mitchell Park,Marion,Adelaide - South,SA Water,True,Low,Moderate,77652.0,1231.12,0.015854,Low,0.0,1.5854,0,4
15.0,+15%,403021062,Morphettville,Marion,Adelaide - South,SA Water,True,Low,Moderate,92327.0,1231.12,0.013334,Low,0.0,1.3334,0,4
15.0,+15%,403021063,Sheidow Park - Trott Park,Marion,Adelaide - South,SA Water,True,Low,Low,114190.0,1231.12,0.010781,Low,0.0,1.0781,0,4
15.0,+15%,403021064,Warradale,Marion,Adelaide - South,SA Water,True,Low,Moderate,84425.0,1231.12,0.014582,Low,0.0,1.4582,0,4
15.0,+15%,403031065,Belair,Mitcham,Adelaide - South,SA Water,True,Low,Low,135044.0,1231.12,0.009116,Low,0.0,0.9116,0,4
15.0,+15%,403031066,Bellevue Heights,Mitcham,Adelaide - South,SA Water,True,Low,Low,104803.0,1231.12,0.011747,Low,0.0,1.1747,0,4
15.0,+15%,403031067,Blackwood,Mitcham,Adelaide - South,SA Water,True,Low,Low,125597.0,1231.12,0.009802,Low,0.0,0.9802,0,4
15.0,+15%,403031068,Colonel Light Gardens,Mitcham,Adelaide - South,SA Water,True,Low,Low,119181.0,1231.12,0.01033,Low,0.0,1.033,0,4
15.0,+15%,403031069,Mitcham (SA),Mitcham,Adelaide - South,SA Water,True,Low,Low,130885.0,1231.12,0.009406,Low,0.0,0.9406,0,4
15.0,+15%,403031070,Panorama,Mitcham,Adelaide - South,SA Water,True,Low,Moderate,90188.0,1231.12,0.013651,Low,0.0,1.3651,0,4
15.0,+15%,403041071,Aberfoyle Park,Onkaparinga,Adelaide - South,SA Water,True,Low,Low,107358.0,1231.12,0.011467,Low,0.0,1.1467,0,4
15.0,+15%,403041072,Aldinga,Onkaparinga,Adelaide - South,SA Water,True,Low,Moderate,78246.0,1231.12,0.015734,Low,0.0,1.5734,0,4
15.0,+15%,403041073,Christie Downs,Onkaparinga,Adelaide - South,SA Water,True,Low,High,59115.0,1231.12,0.020826,Moderate,1.0,2.0826,1,3
15.0,+15%,403041074,Christies Beach,Onkaparinga,Adelaide - South,SA Water,True,Low,Moderate,72483.0,1231.12,0.016985,Low,0.0,1.6985,0,4
15.0,+15%,403041075,Clarendon,Onkaparinga,Adelaide - South,SA Water,True,Low,Low,120013.0,1231.12,0.010258,Low,0.0,1.0258,0,4
15.0,+15%,403041076,Coromandel Valley,Onkaparinga,Adelaide - South,SA Water,True,Low,Low,132667.0,1231.12,0.00928,Low,0.0,0.928,0,4
15.0,+15%,403041077,Flagstaff Hill,Onkaparinga,Adelaide - South,SA Water,True,Low,Low,121498.0,1231.12,0.010133,Low,0.0,1.0133,0,4
15.0,+15%,403041078,Hackham - Onkaparinga Hills,Onkaparinga,Adelaide - South,SA Water,True,Low,Moderate,80504.0,1231.12,0.015293,Low,0.0,1.5293,0,4
15.0,+15%,403041079,Hackham West - Huntfield Heights,Onkaparinga,Adelaide - South,SA Water,True,Low,High,64165.0,1231.12,0.019187,Low,0.0,1.9187,0,4
15.0,+15%,403041080,Happy Valley,Onkaparinga,Adelaide - South,SA Water,True,Low,Moderate,93158.0,1231.12,0.013215,Low,0.0,1.3215,0,4
15.0,+15%,403041081,Happy Valley Reservoir,Onkaparinga,Adelaide - South,SA Water,True,Low,Moderate,81692.0,1231.12,0.01507,Low,0.0,1.507,0,4
15.0,+15%,403041082,Lonsdale,Onkaparinga,Adelaide - South,SA Water,True,Moderate,Critical,43074.0,1231.12,0.028582,Moderate,0.0,2.8582,0,3
15.0,+15%,403041083,McLaren Vale,Onkaparinga,Adelaide - South,SA Water,True,Low,Moderate,97317.0,1231.12,0.012651,Low,0.0,1.2651,0,4
15.0,+15%,403041084,Morphett Vale - East,Onkaparinga,Adelaide - South,SA Water,True,Low,Moderate,72958.0,1231.12,0.016874,Low,0.0,1.6874,0,4
15.0,+15%,403041085,Morphett Vale - West,Onkaparinga,Adelaide - South,SA Water,True,Low,Moderate,69096.0,1231.12,0.017818,Low,0.0,1.7818,0,4
15.0,+15%,403041086,Reynella,Onkaparinga,Adelaide - South,SA Water,True,Low,Moderate,79256.0,1231.12,0.015533,Low,0.0,1.5533,0,4
15.0,+15%,403041088,Willunga,Onkaparinga,Adelaide - South,SA Water,True,Low,Low,104268.0,1231.12,0.011807,Low,0.0,1.1807,0,4
15.0,+15%,403041089,Woodcroft,Onkaparinga,Adelaide - South,SA Water,True,Low,Moderate,99337.0,1231.12,0.012393,Low,0.0,1.2393,0,4
15.0,+15%,403041177,Seaford - Seaford Meadows,Onkaparinga,Adelaide - South,SA Water,True,Low,Moderate,87098.0,1231.12,0.014135,Low,0.0,1.4135,0,4
15.0,+15%,403041178,Seaford Rise - Moana,Onkaparinga,Adelaide - South,SA Water,True,Low,Moderate,90366.0,1231.12,0.013624,Low,0.0,1.3624,0,4
15.0,+15%,404011090,Beverley,Charles Sturt,Adelaide - West,SA Water,True,Low,Moderate,100704.0,1231.12,0.012225,Low,0.0,1.2225,0,4
15.0,+15%,404011091,Flinders Park,Charles Sturt,Adelaide - West,SA Water,True,Low,Moderate,92861.0,1231.12,0.013258,Low,0.0,1.3258,0,4
15.0,+15%,404011092,Henley Beach,Charles Sturt,Adelaide - West,SA Water,True,Low,Low,106110.0,1231.12,0.011602,Low,0.0,1.1602,0,4
15.0,+15%,404011093,Hindmarsh - Brompton,Charles Sturt,Adelaide - West,SA Water,True,Low,Moderate,96901.0,1231.12,0.012705,Low,0.0,1.2705,0,4
15.0,+15%,404011094,Royal Park - Hendon - Albert Park,Charles Sturt,Adelaide - West,SA Water,True,Low,Moderate,84781.0,1231.12,0.014521,Low,0.0,1.4521,0,4
15.0,+15%,404011095,Seaton - Grange,Charles Sturt,Adelaide - West,SA Water,True,Low,Moderate,84662.0,1231.12,0.014542,Low,0.0,1.4542,0,4
15.0,+15%,404011096,West Lakes,Charles Sturt,Adelaide - West,SA Water,True,Low,Moderate,89475.0,1231.12,0.013759,Low,0.0,1.3759,0,4
15.0,+15%,404011097,Woodville - Cheltenham,Charles Sturt,Adelaide - West,SA Water,True,Low,Moderate,88584.0,1231.12,0.013898,Low,0.0,1.3898,0,4
15.0,+15%,404021098,Dry Creek - South,Port Adelaide - West,Adelaide - West,SA Water,True,Unknown,Unknown,,1231.12,,Unknown,,,0,5
15.0,+15%,404021099,Largs Bay - Semaphore,Port Adelaide - West,Adelaide - West,SA Water,True,Low,Moderate,94109.0,1231.12,0.013082,Low,0.0,1.3082,0,4
15.0,+15%,404021100,North Haven,Port Adelaide - West,Adelaide - West,SA Water,True,Low,Moderate,84009.0,1231.12,0.014655,Low,0.0,1.4655,0,4
15.0,+15%,404021101,Port Adelaide,Port Adelaide - West,Adelaide - West,SA Water,True,Low,Moderate,74087.0,1231.12,0.016617,Low,0.0,1.6617,0,4
15.0,+15%,404021102,The Parks,Port Adelaide - West,Adelaide - West,SA Water,True,Low,Moderate,77058.0,1231.12,0.015977,Low,0.0,1.5977,0,4
15.0,+15%,404021103,Torrens Island,Port Adelaide - West,Adelaide - West,SA Water,True,Moderate,Critical,44500.0,1231.12,0.027666,Moderate,0.0,2.7666,0,3
15.0,+15%,404031104,Adelaide Airport,West Torrens,Adelaide - West,SA Water,True,Unknown,Unknown,,1231.12,,Unknown,,,0,5
15.0,+15%,404031105,Fulham,West Torrens,Adelaide - West,SA Water,True,Low,Low,104150.0,1231.12,0.011821,Low,0.0,1.1821,0,4
15.0,+15%,404031106,Lockleys,West Torrens,Adelaide - West,SA Water,True,Low,Moderate,97139.0,1231.12,0.012674,Low,0.0,1.2674,0,4
15.0,+15%,404031107,Plympton,West Torrens,Adelaide - West,SA Water,True,Low,Moderate,92148.0,1231.12,0.01336,Low,0.0,1.336,0,4
15.0,+15%,404031108,Richmond (SA),West Torrens,Adelaide - West,SA Water,True,Low,Moderate,92386.0,1231.12,0.013326,Low,0.0,1.3326,0,4
15.0,+15%,404031109,West Beach,West Torrens,Adelaide - West,SA Water,True,Low,Low,103734.0,1231.12,0.011868,Low,0.0,1.1868,0,4
15.0,+15%,405011110,Barossa - Angaston,Barossa,Barossa - Yorke - Mid North,SA Water,False,Low,Moderate,85613.0,1414.72,0.016525,Low,0.0,1.6525,0,4
15.0,+15%,405011111,Light,Barossa,Barossa - Yorke - Mid North,SA Water,False,Low,Moderate,91732.0,1414.72,0.015422,Low,0.0,1.5422,0,4
15.0,+15%,405011112,Lyndoch,Barossa,Barossa - Yorke - Mid North,SA Water,False,Low,Moderate,108546.0,1414.72,0.013033,Low,0.0,1.3033,0,4
15.0,+15%,405011113,Mallala,Barossa,Barossa - Yorke - Mid North,SA Water,False,Low,Moderate,81335.0,1414.72,0.017394,Low,0.0,1.7394,0,4
15.0,+15%,405011114,Nuriootpa,Barossa,Barossa - Yorke - Mid North,SA Water,False,Low,Moderate,78781.0,1414.72,0.017958,Low,0.0,1.7958,0,4
15.0,+15%,405011115,Tanunda,Barossa,Barossa - Yorke - Mid North,SA Water,False,Low,Moderate,85910.0,1414.72,0.016467,Low,0.0,1.6467,0,4
15.0,+15%,405021116,Clare,Lower North,Barossa - Yorke - Mid North,SA Water,False,Low,Moderate,81276.0,1414.72,0.017406,Low,0.0,1.7406,0,4
15.0,+15%,405021117,Gilbert Valley,Lower North,Barossa - Yorke - Mid North,SA Water,False,Low,High,74681.0,1414.72,0.018944,Low,0.0,1.8944,0,4
15.0,+15%,405021118,Goyder,Lower North,Barossa - Yorke - Mid North,SA Water,False,Moderate,Critical,54481.0,1414.72,0.025967,Moderate,0.0,2.5967,0,3
15.0,+15%,405021119,Wakefield - Barunga West,Lower North,Barossa - Yorke - Mid North,SA Water,False,Moderate,High,64878.0,1414.72,0.021806,Moderate,0.0,2.1806,0,3
15.0,+15%,405031120,Jamestown,Mid North,Barossa - Yorke - Mid North,SA Water,False,Low,High,68027.0,1414.72,0.020796,Moderate,1.0,2.0796,1,3
15.0,+15%,405031121,Peterborough - Mount Remarkable,Mid North,Barossa - Yorke - Mid North,SA Water,False,Moderate,Critical,55313.0,1414.72,0.025577,Moderate,0.0,2.5577,0,3
15.0,+15%,405031122,Port Pirie,Mid North,Barossa - Yorke - Mid North,SA Water,False,Moderate,Critical,62026.0,1414.72,0.022808,Moderate,0.0,2.2808,0,3
15.0,+15%,405031123,Port Pirie Surrounds,Mid North,Barossa - Yorke - Mid North,SA Water,False,Low,High,68027.0,1414.72,0.020796,Moderate,1.0,2.0796,1,3
15.0,+15%,405041124,Kadina,Yorke Peninsula,Barossa - Yorke - Mid North,SA Water,False,Low,High,68621.0,1414.72,0.020616,Moderate,1.0,2.0616,1,3
15.0,+15%,405041125,Moonta,Yorke Peninsula,Barossa - Yorke - Mid North,SA Water,False,Moderate,Critical,57333.0,1414.72,0.024675,Moderate,0.0,2.4675,0,3
15.0,+15%,405041126,Wallaroo,Yorke Peninsula,Barossa - Yorke - Mid North,SA Water,False,Moderate,Critical,54422.0,1414.72,0.025995,Moderate,0.0,2.5995,0,3
15.0,+15%,405041127,Yorke Peninsula - North,Yorke Peninsula,Barossa - Yorke - Mid North,SA Water,False,Moderate,Critical,59590.0,1414.72,0.023741,Moderate,0.0,2.3741,0,3
15.0,+15%,405041128,Yorke Peninsula - South,Yorke Peninsula,Barossa - Yorke - Mid North,SA Water,False,Moderate,Critical,52936.0,1414.72,0.026725,Moderate,0.0,2.6725,0,3
15.0,+15%,406011129,Ceduna,Eyre Peninsula and South West,South Australia - Outback,SA Water,False,Low,Moderate,83534.0,1414.72,0.016936,Low,0.0,1.6936,0,4
15.0,+15%,406011130,Eyre Peninsula,Eyre Peninsula and South West,South Australia - Outback,SA Water,False,Low,Moderate,77711.0,1414.72,0.018205,Low,0.0,1.8205,0,4
15.0,+15%,406011131,Kimba - Cleve - Franklin Harbour,Eyre Peninsula and South West,South Australia - Outback,SA Water,False,Low,High,69869.0,1414.72,0.020248,Moderate,1.0,2.0248,1,3
15.0,+15%,406011132,Le Hunte - Elliston,Eyre Peninsula and South West,South Australia - Outback,SA Water,False,Low,High,73374.0,1414.72,0.019281,Low,0.0,1.9281,0,4
15.0,+15%,406011133,Port Lincoln,Eyre Peninsula and South West,South Australia - Outback,SA Water,False,Low,Moderate,77295.0,1414.72,0.018303,Low,0.0,1.8303,0,4
15.0,+15%,406011134,West Coast (SA),Eyre Peninsula and South West,South Australia - Outback,SA Water,False,Low,High,68205.0,1414.72,0.020742,Moderate,1.0,2.0742,1,3
15.0,+15%,406011135,Western,Eyre Peninsula and South West,South Australia - Outback,SA Water,False,Low,Moderate,77949.0,1414.72,0.018149,Low,0.0,1.8149,0,4
15.0,+15%,406011136,Whyalla,Eyre Peninsula and South West,South Australia - Outback,SA Water,False,Low,High,70582.0,1414.72,0.020044,Moderate,1.0,2.0044,1,3
15.0,+15%,406011137,Whyalla - North,Eyre Peninsula and South West,South Australia - Outback,SA Water,False,Unknown,Unknown,,1414.72,,Unknown,,,0,5
15.0,+15%,406021138,APY Lands,Outback - North and East,South Australia - Outback,SA Water,False,Low,High,75216.0,1414.72,0.018809,Low,0.0,1.8809,0,4
15.0,+15%,406021139,Coober Pedy,Outback - North and East,South Australia - Outback,Council,False,Unknown,Unknown,45391.0,,,Unknown,,,0,5
15.0,+15%,406021140,Quorn - Lake Gilles,Outback - North and East,South Australia - Outback,SA Water,False,Moderate,High,62205.0,1414.72,0.022743,Moderate,0.0,2.2743,0,3
15.0,+15%,406021141,Outback,Outback - North and East,South Australia - Outback,SA Water,False,Low,High,72126.0,1414.72,0.019615,Low,0.0,1.9615,0,4
15.0,+15%,406021142,Port Augusta,Outback - North and East,South Australia - Outback,SA Water,False,Low,Moderate,75869.0,1414.72,0.018647,Low,0.0,1.8647,0,4
15.0,+15%,406021143,Roxby Downs,Outback - North and East,South Australia - Outback,SA Water,False,Low,Low,186554.0,1414.72,0.007583,Low,0.0,0.7583,0,4
15.0,+15%,407011144,Goolwa - Port Elliot,Fleurieu - Kangaroo Island,South Australia - South East,SA Water,False,Moderate,Critical,57630.0,1414.72,0.024548,Moderate,0.0,2.4548,0,3
15.0,+15%,407011145,Kangaroo Island,Fleurieu - Kangaroo Island,South Australia - South East,SA Water,False,Moderate,High,67017.0,1414.72,0.02111,Moderate,0.0,2.111,0,3
15.0,+15%,407011146,Strathalbyn,Fleurieu - Kangaroo Island,South Australia - South East,SA Water,False,Low,Moderate,75869.0,1414.72,0.018647,Low,0.0,1.8647,0,4
15.0,+15%,407011147,Strathalbyn Surrounds,Fleurieu - Kangaroo Island,South Australia - South East,SA Water,False,Low,Moderate,87871.0,1414.72,0.0161,Low,0.0,1.61,0,4
15.0,+15%,407011148,Victor Harbor,Fleurieu - Kangaroo Island,South Australia - South East,SA Water,False,Moderate,Critical,58046.0,1414.72,0.024372,Moderate,0.0,2.4372,0,3
15.0,+15%,407011149,Yankalilla,Fleurieu - Kangaroo Island,South Australia - South East,SA Water,False,Moderate,High,64284.0,1414.72,0.022007,Moderate,0.0,2.2007,0,3
15.0,+15%,407021150,Grant,Limestone Coast,South Australia - South East,SA Water,False,Low,Moderate,93990.0,1414.72,0.015052,Low,0.0,1.5052,0,4
15.0,+15%,407021151,Kingston - Robe,Limestone Coast,South Australia - South East,SA Water,False,Low,High,71295.0,1414.72,0.019843,Low,0.0,1.9843,0,4
15.0,+15%,407021152,Millicent,Limestone Coast,South Australia - South East,SA Water,False,Moderate,Critical,58699.0,1414.72,0.024101,Moderate,0.0,2.4101,0,3
15.0,+15%,407021154,Naracoorte,Limestone Coast,South Australia - South East,SA Water,False,Low,Moderate,81811.0,1414.72,0.017293,Low,0.0,1.7293,0,4
15.0,+15%,407021155,Naracoorte Surrounds,Limestone Coast,South Australia - South East,SA Water,False,Low,Moderate,96961.0,1414.72,0.014591,Low,0.0,1.4591,0,4
15.0,+15%,407021156,Penola,Limestone Coast,South Australia - South East,SA Water,False,Low,Moderate,78068.0,1414.72,0.018122,Low,0.0,1.8122,0,4
15.0,+15%,407021157,Tatiara,Limestone Coast,South Australia - South East,SA Water,False,Low,Moderate,87336.0,1414.72,0.016199,Low,0.0,1.6199,0,4
15.0,+15%,407021158,Wattle Range,Limestone Coast,South Australia - South East,SA Water,False,Low,Moderate,80266.0,1414.72,0.017625,Low,0.0,1.7625,0,4
15.0,+15%,407021173,Mount Gambier - East,Limestone Coast,South Australia - South East,SA Water,False,Low,Moderate,80088.0,1414.72,0.017665,Low,0.0,1.7665,0,4
15.0,+15%,407021174,Mount Gambier - West,Limestone Coast,South Australia - South East,SA Water,False,Low,High,71889.0,1414.72,0.019679,Low,0.0,1.9679,0,4
15.0,+15%,407031159,Barmera,Murray and Mallee,South Australia - South East,SA Water,False,Low,High,73968.0,1414.72,0.019126,Low,0.0,1.9126,0,4
15.0,+15%,407031160,Berri,Murray and Mallee,South Australia - South East,SA Water,False,Moderate,Critical,61729.0,1414.72,0.022918,Moderate,0.0,2.2918,0,3
15.0,+15%,407031161,Karoonda - Lameroo,Murray and Mallee,South Australia - South East,SA Water,False,Low,High,70641.0,1414.72,0.020027,Moderate,1.0,2.0027,1,3
15.0,+15%,407031162,Loxton,Murray and Mallee,South Australia - South East,SA Water,False,Low,High,71770.0,1414.72,0.019712,Low,0.0,1.9712,0,4
15.0,+15%,407031163,Loxton Surrounds,Murray and Mallee,South Australia - South East,SA Water,False,Low,Moderate,77236.0,1414.72,0.018317,Low,0.0,1.8317,0,4
15.0,+15%,407031164,Mannum,Murray and Mallee,South Australia - South East,SA Water,False,Moderate,Critical,53530.0,1414.72,0.026429,Moderate,0.0,2.6429,0,3
15.0,+15%,407031165,Murray Bridge,Murray and Mallee,South Australia - South East,SA Water,False,Moderate,High,63987.0,1414.72,0.022109,Moderate,0.0,2.2109,0,3
15.0,+15%,407031166,Murray Bridge Surrounds,Murray and Mallee,South Australia - South East,SA Water,False,Low,Moderate,76879.0,1414.72,0.018402,Low,0.0,1.8402,0,4
15.0,+15%,407031167,Renmark,Murray and Mallee,South Australia - South East,SA Water,False,Moderate,Critical,60422.0,1414.72,0.023414,Moderate,0.0,2.3414,0,3
15.0,+15%,407031168,Renmark Surrounds,Murray and Mallee,South Australia - South East,SA Water,False,Low,Moderate,86682.0,1414.72,0.016321,Low,0.0,1.6321,0,4
15.0,+15%,407031169,The Coorong,Murray and Mallee,South Australia - South East,SA Water,False,Moderate,High,64462.0,1414.72,0.021947,Moderate,0.0,2.1947,0,3
15.0,+15%,407031170,Waikerie,Murray and Mallee,South Australia - South East,SA Water,False,Moderate,Critical,61016.0,1414.72,0.023186,Moderate,0.0,2.3186,0,3
15.0,+15%,497979799,Migratory - Offshore - Shipping (SA),Migratory - Offshore - Shipping (SA),Migratory - Offshore - Shipping (SA),SA Water,False,Unknown,Unknown,,1414.72,,Unknown,,,0,5
15.0,+15%,499999499,No usual address (SA),No usual address (SA),No usual address (SA),SA Water,False,Unknown,Unknown,,1414.72,,Unknown,,,0,5
20.0,+20%,401011001,Adelaide,Adelaide City,Adelaide - Central and Hills,SA Water,True,Low,Moderate,81098.0,1254.76,0.015472,Low,0.0,1.5472,0,4
20.0,+20%,401011002,North Adelaide,Adelaide City,Adelaide - Central and Hills,SA Water,True,Low,Low,110923.0,1254.76,0.011312,Low,0.0,1.1312,0,4
20.0,+20%,401021003,Adelaide Hills,Adelaide Hills,Adelaide - Central and Hills,SA Water,True,Low,Low,113180.0,1254.76,0.011086,Low,0.0,1.1086,0,4
20.0,+20%,401021004,Aldgate - Stirling,Adelaide Hills,Adelaide - Central and Hills,SA Water,True,Low,Low,136470.0,1254.76,0.009194,Low,0.0,0.9194,0,4
20.0,+20%,401021005,Hahndorf - Echunga,Adelaide Hills,Adelaide - Central and Hills,SA Water,True,Low,Low,114428.0,1254.76,0.010965,Low,0.0,1.0965,0,4
20.0,+20%,401021006,Lobethal - Woodside,Adelaide Hills,Adelaide - Central and Hills,SA Water,True,Low,Moderate,100466.0,1254.76,0.012489,Low,0.0,1.2489,0,4
20.0,+20%,401021007,Mount Barker,Adelaide Hills,Adelaide - Central and Hills,SA Water,True,Low,Moderate,100882.0,1254.76,0.012438,Low,0.0,1.2438,0,4
20.0,+20%,401021008,Mount Barker Surrounds,Adelaide Hills,Adelaide - Central and Hills,SA Water,True,Low,Low,105991.0,1254.76,0.011838,Low,0.0,1.1838,0,4
20.0,+20%,401021009,Nairne,Adelaide Hills,Adelaide - Central and Hills,SA Water,True,Low,Low,105516.0,1254.76,0.011892,Low,0.0,1.1892,0,4
20.0,+20%,401021010,Uraidla - Summertown,Adelaide Hills,Adelaide - Central and Hills,SA Water,True,Low,Low,129578.0,1254.76,0.009683,Low,0.0,0.9683,0,4
20.0,+20%,401031011,Burnside - Wattle Park,Burnside,Adelaide - Central and Hills,SA Water,True,Low,Low,123934.0,1254.76,0.010124,Low,0.0,1.0124,0,4
20.0,+20%,401031012,Beaumont - Glen Osmond,Burnside,Adelaide - Central and Hills,SA Water,True,Low,Low,138193.0,1254.76,0.00908,Low,0.0,0.908,0,4
20.0,+20%,401031013,Toorak Gardens,Burnside,Adelaide - Central and Hills,SA Water,True,Low,Low,114606.0,1254.76,0.010948,Low,0.0,1.0948,0,4
20.0,+20%,401041014,Athelstone,Campbelltown (SA),Adelaide - Central and Hills,SA Water,True,Low,Low,115319.0,1254.76,0.010881,Low,0.0,1.0881,0,4
20.0,+20%,401041015,Paradise - Newton,Campbelltown (SA),Adelaide - Central and Hills,SA Water,True,Low,Moderate,84781.0,1254.76,0.0148,Low,0.0,1.48,0,4
20.0,+20%,401041016,Rostrevor - Magill,Campbelltown (SA),Adelaide - Central and Hills,SA Water,True,Low,Moderate,97674.0,1254.76,0.012846,Low,0.0,1.2846,0,4
20.0,+20%,401051017,Norwood (SA),Norwood - Payneham - St Peters,Adelaide - Central and Hills,SA Water,True,Low,Moderate,98208.0,1254.76,0.012777,Low,0.0,1.2777,0,4
20.0,+20%,401051018,Payneham - Felixstow,Norwood - Payneham - St Peters,Adelaide - Central and Hills,SA Water,True,Low,Moderate,87692.0,1254.76,0.014309,Low,0.0,1.4309,0,4
20.0,+20%,401051019,St Peters - Marden,Norwood - Payneham - St Peters,Adelaide - Central and Hills,SA Water,True,Low,Low,111636.0,1254.76,0.01124,Low,0.0,1.124,0,4
20.0,+20%,401061020,Nailsworth - Broadview,Prospect - Walkerville,Adelaide - Central and Hills,SA Water,True,Low,Low,116864.0,1254.76,0.010737,Low,0.0,1.0737,0,4
20.0,+20%,401061021,Prospect,Prospect - Walkerville,Adelaide - Central and Hills,SA Water,True,Low,Low,119953.0,1254.76,0.01046,Low,0.0,1.046,0,4
20.0,+20%,401061022,Walkerville,Prospect - Walkerville,Adelaide - Central and Hills,SA Water,True,Low,Low,121914.0,1254.76,0.010292,Low,0.0,1.0292,0,4
20.0,+20%,401071023,Goodwood - Millswood,Unley,Adelaide - Central and Hills,SA Water,True,Low,Low,118884.0,1254.76,0.010554,Low,0.0,1.0554,0,4
20.0,+20%,401071024,Unley - Parkside,Unley,Adelaide - Central and Hills,SA Water,True,Low,Low,118706.0,1254.76,0.01057,Low,0.0,1.057,0,4
20.0,+20%,402011025,Gawler - North,Gawler - Two Wells,Adelaide - North,SA Water,True,Low,Low,105160.0,1254.76,0.011932,Low,0.0,1.1932,0,4
20.0,+20%,402011026,Gawler - South,Gawler - Two Wells,Adelaide - North,SA Water,True,Low,Moderate,79375.0,1254.76,0.015808,Low,0.0,1.5808,0,4
20.0,+20%,402011027,Lewiston - Two Wells,Gawler - Two Wells,Adelaide - North,SA Water,True,Low,Low,113358.0,1254.76,0.011069,Low,0.0,1.1069,0,4
20.0,+20%,402021028,Craigmore - Blakeview,Playford,Adelaide - North,SA Water,True,Low,Moderate,95060.0,1254.76,0.0132,Low,0.0,1.32,0,4
20.0,+20%,402021029,Davoren Park,Playford,Adelaide - North,SA Water,True,Low,Moderate,68978.0,1254.76,0.018191,Low,0.0,1.8191,0,4
20.0,+20%,402021030,Elizabeth,Playford,Adelaide - North,SA Water,True,Moderate,Critical,49134.0,1254.76,0.025538,Moderate,0.0,2.5538,0,3
20.0,+20%,402021031,Elizabeth East,Playford,Adelaide - North,SA Water,True,Low,Moderate,70582.0,1254.76,0.017777,Low,0.0,1.7777,0,4
20.0,+20%,402021032,Munno Para West - Angle Vale,Playford,Adelaide - North,SA Water,True,Low,Moderate,98208.0,1254.76,0.012777,Low,0.0,1.2777,0,4
20.0,+20%,402021033,One Tree Hill,Playford,Adelaide - North,SA Water,True,Low,Low,135282.0,1254.76,0.009275,Low,0.0,0.9275,0,4
20.0,+20%,402021034,Smithfield - Elizabeth North,Playford,Adelaide - North,SA Water,True,Moderate,High,55788.0,1254.76,0.022492,Moderate,0.0,2.2492,0,3
20.0,+20%,402021035,Virginia - Waterloo Corner,Playford,Adelaide - North,SA Water,True,Low,Moderate,82405.0,1254.76,0.015227,Low,0.0,1.5227,0,4
20.0,+20%,402031036,Enfield - Blair Athol,Port Adelaide - East,Adelaide - North,SA Water,True,Low,Moderate,84841.0,1254.76,0.01479,Low,0.0,1.479,0,4
20.0,+20%,402031038,Windsor Gardens,Port Adelaide - East,Adelaide - North,SA Water,True,Low,Moderate,94762.0,1254.76,0.013241,Low,0.0,1.3241,0,4
20.0,+20%,402031175,Northgate - Northfield,Port Adelaide - East,Adelaide - North,SA Water,True,Low,Low,104506.0,1254.76,0.012007,Low,0.0,1.2007,0,4
20.0,+20%,402031176,Valley View - Gilles Plains,Port Adelaide - East,Adelaide - North,SA Water,True,Low,Moderate,87277.0,1254.76,0.014377,Low,0.0,1.4377,0,4
20.0,+20%,402041039,Dry Creek - North,Salisbury,Adelaide - North,SA Water,True,Unknown,Unknown,,1254.76,,Unknown,,,0,5
20.0,+20%,402041040,Ingle Farm,Salisbury,Adelaide - North,SA Water,True,Low,Moderate,79850.0,1254.76,0.015714,Low,0.0,1.5714,0,4
20.0,+20%,402041041,Para Hills,Salisbury,Adelaide - North,SA Water,True,Low,Moderate,85791.0,1254.76,0.014626,Low,0.0,1.4626,0,4
20.0,+20%,402041042,Parafield,Salisbury,Adelaide - North,SA Water,True,Unknown,Unknown,,1254.76,,Unknown,,,0,5
20.0,+20%,402041043,Parafield Gardens,Salisbury,Adelaide - North,SA Water,True,Low,Moderate,82226.0,1254.76,0.01526,Low,0.0,1.526,0,4
20.0,+20%,402041044,Paralowie,Salisbury,Adelaide - North,SA Water,True,Low,Moderate,86623.0,1254.76,0.014485,Low,0.0,1.4485,0,4
20.0,+20%,402041046,Salisbury,Salisbury,Adelaide - North,SA Water,True,Low,High,63630.0,1254.76,0.01972,Low,0.0,1.972,0,4
20.0,+20%,402041047,Salisbury East,Salisbury,Adelaide - North,SA Water,True,Low,Moderate,79553.0,1254.76,0.015773,Low,0.0,1.5773,0,4
20.0,+20%,402041048,Salisbury North,Salisbury,Adelaide - North,SA Water,True,Low,Moderate,74562.0,1254.76,0.016828,Low,0.0,1.6828,0,4
20.0,+20%,402041171,Mawson Lakes - Globe Derby Park,Salisbury,Adelaide - North,SA Water,True,Low,Low,113656.0,1254.76,0.01104,Low,0.0,1.104,0,4
20.0,+20%,402041172,Pooraka - Cavan,Salisbury,Adelaide - North,SA Water,True,Low,Moderate,75038.0,1254.76,0.016722,Low,0.0,1.6722,0,4
20.0,+20%,402051049,Golden Grove,Tea Tree Gully,Adelaide - North,SA Water,True,Low,Moderate,99456.0,1254.76,0.012616,Low,0.0,1.2616,0,4
20.0,+20%,402051050,Greenwith,Tea Tree Gully,Adelaide - North,SA Water,True,Low,Low,115081.0,1254.76,0.010903,Low,0.0,1.0903,0,4
20.0,+20%,402051051,Highbury - Dernancourt,Tea Tree Gully,Adelaide - North,SA Water,True,Low,Low,114071.0,1254.76,0.011,Low,0.0,1.1,0,4
20.0,+20%,402051052,Hope Valley - Modbury,Tea Tree Gully,Adelaide - North,SA Water,True,Low,Moderate,78068.0,1254.76,0.016073,Low,0.0,1.6073,0,4
20.0,+20%,402051053,Modbury Heights,Tea Tree Gully,Adelaide - North,SA Water,True,Low,Moderate,98446.0,1254.76,0.012746,Low,0.0,1.2746,0,4
20.0,+20%,402051054,Redwood Park,Tea Tree Gully,Adelaide - North,SA Water,True,Low,Low,108011.0,1254.76,0.011617,Low,0.0,1.1617,0,4
20.0,+20%,402051055,St Agnes - Ridgehaven,Tea Tree Gully,Adelaide - North,SA Water,True,Low,Moderate,88643.0,1254.76,0.014155,Low,0.0,1.4155,0,4
20.0,+20%,403011056,Brighton (SA),Holdfast Bay,Adelaide - South,SA Water,True,Low,Moderate,99397.0,1254.76,0.012624,Low,0.0,1.2624,0,4
20.0,+20%,403011057,Glenelg (SA),Holdfast Bay,Adelaide - South,SA Water,True,Low,Moderate,92802.0,1254.76,0.013521,Low,0.0,1.3521,0,4
20.0,+20%,403021058,Edwardstown,Marion,Adelaide - South,SA Water,True,Low,Moderate,86267.0,1254.76,0.014545,Low,0.0,1.4545,0,4
20.0,+20%,403021059,Hallett Cove,Marion,Adelaide - South,SA Water,True,Low,Low,111457.0,1254.76,0.011258,Low,0.0,1.1258,0,4
20.0,+20%,403021060,Marino - Seaview Downs,Marion,Adelaide - South,SA Water,True,Low,Low,108190.0,1254.76,0.011598,Low,0.0,1.1598,0,4
20.0,+20%,403021061,Mitchell Park,Marion,Adelaide - South,SA Water,True,Low,Moderate,77652.0,1254.76,0.016159,Low,0.0,1.6159,0,4
20.0,+20%,403021062,Morphettville,Marion,Adelaide - South,SA Water,True,Low,Moderate,92327.0,1254.76,0.01359,Low,0.0,1.359,0,4
20.0,+20%,403021063,Sheidow Park - Trott Park,Marion,Adelaide - South,SA Water,True,Low,Low,114190.0,1254.76,0.010988,Low,0.0,1.0988,0,4
20.0,+20%,403021064,Warradale,Marion,Adelaide - South,SA Water,True,Low,Moderate,84425.0,1254.76,0.014862,Low,0.0,1.4862,0,4
20.0,+20%,403031065,Belair,Mitcham,Adelaide - South,SA Water,True,Low,Low,135044.0,1254.76,0.009291,Low,0.0,0.9291,0,4
20.0,+20%,403031066,Bellevue Heights,Mitcham,Adelaide - South,SA Water,True,Low,Low,104803.0,1254.76,0.011973,Low,0.0,1.1973,0,4
20.0,+20%,403031067,Blackwood,Mitcham,Adelaide - South,SA Water,True,Low,Low,125597.0,1254.76,0.00999,Low,0.0,0.999,0,4
20.0,+20%,403031068,Colonel Light Gardens,Mitcham,Adelaide - South,SA Water,True,Low,Low,119181.0,1254.76,0.010528,Low,0.0,1.0528,0,4
20.0,+20%,403031069,Mitcham (SA),Mitcham,Adelaide - South,SA Water,True,Low,Low,130885.0,1254.76,0.009587,Low,0.0,0.9587,0,4
20.0,+20%,403031070,Panorama,Mitcham,Adelaide - South,SA Water,True,Low,Moderate,90188.0,1254.76,0.013913,Low,0.0,1.3913,0,4
20.0,+20%,403041071,Aberfoyle Park,Onkaparinga,Adelaide - South,SA Water,True,Low,Low,107358.0,1254.76,0.011688,Low,0.0,1.1688,0,4
20.0,+20%,403041072,Aldinga,Onkaparinga,Adelaide - South,SA Water,True,Low,Moderate,78246.0,1254.76,0.016036,Low,0.0,1.6036,0,4
20.0,+20%,403041073,Christie Downs,Onkaparinga,Adelaide - South,SA Water,True,Low,High,59115.0,1254.76,0.021226,Moderate,1.0,2.1226,1,3
20.0,+20%,403041074,Christies Beach,Onkaparinga,Adelaide - South,SA Water,True,Low,Moderate,72483.0,1254.76,0.017311,Low,0.0,1.7311,0,4
20.0,+20%,403041075,Clarendon,Onkaparinga,Adelaide - South,SA Water,True,Low,Low,120013.0,1254.76,0.010455,Low,0.0,1.0455,0,4
20.0,+20%,403041076,Coromandel Valley,Onkaparinga,Adelaide - South,SA Water,True,Low,Low,132667.0,1254.76,0.009458,Low,0.0,0.9458,0,4
20.0,+20%,403041077,Flagstaff Hill,Onkaparinga,Adelaide - South,SA Water,True,Low,Low,121498.0,1254.76,0.010327,Low,0.0,1.0327,0,4
20.0,+20%,403041078,Hackham - Onkaparinga Hills,Onkaparinga,Adelaide - South,SA Water,True,Low,Moderate,80504.0,1254.76,0.015586,Low,0.0,1.5586,0,4
20.0,+20%,403041079,Hackham West - Huntfield Heights,Onkaparinga,Adelaide - South,SA Water,True,Low,High,64165.0,1254.76,0.019555,Low,0.0,1.9555,0,4
20.0,+20%,403041080,Happy Valley,Onkaparinga,Adelaide - South,SA Water,True,Low,Moderate,93158.0,1254.76,0.013469,Low,0.0,1.3469,0,4
20.0,+20%,403041081,Happy Valley Reservoir,Onkaparinga,Adelaide - South,SA Water,True,Low,Moderate,81692.0,1254.76,0.01536,Low,0.0,1.536,0,4
20.0,+20%,403041082,Lonsdale,Onkaparinga,Adelaide - South,SA Water,True,Moderate,Critical,43074.0,1254.76,0.02913,Moderate,0.0,2.913,0,3
20.0,+20%,403041083,McLaren Vale,Onkaparinga,Adelaide - South,SA Water,True,Low,Moderate,97317.0,1254.76,0.012894,Low,0.0,1.2894,0,4
20.0,+20%,403041084,Morphett Vale - East,Onkaparinga,Adelaide - South,SA Water,True,Low,Moderate,72958.0,1254.76,0.017198,Low,0.0,1.7198,0,4
20.0,+20%,403041085,Morphett Vale - West,Onkaparinga,Adelaide - South,SA Water,True,Low,Moderate,69096.0,1254.76,0.01816,Low,0.0,1.816,0,4
20.0,+20%,403041086,Reynella,Onkaparinga,Adelaide - South,SA Water,True,Low,Moderate,79256.0,1254.76,0.015832,Low,0.0,1.5832,0,4
20.0,+20%,403041088,Willunga,Onkaparinga,Adelaide - South,SA Water,True,Low,Low,104268.0,1254.76,0.012034,Low,0.0,1.2034,0,4
20.0,+20%,403041089,Woodcroft,Onkaparinga,Adelaide - South,SA Water,True,Low,Moderate,99337.0,1254.76,0.012631,Low,0.0,1.2631,0,4
20.0,+20%,403041177,Seaford - Seaford Meadows,Onkaparinga,Adelaide - South,SA Water,True,Low,Moderate,87098.0,1254.76,0.014406,Low,0.0,1.4406,0,4
20.0,+20%,403041178,Seaford Rise - Moana,Onkaparinga,Adelaide - South,SA Water,True,Low,Moderate,90366.0,1254.76,0.013885,Low,0.0,1.3885,0,4
20.0,+20%,404011090,Beverley,Charles Sturt,Adelaide - West,SA Water,True,Low,Moderate,100704.0,1254.76,0.01246,Low,0.0,1.246,0,4
20.0,+20%,404011091,Flinders Park,Charles Sturt,Adelaide - West,SA Water,True,Low,Moderate,92861.0,1254.76,0.013512,Low,0.0,1.3512,0,4
20.0,+20%,404011092,Henley Beach,Charles Sturt,Adelaide - West,SA Water,True,Low,Low,106110.0,1254.76,0.011825,Low,0.0,1.1825,0,4
20.0,+20%,404011093,Hindmarsh - Brompton,Charles Sturt,Adelaide - West,SA Water,True,Low,Moderate,96901.0,1254.76,0.012949,Low,0.0,1.2949,0,4
20.0,+20%,404011094,Royal Park - Hendon - Albert Park,Charles Sturt,Adelaide - West,SA Water,True,Low,Moderate,84781.0,1254.76,0.0148,Low,0.0,1.48,0,4
20.0,+20%,404011095,Seaton - Grange,Charles Sturt,Adelaide - West,SA Water,True,Low,Moderate,84662.0,1254.76,0.014821,Low,0.0,1.4821,0,4
20.0,+20%,404011096,West Lakes,Charles Sturt,Adelaide - West,SA Water,True,Low,Moderate,89475.0,1254.76,0.014024,Low,0.0,1.4024,0,4
20.0,+20%,404011097,Woodville - Cheltenham,Charles Sturt,Adelaide - West,SA Water,True,Low,Moderate,88584.0,1254.76,0.014165,Low,0.0,1.4165,0,4
20.0,+20%,404021098,Dry Creek - South,Port Adelaide - West,Adelaide - West,SA Water,True,Unknown,Unknown,,1254.76,,Unknown,,,0,5
20.0,+20%,404021099,Largs Bay - Semaphore,Port Adelaide - West,Adelaide - West,SA Water,True,Low,Moderate,94109.0,1254.76,0.013333,Low,0.0,1.3333,0,4
20.0,+20%,404021100,North Haven,Port Adelaide - West,Adelaide - West,SA Water,True,Low,Moderate,84009.0,1254.76,0.014936,Low,0.0,1.4936,0,4
20.0,+20%,404021101,Port Adelaide,Port Adelaide - West,Adelaide - West,SA Water,True,Low,Moderate,74087.0,1254.76,0.016936,Low,0.0,1.6936,0,4
20.0,+20%,404021102,The Parks,Port Adelaide - West,Adelaide - West,SA Water,True,Low,Moderate,77058.0,1254.76,0.016283,Low,0.0,1.6283,0,4
20.0,+20%,404021103,Torrens Island,Port Adelaide - West,Adelaide - West,SA Water,True,Moderate,Critical,44500.0,1254.76,0.028197,Moderate,0.0,2.8197,0,3
20.0,+20%,404031104,Adelaide Airport,West Torrens,Adelaide - West,SA Water,True,Unknown,Unknown,,1254.76,,Unknown,,,0,5
20.0,+20%,404031105,Fulham,West Torrens,Adelaide - West,SA Water,True,Low,Low,104150.0,1254.76,0.012048,Low,0.0,1.2048,0,4
20.0,+20%,404031106,Lockleys,West Torrens,Adelaide - West,SA Water,True,Low,Moderate,97139.0,1254.76,0.012917,Low,0.0,1.2917,0,4
20.0,+20%,404031107,Plympton,West Torrens,Adelaide - West,SA Water,True,Low,Moderate,92148.0,1254.76,0.013617,Low,0.0,1.3617,0,4
20.0,+20%,404031108,Richmond (SA),West Torrens,Adelaide - West,SA Water,True,Low,Moderate,92386.0,1254.76,0.013582,Low,0.0,1.3582,0,4
20.0,+20%,404031109,West Beach,West Torrens,Adelaide - West,SA Water,True,Low,Low,103734.0,1254.76,0.012096,Low,0.0,1.2096,0,4
20.0,+20%,405011110,Barossa - Angaston,Barossa,Barossa - Yorke - Mid North,SA Water,False,Low,Moderate,85613.0,1438.36,0.016801,Low,0.0,1.6801,0,4
20.0,+20%,405011111,Light,Barossa,Barossa - Yorke - Mid North,SA Water,False,Low,Moderate,91732.0,1438.36,0.01568,Low,0.0,1.568,0,4
20.0,+20%,405011112,Lyndoch,Barossa,Barossa - Yorke - Mid North,SA Water,False,Low,Moderate,108546.0,1438.36,0.013251,Low,0.0,1.3251,0,4
20.0,+20%,405011113,Mallala,Barossa,Barossa - Yorke - Mid North,SA Water,False,Low,Moderate,81335.0,1438.36,0.017684,Low,0.0,1.7684,0,4
20.0,+20%,405011114,Nuriootpa,Barossa,Barossa - Yorke - Mid North,SA Water,False,Low,Moderate,78781.0,1438.36,0.018258,Low,0.0,1.8258,0,4
20.0,+20%,405011115,Tanunda,Barossa,Barossa - Yorke - Mid North,SA Water,False,Low,Moderate,85910.0,1438.36,0.016743,Low,0.0,1.6743,0,4
20.0,+20%,405021116,Clare,Lower North,Barossa - Yorke - Mid North,SA Water,False,Low,Moderate,81276.0,1438.36,0.017697,Low,0.0,1.7697,0,4
20.0,+20%,405021117,Gilbert Valley,Lower North,Barossa - Yorke - Mid North,SA Water,False,Low,High,74681.0,1438.36,0.01926,Low,0.0,1.926,0,4
20.0,+20%,405021118,Goyder,Lower North,Barossa - Yorke - Mid North,SA Water,False,Moderate,Critical,54481.0,1438.36,0.026401,Moderate,0.0,2.6401,0,3
20.0,+20%,405021119,Wakefield - Barunga West,Lower North,Barossa - Yorke - Mid North,SA Water,False,Moderate,High,64878.0,1438.36,0.02217,Moderate,0.0,2.217,0,3
20.0,+20%,405031120,Jamestown,Mid North,Barossa - Yorke - Mid North,SA Water,False,Low,High,68027.0,1438.36,0.021144,Moderate,1.0,2.1144,1,3
20.0,+20%,405031121,Peterborough - Mount Remarkable,Mid North,Barossa - Yorke - Mid North,SA Water,False,Moderate,Critical,55313.0,1438.36,0.026004,Moderate,0.0,2.6004,0,3
20.0,+20%,405031122,Port Pirie,Mid North,Barossa - Yorke - Mid North,SA Water,False,Moderate,Critical,62026.0,1438.36,0.02319,Moderate,0.0,2.319,0,3
20.0,+20%,405031123,Port Pirie Surrounds,Mid North,Barossa - Yorke - Mid North,SA Water,False,Low,High,68027.0,1438.36,0.021144,Moderate,1.0,2.1144,1,3
20.0,+20%,405041124,Kadina,Yorke Peninsula,Barossa - Yorke - Mid North,SA Water,False,Low,High,68621.0,1438.36,0.020961,Moderate,1.0,2.0961,1,3
20.0,+20%,405041125,Moonta,Yorke Peninsula,Barossa - Yorke - Mid North,SA Water,False,Moderate,Critical,57333.0,1438.36,0.025088,Moderate,0.0,2.5088,0,3
20.0,+20%,405041126,Wallaroo,Yorke Peninsula,Barossa - Yorke - Mid North,SA Water,False,Moderate,Critical,54422.0,1438.36,0.02643,Moderate,0.0,2.643,0,3
20.0,+20%,405041127,Yorke Peninsula - North,Yorke Peninsula,Barossa - Yorke - Mid North,SA Water,False,Moderate,Critical,59590.0,1438.36,0.024138,Moderate,0.0,2.4138,0,3
20.0,+20%,405041128,Yorke Peninsula - South,Yorke Peninsula,Barossa - Yorke - Mid North,SA Water,False,Moderate,Critical,52936.0,1438.36,0.027172,Moderate,0.0,2.7172,0,3
20.0,+20%,406011129,Ceduna,Eyre Peninsula and South West,South Australia - Outback,SA Water,False,Low,Moderate,83534.0,1438.36,0.017219,Low,0.0,1.7219,0,4
20.0,+20%,406011130,Eyre Peninsula,Eyre Peninsula and South West,South Australia - Outback,SA Water,False,Low,Moderate,77711.0,1438.36,0.018509,Low,0.0,1.8509,0,4
20.0,+20%,406011131,Kimba - Cleve - Franklin Harbour,Eyre Peninsula and South West,South Australia - Outback,SA Water,False,Low,High,69869.0,1438.36,0.020587,Moderate,1.0,2.0587,1,3
20.0,+20%,406011132,Le Hunte - Elliston,Eyre Peninsula and South West,South Australia - Outback,SA Water,False,Low,High,73374.0,1438.36,0.019603,Low,0.0,1.9603,0,4
20.0,+20%,406011133,Port Lincoln,Eyre Peninsula and South West,South Australia - Outback,SA Water,False,Low,Moderate,77295.0,1438.36,0.018609,Low,0.0,1.8609,0,4
20.0,+20%,406011134,West Coast (SA),Eyre Peninsula and South West,South Australia - Outback,SA Water,False,Low,High,68205.0,1438.36,0.021089,Moderate,1.0,2.1089,1,3
20.0,+20%,406011135,Western,Eyre Peninsula and South West,South Australia - Outback,SA Water,False,Low,Moderate,77949.0,1438.36,0.018453,Low,0.0,1.8453,0,4
20.0,+20%,406011136,Whyalla,Eyre Peninsula and South West,South Australia - Outback,SA Water,False,Low,High,70582.0,1438.36,0.020379,Moderate,1.0,2.0379,1,3
20.0,+20%,406011137,Whyalla - North,Eyre Peninsula and South West,South Australia - Outback,SA Water,False,Unknown,Unknown,,1438.36,,Unknown,,,0,5
20.0,+20%,406021138,APY Lands,Outback - North and East,South Australia - Outback,SA Water,False,Low,High,75216.0,1438.36,0.019123,Low,0.0,1.9123,0,4
20.0,+20%,406021139,Coober Pedy,Outback - North and East,South Australia - Outback,Council,False,Unknown,Unknown,45391.0,,,Unknown,,,0,5
20.0,+20%,406021140,Quorn - Lake Gilles,Outback - North and East,South Australia - Outback,SA Water,False,Moderate,High,62205.0,1438.36,0.023123,Moderate,0.0,2.3123,0,3
20.0,+20%,406021141,Outback,Outback - North and East,South Australia - Outback,SA Water,False,Low,High,72126.0,1438.36,0.019942,Low,0.0,1.9942,0,4
20.0,+20%,406021142,Port Augusta,Outback - North and East,South Australia - Outback,SA Water,False,Low,Moderate,75869.0,1438.36,0.018958,Low,0.0,1.8958,0,4
20.0,+20%,406021143,Roxby Downs,Outback - North and East,South Australia - Outback,SA Water,False,Low,Low,186554.0,1438.36,0.00771,Low,0.0,0.771,0,4
20.0,+20%,407011144,Goolwa - Port Elliot,Fleurieu - Kangaroo Island,South Australia - South East,SA Water,False,Moderate,Critical,57630.0,1438.36,0.024959,Moderate,0.0,2.4959,0,3
20.0,+20%,407011145,Kangaroo Island,Fleurieu - Kangaroo Island,South Australia - South East,SA Water,False,Moderate,High,67017.0,1438.36,0.021463,Moderate,0.0,2.1463,0,3
20.0,+20%,407011146,Strathalbyn,Fleurieu - Kangaroo Island,South Australia - South East,SA Water,False,Low,Moderate,75869.0,1438.36,0.018958,Low,0.0,1.8958,0,4
20.0,+20%,407011147,Strathalbyn Surrounds,Fleurieu - Kangaroo Island,South Australia - South East,SA Water,False,Low,Moderate,87871.0,1438.36,0.016369,Low,0.0,1.6369,0,4
20.0,+20%,407011148,Victor Harbor,Fleurieu - Kangaroo Island,South Australia - South East,SA Water,False,Moderate,Critical,58046.0,1438.36,0.02478,Moderate,0.0,2.478,0,3
20.0,+20%,407011149,Yankalilla,Fleurieu - Kangaroo Island,South Australia - South East,SA Water,False,Moderate,High,64284.0,1438.36,0.022375,Moderate,0.0,2.2375,0,3
20.0,+20%,407021150,Grant,Limestone Coast,South Australia - South East,SA Water,False,Low,Moderate,93990.0,1438.36,0.015303,Low,0.0,1.5303,0,4
20.0,+20%,407021151,Kingston - Robe,Limestone Coast,South Australia - South East,SA Water,False,Low,High,71295.0,1438.36,0.020175,Moderate,1.0,2.0175,1,3
20.0,+20%,407021152,Millicent,Limestone Coast,South Australia - South East,SA Water,False,Moderate,Critical,58699.0,1438.36,0.024504,Moderate,0.0,2.4504,0,3
20.0,+20%,407021154,Naracoorte,Limestone Coast,South Australia - South East,SA Water,False,Low,Moderate,81811.0,1438.36,0.017581,Low,0.0,1.7581,0,4
20.0,+20%,407021155,Naracoorte Surrounds,Limestone Coast,South Australia - South East,SA Water,False,Low,Moderate,96961.0,1438.36,0.014834,Low,0.0,1.4834,0,4
20.0,+20%,407021156,Penola,Limestone Coast,South Australia - South East,SA Water,False,Low,Moderate,78068.0,1438.36,0.018424,Low,0.0,1.8424,0,4
20.0,+20%,407021157,Tatiara,Limestone Coast,South Australia - South East,SA Water,False,Low,Moderate,87336.0,1438.36,0.016469,Low,0.0,1.6469,0,4
20.0,+20%,407021158,Wattle Range,Limestone Coast,South Australia - South East,SA Water,False,Low,Moderate,80266.0,1438.36,0.01792,Low,0.0,1.792,0,4
20.0,+20%,407021173,Mount Gambier - East,Limestone Coast,South Australia - South East,SA Water,False,Low,Moderate,80088.0,1438.36,0.01796,Low,0.0,1.796,0,4
20.0,+20%,407021174,Mount Gambier - West,Limestone Coast,South Australia - South East,SA Water,False,Low,High,71889.0,1438.36,0.020008,Moderate,1.0,2.0008,1,3
20.0,+20%,407031159,Barmera,Murray and Mallee,South Australia - South East,SA Water,False,Low,High,73968.0,1438.36,0.019446,Low,0.0,1.9446,0,4
20.0,+20%,407031160,Berri,Murray and Mallee,South Australia - South East,SA Water,False,Moderate,Critical,61729.0,1438.36,0.023301,Moderate,0.0,2.3301,0,3
20.0,+20%,407031161,Karoonda - Lameroo,Murray and Mallee,South Australia - South East,SA Water,False,Low,High,70641.0,1438.36,0.020362,Moderate,1.0,2.0362,1,3
20.0,+20%,407031162,Loxton,Murray and Mallee,South Australia - South East,SA Water,False,Low,High,71770.0,1438.36,0.020041,Moderate,1.0,2.0041,1,3
20.0,+20%,407031163,Loxton Surrounds,Murray and Mallee,South Australia - South East,SA Water,False,Low,Moderate,77236.0,1438.36,0.018623,Low,0.0,1.8623,0,4
20.0,+20%,407031164,Mannum,Murray and Mallee,South Australia - South East,SA Water,False,Moderate,Critical,53530.0,1438.36,0.02687,Moderate,0.0,2.687,0,3
20.0,+20%,407031165,Murray Bridge,Murray and Mallee,South Australia - South East,SA Water,False,Moderate,High,63987.0,1438.36,0.022479,Moderate,0.0,2.2479,0,3
20.0,+20%,407031166,Murray Bridge Surrounds,Murray and Mallee,South Australia - South East,SA Water,False,Low,Moderate,76879.0,1438.36,0.018709,Low,0.0,1.8709,0,4
20.0,+20%,407031167,Renmark,Murray and Mallee,South Australia - South East,SA Water,False,Moderate,Critical,60422.0,1438.36,0.023805,Moderate,0.0,2.3805,0,3
20.0,+20%,407031168,Renmark Surrounds,Murray and Mallee,South Australia - South East,SA Water,False,Low,Moderate,86682.0,1438.36,0.016594,Low,0.0,1.6594,0,4
20.0,+20%,407031169,The Coorong,Murray and Mallee,South Australia - South East,SA Water,False,Moderate,High,64462.0,1438.36,0.022313,Moderate,0.0,2.2313,0,3
20.0,+20%,407031170,Waikerie,Murray and Mallee,South Australia - South East,SA Water,False,Moderate,Critical,61016.0,1438.36,0.023573,Moderate,0.0,2.3573,0,3
20.0,+20%,497979799,Migratory - Offshore - Shipping (SA),Migratory - Offshore - Shipping (SA),Migratory - Offshore - Shipping (SA),SA Water,False,Unknown,Unknown,,1438.36,,Unknown,,,0,5
20.0,+20%,499999499,No usual address (SA),No usual address (SA),No usual address (SA),SA Water,False,Unknown,Unknown,,1438.36,,Unknown,,,0,5
25.0,+25%,401011001,Adelaide,Adelaide City,Adelaide - Central and Hills,SA Water,True,Low,Moderate,81098.0,1278.39,0.015764,Low,0.0,1.5764,0,4
25.0,+25%,401011002,North Adelaide,Adelaide City,Adelaide - Central and Hills,SA Water,True,Low,Low,110923.0,1278.39,0.011525,Low,0.0,1.1525,0,4
25.0,+25%,401021003,Adelaide Hills,Adelaide Hills,Adelaide - Central and Hills,SA Water,True,Low,Low,113180.0,1278.39,0.011295,Low,0.0,1.1295,0,4
25.0,+25%,401021004,Aldgate - Stirling,Adelaide Hills,Adelaide - Central and Hills,SA Water,True,Low,Low,136470.0,1278.39,0.009368,Low,0.0,0.9368,0,4
25.0,+25%,401021005,Hahndorf - Echunga,Adelaide Hills,Adelaide - Central and Hills,SA Water,True,Low,Low,114428.0,1278.39,0.011172,Low,0.0,1.1172,0,4
25.0,+25%,401021006,Lobethal - Woodside,Adelaide Hills,Adelaide - Central and Hills,SA Water,True,Low,Moderate,100466.0,1278.39,0.012725,Low,0.0,1.2725,0,4
25.0,+25%,401021007,Mount Barker,Adelaide Hills,Adelaide - Central and Hills,SA Water,True,Low,Moderate,100882.0,1278.39,0.012672,Low,0.0,1.2672,0,4
25.0,+25%,401021008,Mount Barker Surrounds,Adelaide Hills,Adelaide - Central and Hills,SA Water,True,Low,Low,105991.0,1278.39,0.012061,Low,0.0,1.2061,0,4
25.0,+25%,401021009,Nairne,Adelaide Hills,Adelaide - Central and Hills,SA Water,True,Low,Low,105516.0,1278.39,0.012116,Low,0.0,1.2116,0,4
25.0,+25%,401021010,Uraidla - Summertown,Adelaide Hills,Adelaide - Central and Hills,SA Water,True,Low,Low,129578.0,1278.39,0.009866,Low,0.0,0.9866,0,4
25.0,+25%,401031011,Burnside - Wattle Park,Burnside,Adelaide - Central and Hills,SA Water,True,Low,Low,123934.0,1278.39,0.010315,Low,0.0,1.0315,0,4
25.0,+25%,401031012,Beaumont - Glen Osmond,Burnside,Adelaide - Central and Hills,SA Water,True,Low,Low,138193.0,1278.39,0.009251,Low,0.0,0.9251,0,4
25.0,+25%,401031013,Toorak Gardens,Burnside,Adelaide - Central and Hills,SA Water,True,Low,Low,114606.0,1278.39,0.011155,Low,0.0,1.1155,0,4
25.0,+25%,401041014,Athelstone,Campbelltown (SA),Adelaide - Central and Hills,SA Water,True,Low,Low,115319.0,1278.39,0.011086,Low,0.0,1.1086,0,4
25.0,+25%,401041015,Paradise - Newton,Campbelltown (SA),Adelaide - Central and Hills,SA Water,True,Low,Moderate,84781.0,1278.39,0.015079,Low,0.0,1.5079,0,4
25.0,+25%,401041016,Rostrevor - Magill,Campbelltown (SA),Adelaide - Central and Hills,SA Water,True,Low,Moderate,97674.0,1278.39,0.013088,Low,0.0,1.3088,0,4
25.0,+25%,401051017,Norwood (SA),Norwood - Payneham - St Peters,Adelaide - Central and Hills,SA Water,True,Low,Moderate,98208.0,1278.39,0.013017,Low,0.0,1.3017,0,4
25.0,+25%,401051018,Payneham - Felixstow,Norwood - Payneham - St Peters,Adelaide - Central and Hills,SA Water,True,Low,Moderate,87692.0,1278.39,0.014578,Low,0.0,1.4578,0,4
25.0,+25%,401051019,St Peters - Marden,Norwood - Payneham - St Peters,Adelaide - Central and Hills,SA Water,True,Low,Low,111636.0,1278.39,0.011451,Low,0.0,1.1451,0,4
25.0,+25%,401061020,Nailsworth - Broadview,Prospect - Walkerville,Adelaide - Central and Hills,SA Water,True,Low,Low,116864.0,1278.39,0.010939,Low,0.0,1.0939,0,4
25.0,+25%,401061021,Prospect,Prospect - Walkerville,Adelaide - Central and Hills,SA Water,True,Low,Low,119953.0,1278.39,0.010657,Low,0.0,1.0657,0,4
25.0,+25%,401061022,Walkerville,Prospect - Walkerville,Adelaide - Central and Hills,SA Water,True,Low,Low,121914.0,1278.39,0.010486,Low,0.0,1.0486,0,4
25.0,+25%,401071023,Goodwood - Millswood,Unley,Adelaide - Central and Hills,SA Water,True,Low,Low,118884.0,1278.39,0.010753,Low,0.0,1.0753,0,4
25.0,+25%,401071024,Unley - Parkside,Unley,Adelaide - Central and Hills,SA Water,True,Low,Low,118706.0,1278.39,0.010769,Low,0.0,1.0769,0,4
25.0,+25%,402011025,Gawler - North,Gawler - Two Wells,Adelaide - North,SA Water,True,Low,Low,105160.0,1278.39,0.012157,Low,0.0,1.2157,0,4
25.0,+25%,402011026,Gawler - South,Gawler - Two Wells,Adelaide - North,SA Water,True,Low,Moderate,79375.0,1278.39,0.016106,Low,0.0,1.6106,0,4
25.0,+25%,402011027,Lewiston - Two Wells,Gawler - Two Wells,Adelaide - North,SA Water,True,Low,Low,113358.0,1278.39,0.011277,Low,0.0,1.1277,0,4
25.0,+25%,402021028,Craigmore - Blakeview,Playford,Adelaide - North,SA Water,True,Low,Moderate,95060.0,1278.39,0.013448,Low,0.0,1.3448,0,4
25.0,+25%,402021029,Davoren Park,Playford,Adelaide - North,SA Water,True,Low,Moderate,68978.0,1278.39,0.018533,Low,0.0,1.8533,0,4
25.0,+25%,402021030,Elizabeth,Playford,Adelaide - North,SA Water,True,Moderate,Critical,49134.0,1278.39,0.026018,Moderate,0.0,2.6018,0,3
25.0,+25%,402021031,Elizabeth East,Playford,Adelaide - North,SA Water,True,Low,Moderate,70582.0,1278.39,0.018112,Low,0.0,1.8112,0,4
25.0,+25%,402021032,Munno Para West - Angle Vale,Playford,Adelaide - North,SA Water,True,Low,Moderate,98208.0,1278.39,0.013017,Low,0.0,1.3017,0,4
25.0,+25%,402021033,One Tree Hill,Playford,Adelaide - North,SA Water,True,Low,Low,135282.0,1278.39,0.00945,Low,0.0,0.945,0,4
25.0,+25%,402021034,Smithfield - Elizabeth North,Playford,Adelaide - North,SA Water,True,Moderate,High,55788.0,1278.39,0.022915,Moderate,0.0,2.2915,0,3
25.0,+25%,402021035,Virginia - Waterloo Corner,Playford,Adelaide - North,SA Water,True,Low,Moderate,82405.0,1278.39,0.015514,Low,0.0,1.5514,0,4
25.0,+25%,402031036,Enfield - Blair Athol,Port Adelaide - East,Adelaide - North,SA Water,True,Low,Moderate,84841.0,1278.39,0.015068,Low,0.0,1.5068,0,4
25.0,+25%,402031038,Windsor Gardens,Port Adelaide - East,Adelaide - North,SA Water,True,Low,Moderate,94762.0,1278.39,0.013491,Low,0.0,1.3491,0,4
25.0,+25%,402031175,Northgate - Northfield,Port Adelaide - East,Adelaide - North,SA Water,True,Low,Low,104506.0,1278.39,0.012233,Low,0.0,1.2233,0,4
25.0,+25%,402031176,Valley View - Gilles Plains,Port Adelaide - East,Adelaide - North,SA Water,True,Low,Moderate,87277.0,1278.39,0.014648,Low,0.0,1.4648,0,4
25.0,+25%,402041039,Dry Creek - North,Salisbury,Adelaide - North,SA Water,True,Unknown,Unknown,,1278.39,,Unknown,,,0,5
25.0,+25%,402041040,Ingle Farm,Salisbury,Adelaide - North,SA Water,True,Low,Moderate,79850.0,1278.39,0.01601,Low,0.0,1.601,0,4
25.0,+25%,402041041,Para Hills,Salisbury,Adelaide - North,SA Water,True,Low,Moderate,85791.0,1278.39,0.014901,Low,0.0,1.4901,0,4
25.0,+25%,402041042,Parafield,Salisbury,Adelaide - North,SA Water,True,Unknown,Unknown,,1278.39,,Unknown,,,0,5
25.0,+25%,402041043,Parafield Gardens,Salisbury,Adelaide - North,SA Water,True,Low,Moderate,82226.0,1278.39,0.015547,Low,0.0,1.5547,0,4
25.0,+25%,402041044,Paralowie,Salisbury,Adelaide - North,SA Water,True,Low,Moderate,86623.0,1278.39,0.014758,Low,0.0,1.4758,0,4
25.0,+25%,402041046,Salisbury,Salisbury,Adelaide - North,SA Water,True,Low,High,63630.0,1278.39,0.020091,Moderate,1.0,2.0091,1,3
25.0,+25%,402041047,Salisbury East,Salisbury,Adelaide - North,SA Water,True,Low,Moderate,79553.0,1278.39,0.01607,Low,0.0,1.607,0,4
25.0,+25%,402041048,Salisbury North,Salisbury,Adelaide - North,SA Water,True,Low,Moderate,74562.0,1278.39,0.017145,Low,0.0,1.7145,0,4
25.0,+25%,402041171,Mawson Lakes - Globe Derby Park,Salisbury,Adelaide - North,SA Water,True,Low,Low,113656.0,1278.39,0.011248,Low,0.0,1.1248,0,4
25.0,+25%,402041172,Pooraka - Cavan,Salisbury,Adelaide - North,SA Water,True,Low,Moderate,75038.0,1278.39,0.017037,Low,0.0,1.7037,0,4
25.0,+25%,402051049,Golden Grove,Tea Tree Gully,Adelaide - North,SA Water,True,Low,Moderate,99456.0,1278.39,0.012854,Low,0.0,1.2854,0,4
25.0,+25%,402051050,Greenwith,Tea Tree Gully,Adelaide - North,SA Water,True,Low,Low,115081.0,1278.39,0.011109,Low,0.0,1.1109,0,4
25.0,+25%,402051051,Highbury - Dernancourt,Tea Tree Gully,Adelaide - North,SA Water,True,Low,Low,114071.0,1278.39,0.011207,Low,0.0,1.1207,0,4
25.0,+25%,402051052,Hope Valley - Modbury,Tea Tree Gully,Adelaide - North,SA Water,True,Low,Moderate,78068.0,1278.39,0.016375,Low,0.0,1.6375,0,4
25.0,+25%,402051053,Modbury Heights,Tea Tree Gully,Adelaide - North,SA Water,True,Low,Moderate,98446.0,1278.39,0.012986,Low,0.0,1.2986,0,4
25.0,+25%,402051054,Redwood Park,Tea Tree Gully,Adelaide - North,SA Water,True,Low,Low,108011.0,1278.39,0.011836,Low,0.0,1.1836,0,4
25.0,+25%,402051055,St Agnes - Ridgehaven,Tea Tree Gully,Adelaide - North,SA Water,True,Low,Moderate,88643.0,1278.39,0.014422,Low,0.0,1.4422,0,4
25.0,+25%,403011056,Brighton (SA),Holdfast Bay,Adelaide - South,SA Water,True,Low,Moderate,99397.0,1278.39,0.012861,Low,0.0,1.2861,0,4
25.0,+25%,403011057,Glenelg (SA),Holdfast Bay,Adelaide - South,SA Water,True,Low,Moderate,92802.0,1278.39,0.013775,Low,0.0,1.3775,0,4
25.0,+25%,403021058,Edwardstown,Marion,Adelaide - South,SA Water,True,Low,Moderate,86267.0,1278.39,0.014819,Low,0.0,1.4819,0,4
25.0,+25%,403021059,Hallett Cove,Marion,Adelaide - South,SA Water,True,Low,Low,111457.0,1278.39,0.01147,Low,0.0,1.147,0,4
25.0,+25%,403021060,Marino - Seaview Downs,Marion,Adelaide - South,SA Water,True,Low,Low,108190.0,1278.39,0.011816,Low,0.0,1.1816,0,4
25.0,+25%,403021061,Mitchell Park,Marion,Adelaide - South,SA Water,True,Low,Moderate,77652.0,1278.39,0.016463,Low,0.0,1.6463,0,4
25.0,+25%,403021062,Morphettville,Marion,Adelaide - South,SA Water,True,Low,Moderate,92327.0,1278.39,0.013846,Low,0.0,1.3846,0,4
25.0,+25%,403021063,Sheidow Park - Trott Park,Marion,Adelaide - South,SA Water,True,Low,Low,114190.0,1278.39,0.011195,Low,0.0,1.1195,0,4
25.0,+25%,403021064,Warradale,Marion,Adelaide - South,SA Water,True,Low,Moderate,84425.0,1278.39,0.015142,Low,0.0,1.5142,0,4
25.0,+25%,403031065,Belair,Mitcham,Adelaide - South,SA Water,True,Low,Low,135044.0,1278.39,0.009466,Low,0.0,0.9466,0,4
25.0,+25%,403031066,Bellevue Heights,Mitcham,Adelaide - South,SA Water,True,Low,Low,104803.0,1278.39,0.012198,Low,0.0,1.2198,0,4
25.0,+25%,403031067,Blackwood,Mitcham,Adelaide - South,SA Water,True,Low,Low,125597.0,1278.39,0.010179,Low,0.0,1.0179,0,4
25.0,+25%,403031068,Colonel Light Gardens,Mitcham,Adelaide - South,SA Water,True,Low,Low,119181.0,1278.39,0.010726,Low,0.0,1.0726,0,4
25.0,+25%,403031069,Mitcham (SA),Mitcham,Adelaide - South,SA Water,True,Low,Low,130885.0,1278.39,0.009767,Low,0.0,0.9767,0,4
25.0,+25%,403031070,Panorama,Mitcham,Adelaide - South,SA Water,True,Low,Moderate,90188.0,1278.39,0.014175,Low,0.0,1.4175,0,4
25.0,+25%,403041071,Aberfoyle Park,Onkaparinga,Adelaide - South,SA Water,True,Low,Low,107358.0,1278.39,0.011908,Low,0.0,1.1908,0,4
25.0,+25%,403041072,Aldinga,Onkaparinga,Adelaide - South,SA Water,True,Low,Moderate,78246.0,1278.39,0.016338,Low,0.0,1.6338,0,4
25.0,+25%,403041073,Christie Downs,Onkaparinga,Adelaide - South,SA Water,True,Low,High,59115.0,1278.39,0.021625,Moderate,1.0,2.1625,1,3
25.0,+25%,403041074,Christies Beach,Onkaparinga,Adelaide - South,SA Water,True,Low,Moderate,72483.0,1278.39,0.017637,Low,0.0,1.7637,0,4
25.0,+25%,403041075,Clarendon,Onkaparinga,Adelaide - South,SA Water,True,Low,Low,120013.0,1278.39,0.010652,Low,0.0,1.0652,0,4
25.0,+25%,403041076,Coromandel Valley,Onkaparinga,Adelaide - South,SA Water,True,Low,Low,132667.0,1278.39,0.009636,Low,0.0,0.9636,0,4
25.0,+25%,403041077,Flagstaff Hill,Onkaparinga,Adelaide - South,SA Water,True,Low,Low,121498.0,1278.39,0.010522,Low,0.0,1.0522,0,4
25.0,+25%,403041078,Hackham - Onkaparinga Hills,Onkaparinga,Adelaide - South,SA Water,True,Low,Moderate,80504.0,1278.39,0.01588,Low,0.0,1.588,0,4
25.0,+25%,403041079,Hackham West - Huntfield Heights,Onkaparinga,Adelaide - South,SA Water,True,Low,High,64165.0,1278.39,0.019923,Low,0.0,1.9923,0,4
25.0,+25%,403041080,Happy Valley,Onkaparinga,Adelaide - South,SA Water,True,Low,Moderate,93158.0,1278.39,0.013723,Low,0.0,1.3723,0,4
25.0,+25%,403041081,Happy Valley Reservoir,Onkaparinga,Adelaide - South,SA Water,True,Low,Moderate,81692.0,1278.39,0.015649,Low,0.0,1.5649,0,4
25.0,+25%,403041082,Lonsdale,Onkaparinga,Adelaide - South,SA Water,True,Moderate,Critical,43074.0,1278.39,0.029679,Moderate,0.0,2.9679,0,3
25.0,+25%,403041083,McLaren Vale,Onkaparinga,Adelaide - South,SA Water,True,Low,Moderate,97317.0,1278.39,0.013136,Low,0.0,1.3136,0,4
25.0,+25%,403041084,Morphett Vale - East,Onkaparinga,Adelaide - South,SA Water,True,Low,Moderate,72958.0,1278.39,0.017522,Low,0.0,1.7522,0,4
25.0,+25%,403041085,Morphett Vale - West,Onkaparinga,Adelaide - South,SA Water,True,Low,Moderate,69096.0,1278.39,0.018502,Low,0.0,1.8502,0,4
25.0,+25%,403041086,Reynella,Onkaparinga,Adelaide - South,SA Water,True,Low,Moderate,79256.0,1278.39,0.01613,Low,0.0,1.613,0,4
25.0,+25%,403041088,Willunga,Onkaparinga,Adelaide - South,SA Water,True,Low,Low,104268.0,1278.39,0.012261,Low,0.0,1.2261,0,4
25.0,+25%,403041089,Woodcroft,Onkaparinga,Adelaide - South,SA Water,True,Low,Moderate,99337.0,1278.39,0.012869,Low,0.0,1.2869,0,4
25.0,+25%,403041177,Seaford - Seaford Meadows,Onkaparinga,Adelaide - South,SA Water,True,Low,Moderate,87098.0,1278.39,0.014678,Low,0.0,1.4678,0,4
25.0,+25%,403041178,Seaford Rise - Moana,Onkaparinga,Adelaide - South,SA Water,True,Low,Moderate,90366.0,1278.39,0.014147,Low,0.0,1.4147,0,4
25.0,+25%,404011090,Beverley,Charles Sturt,Adelaide - West,SA Water,True,Low,Moderate,100704.0,1278.39,0.012695,Low,0.0,1.2695,0,4
25.0,+25%,404011091,Flinders Park,Charles Sturt,Adelaide - West,SA Water,True,Low,Moderate,92861.0,1278.39,0.013767,Low,0.0,1.3767,0,4
25.0,+25%,404011092,Henley Beach,Charles Sturt,Adelaide - West,SA Water,True,Low,Low,106110.0,1278.39,0.012048,Low,0.0,1.2048,0,4
25.0,+25%,404011093,Hindmarsh - Brompton,Charles Sturt,Adelaide - West,SA Water,True,Low,Moderate,96901.0,1278.39,0.013193,Low,0.0,1.3193,0,4
25.0,+25%,404011094,Royal Park - Hendon - Albert Park,Charles Sturt,Adelaide - West,SA Water,True,Low,Moderate,84781.0,1278.39,0.015079,Low,0.0,1.5079,0,4
25.0,+25%,404011095,Seaton - Grange,Charles Sturt,Adelaide - West,SA Water,True,Low,Moderate,84662.0,1278.39,0.0151,Low,0.0,1.51,0,4
25.0,+25%,404011096,West Lakes,Charles Sturt,Adelaide - West,SA Water,True,Low,Moderate,89475.0,1278.39,0.014288,Low,0.0,1.4288,0,4
25.0,+25%,404011097,Woodville - Cheltenham,Charles Sturt,Adelaide - West,SA Water,True,Low,Moderate,88584.0,1278.39,0.014431,Low,0.0,1.4431,0,4
25.0,+25%,404021098,Dry Creek - South,Port Adelaide - West,Adelaide - West,SA Water,True,Unknown,Unknown,,1278.39,,Unknown,,,0,5
25.0,+25%,404021099,Largs Bay - Semaphore,Port Adelaide - West,Adelaide - West,SA Water,True,Low,Moderate,94109.0,1278.39,0.013584,Low,0.0,1.3584,0,4
25.0,+25%,404021100,North Haven,Port Adelaide - West,Adelaide - West,SA Water,True,Low,Moderate,84009.0,1278.39,0.015217,Low,0.0,1.5217,0,4
25.0,+25%,404021101,Port Adelaide,Port Adelaide - West,Adelaide - West,SA Water,True,Low,Moderate,74087.0,1278.39,0.017255,Low,0.0,1.7255,0,4
25.0,+25%,404021102,The Parks,Port Adelaide - West,Adelaide - West,SA Water,True,Low,Moderate,77058.0,1278.39,0.01659,Low,0.0,1.659,0,4
25.0,+25%,404021103,Torrens Island,Port Adelaide - West,Adelaide - West,SA Water,True,Moderate,Critical,44500.0,1278.39,0.028728,Moderate,0.0,2.8728,0,3
25.0,+25%,404031104,Adelaide Airport,West Torrens,Adelaide - West,SA Water,True,Unknown,Unknown,,1278.39,,Unknown,,,0,5
25.0,+25%,404031105,Fulham,West Torrens,Adelaide - West,SA Water,True,Low,Low,104150.0,1278.39,0.012275,Low,0.0,1.2275,0,4
25.0,+25%,404031106,Lockleys,West Torrens,Adelaide - West,SA Water,True,Low,Moderate,97139.0,1278.39,0.01316,Low,0.0,1.316,0,4
25.0,+25%,404031107,Plympton,West Torrens,Adelaide - West,SA Water,True,Low,Moderate,92148.0,1278.39,0.013873,Low,0.0,1.3873,0,4
25.0,+25%,404031108,Richmond (SA),West Torrens,Adelaide - West,SA Water,True,Low,Moderate,92386.0,1278.39,0.013837,Low,0.0,1.3837,0,4
25.0,+25%,404031109,West Beach,West Torrens,Adelaide - West,SA Water,True,Low,Low,103734.0,1278.39,0.012324,Low,0.0,1.2324,0,4
25.0,+25%,405011110,Barossa - Angaston,Barossa,Barossa - Yorke - Mid North,SA Water,False,Low,Moderate,85613.0,1461.99,0.017077,Low,0.0,1.7077,0,4
25.0,+25%,405011111,Light,Barossa,Barossa - Yorke - Mid North,SA Water,False,Low,Moderate,91732.0,1461.99,0.015938,Low,0.0,1.5938,0,4
25.0,+25%,405011112,Lyndoch,Barossa,Barossa - Yorke - Mid North,SA Water,False,Low,Moderate,108546.0,1461.99,0.013469,Low,0.0,1.3469,0,4
25.0,+25%,405011113,Mallala,Barossa,Barossa - Yorke - Mid North,SA Water,False,Low,Moderate,81335.0,1461.99,0.017975,Low,0.0,1.7975,0,4
25.0,+25%,405011114,Nuriootpa,Barossa,Barossa - Yorke - Mid North,SA Water,False,Low,Moderate,78781.0,1461.99,0.018558,Low,0.0,1.8558,0,4
25.0,+25%,405011115,Tanunda,Barossa,Barossa - Yorke - Mid North,SA Water,False,Low,Moderate,85910.0,1461.99,0.017018,Low,0.0,1.7018,0,4
25.0,+25%,405021116,Clare,Lower North,Barossa - Yorke - Mid North,SA Water,False,Low,Moderate,81276.0,1461.99,0.017988,Low,0.0,1.7988,0,4
25.0,+25%,405021117,Gilbert Valley,Lower North,Barossa - Yorke - Mid North,SA Water,False,Low,High,74681.0,1461.99,0.019576,Low,0.0,1.9576,0,4
25.0,+25%,405021118,Goyder,Lower North,Barossa - Yorke - Mid North,SA Water,False,Moderate,Critical,54481.0,1461.99,0.026835,Moderate,0.0,2.6835,0,3
25.0,+25%,405021119,Wakefield - Barunga West,Lower North,Barossa - Yorke - Mid North,SA Water,False,Moderate,High,64878.0,1461.99,0.022534,Moderate,0.0,2.2534,0,3
25.0,+25%,405031120,Jamestown,Mid North,Barossa - Yorke - Mid North,SA Water,False,Low,High,68027.0,1461.99,0.021491,Moderate,1.0,2.1491,1,3
25.0,+25%,405031121,Peterborough - Mount Remarkable,Mid North,Barossa - Yorke - Mid North,SA Water,False,Moderate,Critical,55313.0,1461.99,0.026431,Moderate,0.0,2.6431,0,3
25.0,+25%,405031122,Port Pirie,Mid North,Barossa - Yorke - Mid North,SA Water,False,Moderate,Critical,62026.0,1461.99,0.023571,Moderate,0.0,2.3571,0,3
25.0,+25%,405031123,Port Pirie Surrounds,Mid North,Barossa - Yorke - Mid North,SA Water,False,Low,High,68027.0,1461.99,0.021491,Moderate,1.0,2.1491,1,3
25.0,+25%,405041124,Kadina,Yorke Peninsula,Barossa - Yorke - Mid North,SA Water,False,Low,High,68621.0,1461.99,0.021305,Moderate,1.0,2.1305,1,3
25.0,+25%,405041125,Moonta,Yorke Peninsula,Barossa - Yorke - Mid North,SA Water,False,Moderate,Critical,57333.0,1461.99,0.0255,Moderate,0.0,2.55,0,3
25.0,+25%,405041126,Wallaroo,Yorke Peninsula,Barossa - Yorke - Mid North,SA Water,False,Moderate,Critical,54422.0,1461.99,0.026864,Moderate,0.0,2.6864,0,3
25.0,+25%,405041127,Yorke Peninsula - North,Yorke Peninsula,Barossa - Yorke - Mid North,SA Water,False,Moderate,Critical,59590.0,1461.99,0.024534,Moderate,0.0,2.4534,0,3
25.0,+25%,405041128,Yorke Peninsula - South,Yorke Peninsula,Barossa - Yorke - Mid North,SA Water,False,Moderate,Critical,52936.0,1461.99,0.027618,Moderate,0.0,2.7618,0,3
25.0,+25%,406011129,Ceduna,Eyre Peninsula and South West,South Australia - Outback,SA Water,False,Low,Moderate,83534.0,1461.99,0.017502,Low,0.0,1.7502,0,4
25.0,+25%,406011130,Eyre Peninsula,Eyre Peninsula and South West,South Australia - Outback,SA Water,False,Low,Moderate,77711.0,1461.99,0.018813,Low,0.0,1.8813,0,4
25.0,+25%,406011131,Kimba - Cleve - Franklin Harbour,Eyre Peninsula and South West,South Australia - Outback,SA Water,False,Low,High,69869.0,1461.99,0.020925,Moderate,1.0,2.0925,1,3
25.0,+25%,406011132,Le Hunte - Elliston,Eyre Peninsula and South West,South Australia - Outback,SA Water,False,Low,High,73374.0,1461.99,0.019925,Low,0.0,1.9925,0,4
25.0,+25%,406011133,Port Lincoln,Eyre Peninsula and South West,South Australia - Outback,SA Water,False,Low,Moderate,77295.0,1461.99,0.018914,Low,0.0,1.8914,0,4
25.0,+25%,406011134,West Coast (SA),Eyre Peninsula and South West,South Australia - Outback,SA Water,False,Low,High,68205.0,1461.99,0.021435,Moderate,1.0,2.1435,1,3
25.0,+25%,406011135,Western,Eyre Peninsula and South West,South Australia - Outback,SA Water,False,Low,Moderate,77949.0,1461.99,0.018756,Low,0.0,1.8756,0,4
25.0,+25%,406011136,Whyalla,Eyre Peninsula and South West,South Australia - Outback,SA Water,False,Low,High,70582.0,1461.99,0.020713,Moderate,1.0,2.0713,1,3
25.0,+25%,406011137,Whyalla - North,Eyre Peninsula and South West,South Australia - Outback,SA Water,False,Unknown,Unknown,,1461.99,,Unknown,,,0,5
25.0,+25%,406021138,APY Lands,Outback - North and East,South Australia - Outback,SA Water,False,Low,High,75216.0,1461.99,0.019437,Low,0.0,1.9437,0,4
25.0,+25%,406021139,Coober Pedy,Outback - North and East,South Australia - Outback,Council,False,Unknown,Unknown,45391.0,,,Unknown,,,0,5
25.0,+25%,406021140,Quorn - Lake Gilles,Outback - North and East,South Australia - Outback,SA Water,False,Moderate,High,62205.0,1461.99,0.023503,Moderate,0.0,2.3503,0,3
25.0,+25%,406021141,Outback,Outback - North and East,South Australia - Outback,SA Water,False,Low,High,72126.0,1461.99,0.02027,Moderate,1.0,2.027,1,3
25.0,+25%,406021142,Port Augusta,Outback - North and East,South Australia - Outback,SA Water,False,Low,Moderate,75869.0,1461.99,0.01927,Low,0.0,1.927,0,4
25.0,+25%,406021143,Roxby Downs,Outback - North and East,South Australia - Outback,SA Water,False,Low,Low,186554.0,1461.99,0.007837,Low,0.0,0.7837,0,4
25.0,+25%,407011144,Goolwa - Port Elliot,Fleurieu - Kangaroo Island,South Australia - South East,SA Water,False,Moderate,Critical,57630.0,1461.99,0.025369,Moderate,0.0,2.5369,0,3
25.0,+25%,407011145,Kangaroo Island,Fleurieu - Kangaroo Island,South Australia - South East,SA Water,False,Moderate,High,67017.0,1461.99,0.021815,Moderate,0.0,2.1815,0,3
25.0,+25%,407011146,Strathalbyn,Fleurieu - Kangaroo Island,South Australia - South East,SA Water,False,Low,Moderate,75869.0,1461.99,0.01927,Low,0.0,1.927,0,4
25.0,+25%,407011147,Strathalbyn Surrounds,Fleurieu - Kangaroo Island,South Australia - South East,SA Water,False,Low,Moderate,87871.0,1461.99,0.016638,Low,0.0,1.6638,0,4
25.0,+25%,407011148,Victor Harbor,Fleurieu - Kangaroo Island,South Australia - South East,SA Water,False,Moderate,Critical,58046.0,1461.99,0.025187,Moderate,0.0,2.5187,0,3
25.0,+25%,407011149,Yankalilla,Fleurieu - Kangaroo Island,South Australia - South East,SA Water,False,Moderate,High,64284.0,1461.99,0.022743,Moderate,0.0,2.2743,0,3
25.0,+25%,407021150,Grant,Limestone Coast,South Australia - South East,SA Water,False,Low,Moderate,93990.0,1461.99,0.015555,Low,0.0,1.5555,0,4
25.0,+25%,407021151,Kingston - Robe,Limestone Coast,South Australia - South East,SA Water,False,Low,High,71295.0,1461.99,0.020506,Moderate,1.0,2.0506,1,3
25.0,+25%,407021152,Millicent,Limestone Coast,South Australia - South East,SA Water,False,Moderate,Critical,58699.0,1461.99,0.024907,Moderate,0.0,2.4907,0,3
25.0,+25%,407021154,Naracoorte,Limestone Coast,South Australia - South East,SA Water,False,Low,Moderate,81811.0,1461.99,0.01787,Low,0.0,1.787,0,4
25.0,+25%,407021155,Naracoorte Surrounds,Limestone Coast,South Australia - South East,SA Water,False,Low,Moderate,96961.0,1461.99,0.015078,Low,0.0,1.5078,0,4
25.0,+25%,407021156,Penola,Limestone Coast,South Australia - South East,SA Water,False,Low,Moderate,78068.0,1461.99,0.018727,Low,0.0,1.8727,0,4
25.0,+25%,407021157,Tatiara,Limestone Coast,South Australia - South East,SA Water,False,Low,Moderate,87336.0,1461.99,0.01674,Low,0.0,1.674,0,4
25.0,+25%,407021158,Wattle Range,Limestone Coast,South Australia - South East,SA Water,False,Low,Moderate,80266.0,1461.99,0.018214,Low,0.0,1.8214,0,4
25.0,+25%,407021173,Mount Gambier - East,Limestone Coast,South Australia - South East,SA Water,False,Low,Moderate,80088.0,1461.99,0.018255,Low,0.0,1.8255,0,4
25.0,+25%,407021174,Mount Gambier - West,Limestone Coast,South Australia - South East,SA Water,False,Low,High,71889.0,1461.99,0.020337,Moderate,1.0,2.0337,1,3
25.0,+25%,407031159,Barmera,Murray and Mallee,South Australia - South East,SA Water,False,Low,High,73968.0,1461.99,0.019765,Low,0.0,1.9765,0,4
25.0,+25%,407031160,Berri,Murray and Mallee,South Australia - South East,SA Water,False,Moderate,Critical,61729.0,1461.99,0.023684,Moderate,0.0,2.3684,0,3
25.0,+25%,407031161,Karoonda - Lameroo,Murray and Mallee,South Australia - South East,SA Water,False,Low,High,70641.0,1461.99,0.020696,Moderate,1.0,2.0696,1,3
25.0,+25%,407031162,Loxton,Murray and Mallee,South Australia - South East,SA Water,False,Low,High,71770.0,1461.99,0.02037,Moderate,1.0,2.037,1,3
25.0,+25%,407031163,Loxton Surrounds,Murray and Mallee,South Australia - South East,SA Water,False,Low,Moderate,77236.0,1461.99,0.018929,Low,0.0,1.8929,0,4
25.0,+25%,407031164,Mannum,Murray and Mallee,South Australia - South East,SA Water,False,Moderate,Critical,53530.0,1461.99,0.027312,Moderate,0.0,2.7312,0,3
25.0,+25%,407031165,Murray Bridge,Murray and Mallee,South Australia - South East,SA Water,False,Moderate,High,63987.0,1461.99,0.022848,Moderate,0.0,2.2848,0,3
25.0,+25%,407031166,Murray Bridge Surrounds,Murray and Mallee,South Australia - South East,SA Water,False,Low,Moderate,76879.0,1461.99,0.019017,Low,0.0,1.9017,0,4
25.0,+25%,407031167,Renmark,Murray and Mallee,South Australia - South East,SA Water,False,Moderate,Critical,60422.0,1461.99,0.024196,Moderate,0.0,2.4196,0,3
25.0,+25%,407031168,Renmark Surrounds,Murray and Mallee,South Australia - South East,SA Water,False,Low,Moderate,86682.0,1461.99,0.016866,Low,0.0,1.6866,0,4
25.0,+25%,407031169,The Coorong,Murray and Mallee,South Australia - South East,SA Water,False,Moderate,High,64462.0,1461.99,0.02268,Moderate,0.0,2.268,0,3
25.0,+25%,407031170,Waikerie,Murray and Mallee,South Australia - South East,SA Water,False,Moderate,Critical,61016.0,1461.99,0.023961,Moderate,0.0,2.3961,0,3
25.0,+25%,497979799,Migratory - Offshore - Shipping (SA),Migratory - Offshore - Shipping (SA),Migratory - Offshore - Shipping (SA),SA Water,False,Unknown,Unknown,,1461.99,,Unknown,,,0,5
25.0,+25%,499999499,No usual address (SA),No usual address (SA),No usual address (SA),SA Water,False,Unknown,Unknown,,1461.99,,Unknown,,,0,5
30.0,+30%,401011001,Adelaide,Adelaide City,Adelaide - Central and Hills,SA Water,True,Low,Moderate,81098.0,1302.02,0.016055,Low,0.0,1.6055,0,4
30.0,+30%,401011002,North Adelaide,Adelaide City,Adelaide - Central and Hills,SA Water,True,Low,Low,110923.0,1302.02,0.011738,Low,0.0,1.1738,0,4
30.0,+30%,401021003,Adelaide Hills,Adelaide Hills,Adelaide - Central and Hills,SA Water,True,Low,Low,113180.0,1302.02,0.011504,Low,0.0,1.1504,0,4
30.0,+30%,401021004,Aldgate - Stirling,Adelaide Hills,Adelaide - Central and Hills,SA Water,True,Low,Low,136470.0,1302.02,0.009541,Low,0.0,0.9541,0,4
30.0,+30%,401021005,Hahndorf - Echunga,Adelaide Hills,Adelaide - Central and Hills,SA Water,True,Low,Low,114428.0,1302.02,0.011379,Low,0.0,1.1379,0,4
30.0,+30%,401021006,Lobethal - Woodside,Adelaide Hills,Adelaide - Central and Hills,SA Water,True,Low,Moderate,100466.0,1302.02,0.01296,Low,0.0,1.296,0,4
30.0,+30%,401021007,Mount Barker,Adelaide Hills,Adelaide - Central and Hills,SA Water,True,Low,Moderate,100882.0,1302.02,0.012906,Low,0.0,1.2906,0,4
30.0,+30%,401021008,Mount Barker Surrounds,Adelaide Hills,Adelaide - Central and Hills,SA Water,True,Low,Low,105991.0,1302.02,0.012284,Low,0.0,1.2284,0,4
30.0,+30%,401021009,Nairne,Adelaide Hills,Adelaide - Central and Hills,SA Water,True,Low,Low,105516.0,1302.02,0.01234,Low,0.0,1.234,0,4
30.0,+30%,401021010,Uraidla - Summertown,Adelaide Hills,Adelaide - Central and Hills,SA Water,True,Low,Low,129578.0,1302.02,0.010048,Low,0.0,1.0048,0,4
30.0,+30%,401031011,Burnside - Wattle Park,Burnside,Adelaide - Central and Hills,SA Water,True,Low,Low,123934.0,1302.02,0.010506,Low,0.0,1.0506,0,4
30.0,+30%,401031012,Beaumont - Glen Osmond,Burnside,Adelaide - Central and Hills,SA Water,True,Low,Low,138193.0,1302.02,0.009422,Low,0.0,0.9422,0,4
30.0,+30%,401031013,Toorak Gardens,Burnside,Adelaide - Central and Hills,SA Water,True,Low,Low,114606.0,1302.02,0.011361,Low,0.0,1.1361,0,4
30.0,+30%,401041014,Athelstone,Campbelltown (SA),Adelaide - Central and Hills,SA Water,True,Low,Low,115319.0,1302.02,0.011291,Low,0.0,1.1291,0,4
30.0,+30%,401041015,Paradise - Newton,Campbelltown (SA),Adelaide - Central and Hills,SA Water,True,Low,Moderate,84781.0,1302.02,0.015357,Low,0.0,1.5357,0,4
30.0,+30%,401041016,Rostrevor - Magill,Campbelltown (SA),Adelaide - Central and Hills,SA Water,True,Low,Moderate,97674.0,1302.02,0.01333,Low,0.0,1.333,0,4
30.0,+30%,401051017,Norwood (SA),Norwood - Payneham - St Peters,Adelaide - Central and Hills,SA Water,True,Low,Moderate,98208.0,1302.02,0.013258,Low,0.0,1.3258,0,4
30.0,+30%,401051018,Payneham - Felixstow,Norwood - Payneham - St Peters,Adelaide - Central and Hills,SA Water,True,Low,Moderate,87692.0,1302.02,0.014848,Low,0.0,1.4848,0,4
30.0,+30%,401051019,St Peters - Marden,Norwood - Payneham - St Peters,Adelaide - Central and Hills,SA Water,True,Low,Low,111636.0,1302.02,0.011663,Low,0.0,1.1663,0,4
30.0,+30%,401061020,Nailsworth - Broadview,Prospect - Walkerville,Adelaide - Central and Hills,SA Water,True,Low,Low,116864.0,1302.02,0.011141,Low,0.0,1.1141,0,4
30.0,+30%,401061021,Prospect,Prospect - Walkerville,Adelaide - Central and Hills,SA Water,True,Low,Low,119953.0,1302.02,0.010854,Low,0.0,1.0854,0,4
30.0,+30%,401061022,Walkerville,Prospect - Walkerville,Adelaide - Central and Hills,SA Water,True,Low,Low,121914.0,1302.02,0.01068,Low,0.0,1.068,0,4
30.0,+30%,401071023,Goodwood - Millswood,Unley,Adelaide - Central and Hills,SA Water,True,Low,Low,118884.0,1302.02,0.010952,Low,0.0,1.0952,0,4
30.0,+30%,401071024,Unley - Parkside,Unley,Adelaide - Central and Hills,SA Water,True,Low,Low,118706.0,1302.02,0.010968,Low,0.0,1.0968,0,4
30.0,+30%,402011025,Gawler - North,Gawler - Two Wells,Adelaide - North,SA Water,True,Low,Low,105160.0,1302.02,0.012381,Low,0.0,1.2381,0,4
30.0,+30%,402011026,Gawler - South,Gawler - Two Wells,Adelaide - North,SA Water,True,Low,Moderate,79375.0,1302.02,0.016403,Low,0.0,1.6403,0,4
30.0,+30%,402011027,Lewiston - Two Wells,Gawler - Two Wells,Adelaide - North,SA Water,True,Low,Low,113358.0,1302.02,0.011486,Low,0.0,1.1486,0,4
30.0,+30%,402021028,Craigmore - Blakeview,Playford,Adelaide - North,SA Water,True,Low,Moderate,95060.0,1302.02,0.013697,Low,0.0,1.3697,0,4
30.0,+30%,402021029,Davoren Park,Playford,Adelaide - North,SA Water,True,Low,Moderate,68978.0,1302.02,0.018876,Low,0.0,1.8876,0,4
30.0,+30%,402021030,Elizabeth,Playford,Adelaide - North,SA Water,True,Moderate,Critical,49134.0,1302.02,0.026499,Moderate,0.0,2.6499,0,3
30.0,+30%,402021031,Elizabeth East,Playford,Adelaide - North,SA Water,True,Low,Moderate,70582.0,1302.02,0.018447,Low,0.0,1.8447,0,4
30.0,+30%,402021032,Munno Para West - Angle Vale,Playford,Adelaide - North,SA Water,True,Low,Moderate,98208.0,1302.02,0.013258,Low,0.0,1.3258,0,4
30.0,+30%,402021033,One Tree Hill,Playford,Adelaide - North,SA Water,True,Low,Low,135282.0,1302.02,0.009624,Low,0.0,0.9624,0,4
30.0,+30%,402021034,Smithfield - Elizabeth North,Playford,Adelaide - North,SA Water,True,Moderate,High,55788.0,1302.02,0.023339,Moderate,0.0,2.3339,0,3
30.0,+30%,402021035,Virginia - Waterloo Corner,Playford,Adelaide - North,SA Water,True,Low,Moderate,82405.0,1302.02,0.0158,Low,0.0,1.58,0,4
30.0,+30%,402031036,Enfield - Blair Athol,Port Adelaide - East,Adelaide - North,SA Water,True,Low,Moderate,84841.0,1302.02,0.015347,Low,0.0,1.5347,0,4
30.0,+30%,402031038,Windsor Gardens,Port Adelaide - East,Adelaide - North,SA Water,True,Low,Moderate,94762.0,1302.02,0.01374,Low,0.0,1.374,0,4
30.0,+30%,402031175,Northgate - Northfield,Port Adelaide - East,Adelaide - North,SA Water,True,Low,Low,104506.0,1302.02,0.012459,Low,0.0,1.2459,0,4
30.0,+30%,402031176,Valley View - Gilles Plains,Port Adelaide - East,Adelaide - North,SA Water,True,Low,Moderate,87277.0,1302.02,0.014918,Low,0.0,1.4918,0,4
30.0,+30%,402041039,Dry Creek - North,Salisbury,Adelaide - North,SA Water,True,Unknown,Unknown,,1302.02,,Unknown,,,0,5
30.0,+30%,402041040,Ingle Farm,Salisbury,Adelaide - North,SA Water,True,Low,Moderate,79850.0,1302.02,0.016306,Low,0.0,1.6306,0,4
30.0,+30%,402041041,Para Hills,Salisbury,Adelaide - North,SA Water,True,Low,Moderate,85791.0,1302.02,0.015177,Low,0.0,1.5177,0,4
30.0,+30%,402041042,Parafield,Salisbury,Adelaide - North,SA Water,True,Unknown,Unknown,,1302.02,,Unknown,,,0,5
30.0,+30%,402041043,Parafield Gardens,Salisbury,Adelaide - North,SA Water,True,Low,Moderate,82226.0,1302.02,0.015835,Low,0.0,1.5835,0,4
30.0,+30%,402041044,Paralowie,Salisbury,Adelaide - North,SA Water,True,Low,Moderate,86623.0,1302.02,0.015031,Low,0.0,1.5031,0,4
30.0,+30%,402041046,Salisbury,Salisbury,Adelaide - North,SA Water,True,Low,High,63630.0,1302.02,0.020462,Moderate,1.0,2.0462,1,3
30.0,+30%,402041047,Salisbury East,Salisbury,Adelaide - North,SA Water,True,Low,Moderate,79553.0,1302.02,0.016367,Low,0.0,1.6367,0,4
30.0,+30%,402041048,Salisbury North,Salisbury,Adelaide - North,SA Water,True,Low,Moderate,74562.0,1302.02,0.017462,Low,0.0,1.7462,0,4
30.0,+30%,402041171,Mawson Lakes - Globe Derby Park,Salisbury,Adelaide - North,SA Water,True,Low,Low,113656.0,1302.02,0.011456,Low,0.0,1.1456,0,4
30.0,+30%,402041172,Pooraka - Cavan,Salisbury,Adelaide - North,SA Water,True,Low,Moderate,75038.0,1302.02,0.017351,Low,0.0,1.7351,0,4
30.0,+30%,402051049,Golden Grove,Tea Tree Gully,Adelaide - North,SA Water,True,Low,Moderate,99456.0,1302.02,0.013091,Low,0.0,1.3091,0,4
30.0,+30%,402051050,Greenwith,Tea Tree Gully,Adelaide - North,SA Water,True,Low,Low,115081.0,1302.02,0.011314,Low,0.0,1.1314,0,4
30.0,+30%,402051051,Highbury - Dernancourt,Tea Tree Gully,Adelaide - North,SA Water,True,Low,Low,114071.0,1302.02,0.011414,Low,0.0,1.1414,0,4
30.0,+30%,402051052,Hope Valley - Modbury,Tea Tree Gully,Adelaide - North,SA Water,True,Low,Moderate,78068.0,1302.02,0.016678,Low,0.0,1.6678,0,4
30.0,+30%,402051053,Modbury Heights,Tea Tree Gully,Adelaide - North,SA Water,True,Low,Moderate,98446.0,1302.02,0.013226,Low,0.0,1.3226,0,4
30.0,+30%,402051054,Redwood Park,Tea Tree Gully,Adelaide - North,SA Water,True,Low,Low,108011.0,1302.02,0.012055,Low,0.0,1.2055,0,4
30.0,+30%,402051055,St Agnes - Ridgehaven,Tea Tree Gully,Adelaide - North,SA Water,True,Low,Moderate,88643.0,1302.02,0.014688,Low,0.0,1.4688,0,4
30.0,+30%,403011056,Brighton (SA),Holdfast Bay,Adelaide - South,SA Water,True,Low,Moderate,99397.0,1302.02,0.013099,Low,0.0,1.3099,0,4
30.0,+30%,403011057,Glenelg (SA),Holdfast Bay,Adelaide - South,SA Water,True,Low,Moderate,92802.0,1302.02,0.01403,Low,0.0,1.403,0,4
30.0,+30%,403021058,Edwardstown,Marion,Adelaide - South,SA Water,True,Low,Moderate,86267.0,1302.02,0.015093,Low,0.0,1.5093,0,4
30.0,+30%,403021059,Hallett Cove,Marion,Adelaide - South,SA Water,True,Low,Low,111457.0,1302.02,0.011682,Low,0.0,1.1682,0,4
30.0,+30%,403021060,Marino - Seaview Downs,Marion,Adelaide - South,SA Water,True,Low,Low,108190.0,1302.02,0.012035,Low,0.0,1.2035,0,4
30.0,+30%,403021061,Mitchell Park,Marion,Adelaide - South,SA Water,True,Low,Moderate,77652.0,1302.02,0.016767,Low,0.0,1.6767,0,4
30.0,+30%,403021062,Morphettville,Marion,Adelaide - South,SA Water,True,Low,Moderate,92327.0,1302.02,0.014102,Low,0.0,1.4102,0,4
30.0,+30%,403021063,Sheidow Park - Trott Park,Marion,Adelaide - South,SA Water,True,Low,Low,114190.0,1302.02,0.011402,Low,0.0,1.1402,0,4
30.0,+30%,403021064,Warradale,Marion,Adelaide - South,SA Water,True,Low,Moderate,84425.0,1302.02,0.015422,Low,0.0,1.5422,0,4
30.0,+30%,403031065,Belair,Mitcham,Adelaide - South,SA Water,True,Low,Low,135044.0,1302.02,0.009641,Low,0.0,0.9641,0,4
30.0,+30%,403031066,Bellevue Heights,Mitcham,Adelaide - South,SA Water,True,Low,Low,104803.0,1302.02,0.012423,Low,0.0,1.2423,0,4
30.0,+30%,403031067,Blackwood,Mitcham,Adelaide - South,SA Water,True,Low,Low,125597.0,1302.02,0.010367,Low,0.0,1.0367,0,4
30.0,+30%,403031068,Colonel Light Gardens,Mitcham,Adelaide - South,SA Water,True,Low,Low,119181.0,1302.02,0.010925,Low,0.0,1.0925,0,4
30.0,+30%,403031069,Mitcham (SA),Mitcham,Adelaide - South,SA Water,True,Low,Low,130885.0,1302.02,0.009948,Low,0.0,0.9948,0,4
30.0,+30%,403031070,Panorama,Mitcham,Adelaide - South,SA Water,True,Low,Moderate,90188.0,1302.02,0.014437,Low,0.0,1.4437,0,4
30.0,+30%,403041071,Aberfoyle Park,Onkaparinga,Adelaide - South,SA Water,True,Low,Low,107358.0,1302.02,0.012128,Low,0.0,1.2128,0,4
30.0,+30%,403041072,Aldinga,Onkaparinga,Adelaide - South,SA Water,True,Low,Moderate,78246.0,1302.02,0.01664,Low,0.0,1.664,0,4
30.0,+30%,403041073,Christie Downs,Onkaparinga,Adelaide - South,SA Water,True,Low,High,59115.0,1302.02,0.022025,Moderate,1.0,2.2025,1,3
30.0,+30%,403041074,Christies Beach,Onkaparinga,Adelaide - South,SA Water,True,Low,Moderate,72483.0,1302.02,0.017963,Low,0.0,1.7963,0,4
30.0,+30%,403041075,Clarendon,Onkaparinga,Adelaide - South,SA Water,True,Low,Low,120013.0,1302.02,0.010849,Low,0.0,1.0849,0,4
30.0,+30%,403041076,Coromandel Valley,Onkaparinga,Adelaide - South,SA Water,True,Low,Low,132667.0,1302.02,0.009814,Low,0.0,0.9814,0,4
30.0,+30%,403041077,Flagstaff Hill,Onkaparinga,Adelaide - South,SA Water,True,Low,Low,121498.0,1302.02,0.010716,Low,0.0,1.0716,0,4
30.0,+30%,403041078,Hackham - Onkaparinga Hills,Onkaparinga,Adelaide - South,SA Water,True,Low,Moderate,80504.0,1302.02,0.016173,Low,0.0,1.6173,0,4
30.0,+30%,403041079,Hackham West - Huntfield Heights,Onkaparinga,Adelaide - South,SA Water,True,Low,High,64165.0,1302.02,0.020292,Moderate,1.0,2.0292,1,3
30.0,+30%,403041080,Happy Valley,Onkaparinga,Adelaide - South,SA Water,True,Low,Moderate,93158.0,1302.02,0.013976,Low,0.0,1.3976,0,4
30.0,+30%,403041081,Happy Valley Reservoir,Onkaparinga,Adelaide - South,SA Water,True,Low,Moderate,81692.0,1302.02,0.015938,Low,0.0,1.5938,0,4
30.0,+30%,403041082,Lonsdale,Onkaparinga,Adelaide - South,SA Water,True,Moderate,Critical,43074.0,1302.02,0.030228,High,1.0,3.0228,1,2
30.0,+30%,403041083,McLaren Vale,Onkaparinga,Adelaide - South,SA Water,True,Low,Moderate,97317.0,1302.02,0.013379,Low,0.0,1.3379,0,4
30.0,+30%,403041084,Morphett Vale - East,Onkaparinga,Adelaide - South,SA Water,True,Low,Moderate,72958.0,1302.02,0.017846,Low,0.0,1.7846,0,4
30.0,+30%,403041085,Morphett Vale - West,Onkaparinga,Adelaide - South,SA Water,True,Low,Moderate,69096.0,1302.02,0.018844,Low,0.0,1.8844,0,4
30.0,+30%,403041086,Reynella,Onkaparinga,Adelaide - South,SA Water,True,Low,Moderate,79256.0,1302.02,0.016428,Low,0.0,1.6428,0,4
30.0,+30%,403041088,Willunga,Onkaparinga,Adelaide - South,SA Water,True,Low,Low,104268.0,1302.02,0.012487,Low,0.0,1.2487,0,4
30.0,+30%,403041089,Woodcroft,Onkaparinga,Adelaide - South,SA Water,True,Low,Moderate,99337.0,1302.02,0.013107,Low,0.0,1.3107,0,4
30.0,+30%,403041177,Seaford - Seaford Meadows,Onkaparinga,Adelaide - South,SA Water,True,Low,Moderate,87098.0,1302.02,0.014949,Low,0.0,1.4949,0,4
30.0,+30%,403041178,Seaford Rise - Moana,Onkaparinga,Adelaide - South,SA Water,True,Low,Moderate,90366.0,1302.02,0.014408,Low,0.0,1.4408,0,4
30.0,+30%,404011090,Beverley,Charles Sturt,Adelaide - West,SA Water,True,Low,Moderate,100704.0,1302.02,0.012929,Low,0.0,1.2929,0,4
30.0,+30%,404011091,Flinders Park,Charles Sturt,Adelaide - West,SA Water,True,Low,Moderate,92861.0,1302.02,0.014021,Low,0.0,1.4021,0,4
30.0,+30%,404011092,Henley Beach,Charles Sturt,Adelaide - West,SA Water,True,Low,Low,106110.0,1302.02,0.01227,Low,0.0,1.227,0,4
30.0,+30%,404011093,Hindmarsh - Brompton,Charles Sturt,Adelaide - West,SA Water,True,Low,Moderate,96901.0,1302.02,0.013437,Low,0.0,1.3437,0,4
30.0,+30%,404011094,Royal Park - Hendon - Albert Park,Charles Sturt,Adelaide - West,SA Water,True,Low,Moderate,84781.0,1302.02,0.015357,Low,0.0,1.5357,0,4
30.0,+30%,404011095,Seaton - Grange,Charles Sturt,Adelaide - West,SA Water,True,Low,Moderate,84662.0,1302.02,0.015379,Low,0.0,1.5379,0,4
30.0,+30%,404011096,West Lakes,Charles Sturt,Adelaide - West,SA Water,True,Low,Moderate,89475.0,1302.02,0.014552,Low,0.0,1.4552,0,4
30.0,+30%,404011097,Woodville - Cheltenham,Charles Sturt,Adelaide - West,SA Water,True,Low,Moderate,88584.0,1302.02,0.014698,Low,0.0,1.4698,0,4
30.0,+30%,404021098,Dry Creek - South,Port Adelaide - West,Adelaide - West,SA Water,True,Unknown,Unknown,,1302.02,,Unknown,,,0,5
30.0,+30%,404021099,Largs Bay - Semaphore,Port Adelaide - West,Adelaide - West,SA Water,True,Low,Moderate,94109.0,1302.02,0.013835,Low,0.0,1.3835,0,4
30.0,+30%,404021100,North Haven,Port Adelaide - West,Adelaide - West,SA Water,True,Low,Moderate,84009.0,1302.02,0.015499,Low,0.0,1.5499,0,4
30.0,+30%,404021101,Port Adelaide,Port Adelaide - West,Adelaide - West,SA Water,True,Low,Moderate,74087.0,1302.02,0.017574,Low,0.0,1.7574,0,4
30.0,+30%,404021102,The Parks,Port Adelaide - West,Adelaide - West,SA Water,True,Low,Moderate,77058.0,1302.02,0.016897,Low,0.0,1.6897,0,4
30.0,+30%,404021103,Torrens Island,Port Adelaide - West,Adelaide - West,SA Water,True,Moderate,Critical,44500.0,1302.02,0.029259,Moderate,0.0,2.9259,0,3
30.0,+30%,404031104,Adelaide Airport,West Torrens,Adelaide - West,SA Water,True,Unknown,Unknown,,1302.02,,Unknown,,,0,5
30.0,+30%,404031105,Fulham,West Torrens,Adelaide - West,SA Water,True,Low,Low,104150.0,1302.02,0.012501,Low,0.0,1.2501,0,4
30.0,+30%,404031106,Lockleys,West Torrens,Adelaide - West,SA Water,True,Low,Moderate,97139.0,1302.02,0.013404,Low,0.0,1.3404,0,4
30.0,+30%,404031107,Plympton,West Torrens,Adelaide - West,SA Water,True,Low,Moderate,92148.0,1302.02,0.01413,Low,0.0,1.413,0,4
30.0,+30%,404031108,Richmond (SA),West Torrens,Adelaide - West,SA Water,True,Low,Moderate,92386.0,1302.02,0.014093,Low,0.0,1.4093,0,4
30.0,+30%,404031109,West Beach,West Torrens,Adelaide - West,SA Water,True,Low,Low,103734.0,1302.02,0.012552,Low,0.0,1.2552,0,4
30.0,+30%,405011110,Barossa - Angaston,Barossa,Barossa - Yorke - Mid North,SA Water,False,Low,Moderate,85613.0,1485.62,0.017353,Low,0.0,1.7353,0,4
30.0,+30%,405011111,Light,Barossa,Barossa - Yorke - Mid North,SA Water,False,Low,Moderate,91732.0,1485.62,0.016195,Low,0.0,1.6195,0,4
30.0,+30%,405011112,Lyndoch,Barossa,Barossa - Yorke - Mid North,SA Water,False,Low,Moderate,108546.0,1485.62,0.013687,Low,0.0,1.3687,0,4
30.0,+30%,405011113,Mallala,Barossa,Barossa - Yorke - Mid North,SA Water,False,Low,Moderate,81335.0,1485.62,0.018265,Low,0.0,1.8265,0,4
30.0,+30%,405011114,Nuriootpa,Barossa,Barossa - Yorke - Mid North,SA Water,False,Low,Moderate,78781.0,1485.62,0.018858,Low,0.0,1.8858,0,4
30.0,+30%,405011115,Tanunda,Barossa,Barossa - Yorke - Mid North,SA Water,False,Low,Moderate,85910.0,1485.62,0.017293,Low,0.0,1.7293,0,4
30.0,+30%,405021116,Clare,Lower North,Barossa - Yorke - Mid North,SA Water,False,Low,Moderate,81276.0,1485.62,0.018279,Low,0.0,1.8279,0,4
30.0,+30%,405021117,Gilbert Valley,Lower North,Barossa - Yorke - Mid North,SA Water,False,Low,High,74681.0,1485.62,0.019893,Low,0.0,1.9893,0,4
30.0,+30%,405021118,Goyder,Lower North,Barossa - Yorke - Mid North,SA Water,False,Moderate,Critical,54481.0,1485.62,0.027269,Moderate,0.0,2.7269,0,3
30.0,+30%,405021119,Wakefield - Barunga West,Lower North,Barossa - Yorke - Mid North,SA Water,False,Moderate,High,64878.0,1485.62,0.022899,Moderate,0.0,2.2899,0,3
30.0,+30%,405031120,Jamestown,Mid North,Barossa - Yorke - Mid North,SA Water,False,Low,High,68027.0,1485.62,0.021839,Moderate,1.0,2.1839,1,3
30.0,+30%,405031121,Peterborough - Mount Remarkable,Mid North,Barossa - Yorke - Mid North,SA Water,False,Moderate,Critical,55313.0,1485.62,0.026858,Moderate,0.0,2.6858,0,3
30.0,+30%,405031122,Port Pirie,Mid North,Barossa - Yorke - Mid North,SA Water,False,Moderate,Critical,62026.0,1485.62,0.023952,Moderate,0.0,2.3952,0,3
30.0,+30%,405031123,Port Pirie Surrounds,Mid North,Barossa - Yorke - Mid North,SA Water,False,Low,High,68027.0,1485.62,0.021839,Moderate,1.0,2.1839,1,3
30.0,+30%,405041124,Kadina,Yorke Peninsula,Barossa - Yorke - Mid North,SA Water,False,Low,High,68621.0,1485.62,0.02165,Moderate,1.0,2.165,1,3
30.0,+30%,405041125,Moonta,Yorke Peninsula,Barossa - Yorke - Mid North,SA Water,False,Moderate,Critical,57333.0,1485.62,0.025912,Moderate,0.0,2.5912,0,3
30.0,+30%,405041126,Wallaroo,Yorke Peninsula,Barossa - Yorke - Mid North,SA Water,False,Moderate,Critical,54422.0,1485.62,0.027298,Moderate,0.0,2.7298,0,3
30.0,+30%,405041127,Yorke Peninsula - North,Yorke Peninsula,Barossa - Yorke - Mid North,SA Water,False,Moderate,Critical,59590.0,1485.62,0.024931,Moderate,0.0,2.4931,0,3
30.0,+30%,405041128,Yorke Peninsula - South,Yorke Peninsula,Barossa - Yorke - Mid North,SA Water,False,Moderate,Critical,52936.0,1485.62,0.028064,Moderate,0.0,2.8064,0,3
30.0,+30%,406011129,Ceduna,Eyre Peninsula and South West,South Australia - Outback,SA Water,False,Low,Moderate,83534.0,1485.62,0.017785,Low,0.0,1.7785,0,4
30.0,+30%,406011130,Eyre Peninsula,Eyre Peninsula and South West,South Australia - Outback,SA Water,False,Low,Moderate,77711.0,1485.62,0.019117,Low,0.0,1.9117,0,4
30.0,+30%,406011131,Kimba - Cleve - Franklin Harbour,Eyre Peninsula and South West,South Australia - Outback,SA Water,False,Low,High,69869.0,1485.62,0.021263,Moderate,1.0,2.1263,1,3
30.0,+30%,406011132,Le Hunte - Elliston,Eyre Peninsula and South West,South Australia - Outback,SA Water,False,Low,High,73374.0,1485.62,0.020247,Moderate,1.0,2.0247,1,3
30.0,+30%,406011133,Port Lincoln,Eyre Peninsula and South West,South Australia - Outback,SA Water,False,Low,Moderate,77295.0,1485.62,0.01922,Low,0.0,1.922,0,4
30.0,+30%,406011134,West Coast (SA),Eyre Peninsula and South West,South Australia - Outback,SA Water,False,Low,High,68205.0,1485.62,0.021782,Moderate,1.0,2.1782,1,3
30.0,+30%,406011135,Western,Eyre Peninsula and South West,South Australia - Outback,SA Water,False,Low,Moderate,77949.0,1485.62,0.019059,Low,0.0,1.9059,0,4
30.0,+30%,406011136,Whyalla,Eyre Peninsula and South West,South Australia - Outback,SA Water,False,Low,High,70582.0,1485.62,0.021048,Moderate,1.0,2.1048,1,3
30.0,+30%,406011137,Whyalla - North,Eyre Peninsula and South West,South Australia - Outback,SA Water,False,Unknown,Unknown,,1485.62,,Unknown,,,0,5
30.0,+30%,406021138,APY Lands,Outback - North and East,South Australia - Outback,SA Water,False,Low,High,75216.0,1485.62,0.019751,Low,0.0,1.9751,0,4
30.0,+30%,406021139,Coober Pedy,Outback - North and East,South Australia - Outback,Council,False,Unknown,Unknown,45391.0,,,Unknown,,,0,5
30.0,+30%,406021140,Quorn - Lake Gilles,Outback - North and East,South Australia - Outback,SA Water,False,Moderate,High,62205.0,1485.62,0.023883,Moderate,0.0,2.3883,0,3
30.0,+30%,406021141,Outback,Outback - North and East,South Australia - Outback,SA Water,False,Low,High,72126.0,1485.62,0.020598,Moderate,1.0,2.0598,1,3
30.0,+30%,406021142,Port Augusta,Outback - North and East,South Australia - Outback,SA Water,False,Low,Moderate,75869.0,1485.62,0.019581,Low,0.0,1.9581,0,4
30.0,+30%,406021143,Roxby Downs,Outback - North and East,South Australia - Outback,SA Water,False,Low,Low,186554.0,1485.62,0.007963,Low,0.0,0.7963,0,4
30.0,+30%,407011144,Goolwa - Port Elliot,Fleurieu - Kangaroo Island,South Australia - South East,SA Water,False,Moderate,Critical,57630.0,1485.62,0.025779,Moderate,0.0,2.5779,0,3
30.0,+30%,407011145,Kangaroo Island,Fleurieu - Kangaroo Island,South Australia - South East,SA Water,False,Moderate,High,67017.0,1485.62,0.022168,Moderate,0.0,2.2168,0,3
30.0,+30%,407011146,Strathalbyn,Fleurieu - Kangaroo Island,South Australia - South East,SA Water,False,Low,Moderate,75869.0,1485.62,0.019581,Low,0.0,1.9581,0,4
30.0,+30%,407011147,Strathalbyn Surrounds,Fleurieu - Kangaroo Island,South Australia - South East,SA Water,False,Low,Moderate,87871.0,1485.62,0.016907,Low,0.0,1.6907,0,4
30.0,+30%,407011148,Victor Harbor,Fleurieu - Kangaroo Island,South Australia - South East,SA Water,False,Moderate,Critical,58046.0,1485.62,0.025594,Moderate,0.0,2.5594,0,3
30.0,+30%,407011149,Yankalilla,Fleurieu - Kangaroo Island,South Australia - South East,SA Water,False,Moderate,High,64284.0,1485.62,0.02311,Moderate,0.0,2.311,0,3
30.0,+30%,407021150,Grant,Limestone Coast,South Australia - South East,SA Water,False,Low,Moderate,93990.0,1485.62,0.015806,Low,0.0,1.5806,0,4
30.0,+30%,407021151,Kingston - Robe,Limestone Coast,South Australia - South East,SA Water,False,Low,High,71295.0,1485.62,0.020838,Moderate,1.0,2.0838,1,3
30.0,+30%,407021152,Millicent,Limestone Coast,South Australia - South East,SA Water,False,Moderate,Critical,58699.0,1485.62,0.025309,Moderate,0.0,2.5309,0,3
30.0,+30%,407021154,Naracoorte,Limestone Coast,South Australia - South East,SA Water,False,Low,Moderate,81811.0,1485.62,0.018159,Low,0.0,1.8159,0,4
30.0,+30%,407021155,Naracoorte Surrounds,Limestone Coast,South Australia - South East,SA Water,False,Low,Moderate,96961.0,1485.62,0.015322,Low,0.0,1.5322,0,4
30.0,+30%,407021156,Penola,Limestone Coast,South Australia - South East,SA Water,False,Low,Moderate,78068.0,1485.62,0.01903,Low,0.0,1.903,0,4
30.0,+30%,407021157,Tatiara,Limestone Coast,South Australia - South East,SA Water,False,Low,Moderate,87336.0,1485.62,0.01701,Low,0.0,1.701,0,4
30.0,+30%,407021158,Wattle Range,Limestone Coast,South Australia - South East,SA Water,False,Low,Moderate,80266.0,1485.62,0.018509,Low,0.0,1.8509,0,4
30.0,+30%,407021173,Mount Gambier - East,Limestone Coast,South Australia - South East,SA Water,False,Low,Moderate,80088.0,1485.62,0.01855,Low,0.0,1.855,0,4
30.0,+30%,407021174,Mount Gambier - West,Limestone Coast,South Australia - South East,SA Water,False,Low,High,71889.0,1485.62,0.020665,Moderate,1.0,2.0665,1,3
30.0,+30%,407031159,Barmera,Murray and Mallee,South Australia - South East,SA Water,False,Low,High,73968.0,1485.62,0.020085,Moderate,1.0,2.0085,1,3
30.0,+30%,407031160,Berri,Murray and Mallee,South Australia - South East,SA Water,False,Moderate,Critical,61729.0,1485.62,0.024067,Moderate,0.0,2.4067,0,3
30.0,+30%,407031161,Karoonda - Lameroo,Murray and Mallee,South Australia - South East,SA Water,False,Low,High,70641.0,1485.62,0.021031,Moderate,1.0,2.1031,1,3
30.0,+30%,407031162,Loxton,Murray and Mallee,South Australia - South East,SA Water,False,Low,High,71770.0,1485.62,0.0207,Moderate,1.0,2.07,1,3
30.0,+30%,407031163,Loxton Surrounds,Murray and Mallee,South Australia - South East,SA Water,False,Low,Moderate,77236.0,1485.62,0.019235,Low,0.0,1.9235,0,4
30.0,+30%,407031164,Mannum,Murray and Mallee,South Australia - South East,SA Water,False,Moderate,Critical,53530.0,1485.62,0.027753,Moderate,0.0,2.7753,0,3
30.0,+30%,407031165,Murray Bridge,Murray and Mallee,South Australia - South East,SA Water,False,Moderate,High,63987.0,1485.62,0.023218,Moderate,0.0,2.3218,0,3
30.0,+30%,407031166,Murray Bridge Surrounds,Murray and Mallee,South Australia - South East,SA Water,False,Low,Moderate,76879.0,1485.62,0.019324,Low,0.0,1.9324,0,4
30.0,+30%,407031167,Renmark,Murray and Mallee,South Australia - South East,SA Water,False,Moderate,Critical,60422.0,1485.62,0.024587,Moderate,0.0,2.4587,0,3
30.0,+30%,407031168,Renmark Surrounds,Murray and Mallee,South Australia - South East,SA Water,False,Low,Moderate,86682.0,1485.62,0.017139,Low,0.0,1.7139,0,4
30.0,+30%,407031169,The Coorong,Murray and Mallee,South Australia - South East,SA Water,False,Moderate,High,64462.0,1485.62,0.023046,Moderate,0.0,2.3046,0,3
30.0,+30%,407031170,Waikerie,Murray and Mallee,South Australia - South East,SA Water,False,Moderate,Critical,61016.0,1485.62,0.024348,Moderate,0.0,2.4348,0,3
30.0,+30%,497979799,Migratory - Offshore - Shipping (SA),Migratory - Offshore - Shipping (SA),Migratory - Offshore - Shipping (SA),SA Water,False,Unknown,Unknown,,1485.62,,Unknown,,,0,5
30.0,+30%,499999499,No usual address (SA),No usual address (SA),No usual address (SA),SA Water,False,Unknown,Unknown,,1485.62,,Unknown,,,0,5
4.7,FY2025-26 water + supply only,401011001,Adelaide,Adelaide City,Adelaide - Central and Hills,SA Water,True,Low,Moderate,81098.0,1197.27,0.014763,Low,0.0,1.4763,0,4
4.7,FY2025-26 water + supply only,401011002,North Adelaide,Adelaide City,Adelaide - Central and Hills,SA Water,True,Low,Low,110923.0,1197.27,0.010794,Low,0.0,1.0794,0,4
4.7,FY2025-26 water + supply only,401021003,Adelaide Hills,Adelaide Hills,Adelaide - Central and Hills,SA Water,True,Low,Low,113180.0,1197.27,0.010578,Low,0.0,1.0578,0,4
4.7,FY2025-26 water + supply only,401021004,Aldgate - Stirling,Adelaide Hills,Adelaide - Central and Hills,SA Water,True,Low,Low,136470.0,1197.27,0.008773,Low,0.0,0.8773,0,4
4.7,FY2025-26 water + supply only,401021005,Hahndorf - Echunga,Adelaide Hills,Adelaide - Central and Hills,SA Water,True,Low,Low,114428.0,1197.27,0.010463,Low,0.0,1.0463,0,4
4.7,FY2025-26 water + supply only,401021006,Lobethal - Woodside,Adelaide Hills,Adelaide - Central and Hills,SA Water,True,Low,Moderate,100466.0,1197.27,0.011917,Low,0.0,1.1917,0,4
4.7,FY2025-26 water + supply only,401021007,Mount Barker,Adelaide Hills,Adelaide - Central and Hills,SA Water,True,Low,Moderate,100882.0,1197.27,0.011868,Low,0.0,1.1868,0,4
4.7,FY2025-26 water + supply only,401021008,Mount Barker Surrounds,Adelaide Hills,Adelaide - Central and Hills,SA Water,True,Low,Low,105991.0,1197.27,0.011296,Low,0.0,1.1296,0,4
4.7,FY2025-26 water + supply only,401021009,Nairne,Adelaide Hills,Adelaide - Central and Hills,SA Water,True,Low,Low,105516.0,1197.27,0.011347,Low,0.0,1.1347,0,4
4.7,FY2025-26 water + supply only,401021010,Uraidla - Summertown,Adelaide Hills,Adelaide - Central and Hills,SA Water,True,Low,Low,129578.0,1197.27,0.00924,Low,0.0,0.924,0,4
4.7,FY2025-26 water + supply only,401031011,Burnside - Wattle Park,Burnside,Adelaide - Central and Hills,SA Water,True,Low,Low,123934.0,1197.27,0.009661,Low,0.0,0.9661,0,4
4.7,FY2025-26 water + supply only,401031012,Beaumont - Glen Osmond,Burnside,Adelaide - Central and Hills,SA Water,True,Low,Low,138193.0,1197.27,0.008664,Low,0.0,0.8664,0,4
4.7,FY2025-26 water + supply only,401031013,Toorak Gardens,Burnside,Adelaide - Central and Hills,SA Water,True,Low,Low,114606.0,1197.27,0.010447,Low,0.0,1.0447,0,4
4.7,FY2025-26 water + supply only,401041014,Athelstone,Campbelltown (SA),Adelaide - Central and Hills,SA Water,True,Low,Low,115319.0,1197.27,0.010382,Low,0.0,1.0382,0,4
4.7,FY2025-26 water + supply only,401041015,Paradise - Newton,Campbelltown (SA),Adelaide - Central and Hills,SA Water,True,Low,Moderate,84781.0,1197.27,0.014122,Low,0.0,1.4122,0,4
4.7,FY2025-26 water + supply only,401041016,Rostrevor - Magill,Campbelltown (SA),Adelaide - Central and Hills,SA Water,True,Low,Moderate,97674.0,1197.27,0.012258,Low,0.0,1.2258,0,4
4.7,FY2025-26 water + supply only,401051017,Norwood (SA),Norwood - Payneham - St Peters,Adelaide - Central and Hills,SA Water,True,Low,Moderate,98208.0,1197.27,0.012191,Low,0.0,1.2191,0,4
4.7,FY2025-26 water + supply only,401051018,Payneham - Felixstow,Norwood - Payneham - St Peters,Adelaide - Central and Hills,SA Water,True,Low,Moderate,87692.0,1197.27,0.013653,Low,0.0,1.3653,0,4
4.7,FY2025-26 water + supply only,401051019,St Peters - Marden,Norwood - Payneham - St Peters,Adelaide - Central and Hills,SA Water,True,Low,Low,111636.0,1197.27,0.010725,Low,0.0,1.0725,0,4
4.7,FY2025-26 water + supply only,401061020,Nailsworth - Broadview,Prospect - Walkerville,Adelaide - Central and Hills,SA Water,True,Low,Low,116864.0,1197.27,0.010245,Low,0.0,1.0245,0,4
4.7,FY2025-26 water + supply only,401061021,Prospect,Prospect - Walkerville,Adelaide - Central and Hills,SA Water,True,Low,Low,119953.0,1197.27,0.009981,Low,0.0,0.9981,0,4
4.7,FY2025-26 water + supply only,401061022,Walkerville,Prospect - Walkerville,Adelaide - Central and Hills,SA Water,True,Low,Low,121914.0,1197.27,0.009821,Low,0.0,0.9821,0,4
4.7,FY2025-26 water + supply only,401071023,Goodwood - Millswood,Unley,Adelaide - Central and Hills,SA Water,True,Low,Low,118884.0,1197.27,0.010071,Low,0.0,1.0071,0,4
4.7,FY2025-26 water + supply only,401071024,Unley - Parkside,Unley,Adelaide - Central and Hills,SA Water,True,Low,Low,118706.0,1197.27,0.010086,Low,0.0,1.0086,0,4
4.7,FY2025-26 water + supply only,402011025,Gawler - North,Gawler - Two Wells,Adelaide - North,SA Water,True,Low,Low,105160.0,1197.27,0.011385,Low,0.0,1.1385,0,4
4.7,FY2025-26 water + supply only,402011026,Gawler - South,Gawler - Two Wells,Adelaide - North,SA Water,True,Low,Moderate,79375.0,1197.27,0.015084,Low,0.0,1.5084,0,4
4.7,FY2025-26 water + supply only,402011027,Lewiston - Two Wells,Gawler - Two Wells,Adelaide - North,SA Water,True,Low,Low,113358.0,1197.27,0.010562,Low,0.0,1.0562,0,4
4.7,FY2025-26 water + supply only,402021028,Craigmore - Blakeview,Playford,Adelaide - North,SA Water,True,Low,Moderate,95060.0,1197.27,0.012595,Low,0.0,1.2595,0,4
4.7,FY2025-26 water + supply only,402021029,Davoren Park,Playford,Adelaide - North,SA Water,True,Low,Moderate,68978.0,1197.27,0.017357,Low,0.0,1.7357,0,4
4.7,FY2025-26 water + supply only,402021030,Elizabeth,Playford,Adelaide - North,SA Water,True,Moderate,Critical,49134.0,1197.27,0.024367,Moderate,0.0,2.4367,0,3
4.7,FY2025-26 water + supply only,402021031,Elizabeth East,Playford,Adelaide - North,SA Water,True,Low,Moderate,70582.0,1197.27,0.016963,Low,0.0,1.6963,0,4
4.7,FY2025-26 water + supply only,402021032,Munno Para West - Angle Vale,Playford,Adelaide - North,SA Water,True,Low,Moderate,98208.0,1197.27,0.012191,Low,0.0,1.2191,0,4
4.7,FY2025-26 water + supply only,402021033,One Tree Hill,Playford,Adelaide - North,SA Water,True,Low,Low,135282.0,1197.27,0.00885,Low,0.0,0.885,0,4
4.7,FY2025-26 water + supply only,402021034,Smithfield - Elizabeth North,Playford,Adelaide - North,SA Water,True,Moderate,High,55788.0,1197.27,0.021461,Moderate,0.0,2.1461,0,3
4.7,FY2025-26 water + supply only,402021035,Virginia - Waterloo Corner,Playford,Adelaide - North,SA Water,True,Low,Moderate,82405.0,1197.27,0.014529,Low,0.0,1.4529,0,4
4.7,FY2025-26 water + supply only,402031036,Enfield - Blair Athol,Port Adelaide - East,Adelaide - North,SA Water,True,Low,Moderate,84841.0,1197.27,0.014112,Low,0.0,1.4112,0,4
4.7,FY2025-26 water + supply only,402031038,Windsor Gardens,Port Adelaide - East,Adelaide - North,SA Water,True,Low,Moderate,94762.0,1197.27,0.012634,Low,0.0,1.2634,0,4
4.7,FY2025-26 water + supply only,402031175,Northgate - Northfield,Port Adelaide - East,Adelaide - North,SA Water,True,Low,Low,104506.0,1197.27,0.011456,Low,0.0,1.1456,0,4
4.7,FY2025-26 water + supply only,402031176,Valley View - Gilles Plains,Port Adelaide - East,Adelaide - North,SA Water,True,Low,Moderate,87277.0,1197.27,0.013718,Low,0.0,1.3718,0,4
4.7,FY2025-26 water + supply only,402041039,Dry Creek - North,Salisbury,Adelaide - North,SA Water,True,Unknown,Unknown,,1197.27,,Unknown,,,0,5
4.7,FY2025-26 water + supply only,402041040,Ingle Farm,Salisbury,Adelaide - North,SA Water,True,Low,Moderate,79850.0,1197.27,0.014994,Low,0.0,1.4994,0,4
4.7,FY2025-26 water + supply only,402041041,Para Hills,Salisbury,Adelaide - North,SA Water,True,Low,Moderate,85791.0,1197.27,0.013956,Low,0.0,1.3956,0,4
4.7,FY2025-26 water + supply only,402041042,Parafield,Salisbury,Adelaide - North,SA Water,True,Unknown,Unknown,,1197.27,,Unknown,,,0,5
4.7,FY2025-26 water + supply only,402041043,Parafield Gardens,Salisbury,Adelaide - North,SA Water,True,Low,Moderate,82226.0,1197.27,0.014561,Low,0.0,1.4561,0,4
4.7,FY2025-26 water + supply only,402041044,Paralowie,Salisbury,Adelaide - North,SA Water,True,Low,Moderate,86623.0,1197.27,0.013822,Low,0.0,1.3822,0,4
4.7,FY2025-26 water + supply only,402041046,Salisbury,Salisbury,Adelaide - North,SA Water,True,Low,High,63630.0,1197.27,0.018816,Low,0.0,1.8816,0,4
4.7,FY2025-26 water + supply only,402041047,Salisbury East,Salisbury,Adelaide - North,SA Water,True,Low,Moderate,79553.0,1197.27,0.01505,Low,0.0,1.505,0,4
4.7,FY2025-26 water + supply only,402041048,Salisbury North,Salisbury,Adelaide - North,SA Water,True,Low,Moderate,74562.0,1197.27,0.016057,Low,0.0,1.6057,0,4
4.7,FY2025-26 water + supply only,402041171,Mawson Lakes - Globe Derby Park,Salisbury,Adelaide - North,SA Water,True,Low,Low,113656.0,1197.27,0.010534,Low,0.0,1.0534,0,4
4.7,FY2025-26 water + supply only,402041172,Pooraka - Cavan,Salisbury,Adelaide - North,SA Water,True,Low,Moderate,75038.0,1197.27,0.015956,Low,0.0,1.5956,0,4
4.7,FY2025-26 water + supply only,402051049,Golden Grove,Tea Tree Gully,Adelaide - North,SA Water,True,Low,Moderate,99456.0,1197.27,0.012038,Low,0.0,1.2038,0,4
4.7,FY2025-26 water + supply only,402051050,Greenwith,Tea Tree Gully,Adelaide - North,SA Water,True,Low,Low,115081.0,1197.27,0.010404,Low,0.0,1.0404,0,4
4.7,FY2025-26 water + supply only,402051051,Highbury - Dernancourt,Tea Tree Gully,Adelaide - North,SA Water,True,Low,Low,114071.0,1197.27,0.010496,Low,0.0,1.0496,0,4
4.7,FY2025-26 water + supply only,402051052,Hope Valley - Modbury,Tea Tree Gully,Adelaide - North,SA Water,True,Low,Moderate,78068.0,1197.27,0.015336,Low,0.0,1.5336,0,4
4.7,FY2025-26 water + supply only,402051053,Modbury Heights,Tea Tree Gully,Adelaide - North,SA Water,True,Low,Moderate,98446.0,1197.27,0.012162,Low,0.0,1.2162,0,4
4.7,FY2025-26 water + supply only,402051054,Redwood Park,Tea Tree Gully,Adelaide - North,SA Water,True,Low,Low,108011.0,1197.27,0.011085,Low,0.0,1.1085,0,4
4.7,FY2025-26 water + supply only,402051055,St Agnes - Ridgehaven,Tea Tree Gully,Adelaide - North,SA Water,True,Low,Moderate,88643.0,1197.27,0.013507,Low,0.0,1.3507,0,4
4.7,FY2025-26 water + supply only,403011056,Brighton (SA),Holdfast Bay,Adelaide - South,SA Water,True,Low,Moderate,99397.0,1197.27,0.012045,Low,0.0,1.2045,0,4
4.7,FY2025-26 water + supply only,403011057,Glenelg (SA),Holdfast Bay,Adelaide - South,SA Water,True,Low,Moderate,92802.0,1197.27,0.012901,Low,0.0,1.2901,0,4
4.7,FY2025-26 water + supply only,403021058,Edwardstown,Marion,Adelaide - South,SA Water,True,Low,Moderate,86267.0,1197.27,0.013879,Low,0.0,1.3879,0,4
4.7,FY2025-26 water + supply only,403021059,Hallett Cove,Marion,Adelaide - South,SA Water,True,Low,Low,111457.0,1197.27,0.010742,Low,0.0,1.0742,0,4
4.7,FY2025-26 water + supply only,403021060,Marino - Seaview Downs,Marion,Adelaide - South,SA Water,True,Low,Low,108190.0,1197.27,0.011066,Low,0.0,1.1066,0,4
4.7,FY2025-26 water + supply only,403021061,Mitchell Park,Marion,Adelaide - South,SA Water,True,Low,Moderate,77652.0,1197.27,0.015418,Low,0.0,1.5418,0,4
4.7,FY2025-26 water + supply only,403021062,Morphettville,Marion,Adelaide - South,SA Water,True,Low,Moderate,92327.0,1197.27,0.012968,Low,0.0,1.2968,0,4
4.7,FY2025-26 water + supply only,403021063,Sheidow Park - Trott Park,Marion,Adelaide - South,SA Water,True,Low,Low,114190.0,1197.27,0.010485,Low,0.0,1.0485,0,4
4.7,FY2025-26 water + supply only,403021064,Warradale,Marion,Adelaide - South,SA Water,True,Low,Moderate,84425.0,1197.27,0.014181,Low,0.0,1.4181,0,4
4.7,FY2025-26 water + supply only,403031065,Belair,Mitcham,Adelaide - South,SA Water,True,Low,Low,135044.0,1197.27,0.008866,Low,0.0,0.8866,0,4
4.7,FY2025-26 water + supply only,403031066,Bellevue Heights,Mitcham,Adelaide - South,SA Water,True,Low,Low,104803.0,1197.27,0.011424,Low,0.0,1.1424,0,4
4.7,FY2025-26 water + supply only,403031067,Blackwood,Mitcham,Adelaide - South,SA Water,True,Low,Low,125597.0,1197.27,0.009533,Low,0.0,0.9533,0,4
4.7,FY2025-26 water + supply only,403031068,Colonel Light Gardens,Mitcham,Adelaide - South,SA Water,True,Low,Low,119181.0,1197.27,0.010046,Low,0.0,1.0046,0,4
4.7,FY2025-26 water + supply only,403031069,Mitcham (SA),Mitcham,Adelaide - South,SA Water,True,Low,Low,130885.0,1197.27,0.009147,Low,0.0,0.9147,0,4
4.7,FY2025-26 water + supply only,403031070,Panorama,Mitcham,Adelaide - South,SA Water,True,Low,Moderate,90188.0,1197.27,0.013275,Low,0.0,1.3275,0,4
4.7,FY2025-26 water + supply only,403041071,Aberfoyle Park,Onkaparinga,Adelaide - South,SA Water,True,Low,Low,107358.0,1197.27,0.011152,Low,0.0,1.1152,0,4
4.7,FY2025-26 water + supply only,403041072,Aldinga,Onkaparinga,Adelaide - South,SA Water,True,Low,Moderate,78246.0,1197.27,0.015301,Low,0.0,1.5301,0,4
4.7,FY2025-26 water + supply only,403041073,Christie Downs,Onkaparinga,Adelaide - South,SA Water,True,Low,High,59115.0,1197.27,0.020253,Moderate,1.0,2.0253,1,3
4.7,FY2025-26 water + supply only,403041074,Christies Beach,Onkaparinga,Adelaide - South,SA Water,True,Low,Moderate,72483.0,1197.27,0.016518,Low,0.0,1.6518,0,4
4.7,FY2025-26 water + supply only,403041075,Clarendon,Onkaparinga,Adelaide - South,SA Water,True,Low,Low,120013.0,1197.27,0.009976,Low,0.0,0.9976,0,4
4.7,FY2025-26 water + supply only,403041076,Coromandel Valley,Onkaparinga,Adelaide - South,SA Water,True,Low,Low,132667.0,1197.27,0.009025,Low,0.0,0.9025,0,4
4.7,FY2025-26 water + supply only,403041077,Flagstaff Hill,Onkaparinga,Adelaide - South,SA Water,True,Low,Low,121498.0,1197.27,0.009854,Low,0.0,0.9854,0,4
4.7,FY2025-26 water + supply only,403041078,Hackham - Onkaparinga Hills,Onkaparinga,Adelaide - South,SA Water,True,Low,Moderate,80504.0,1197.27,0.014872,Low,0.0,1.4872,0,4
4.7,FY2025-26 water + supply only,403041079,Hackham West - Huntfield Heights,Onkaparinga,Adelaide - South,SA Water,True,Low,High,64165.0,1197.27,0.018659,Low,0.0,1.8659,0,4
4.7,FY2025-26 water + supply only,403041080,Happy Valley,Onkaparinga,Adelaide - South,SA Water,True,Low,Moderate,93158.0,1197.27,0.012852,Low,0.0,1.2852,0,4
4.7,FY2025-26 water + supply only,403041081,Happy Valley Reservoir,Onkaparinga,Adelaide - South,SA Water,True,Low,Moderate,81692.0,1197.27,0.014656,Low,0.0,1.4656,0,4
4.7,FY2025-26 water + supply only,403041082,Lonsdale,Onkaparinga,Adelaide - South,SA Water,True,Moderate,Critical,43074.0,1197.27,0.027796,Moderate,0.0,2.7796,0,3
4.7,FY2025-26 water + supply only,403041083,McLaren Vale,Onkaparinga,Adelaide - South,SA Water,True,Low,Moderate,97317.0,1197.27,0.012303,Low,0.0,1.2303,0,4
4.7,FY2025-26 water + supply only,403041084,Morphett Vale - East,Onkaparinga,Adelaide - South,SA Water,True,Low,Moderate,72958.0,1197.27,0.01641,Low,0.0,1.641,0,4
4.7,FY2025-26 water + supply only,403041085,Morphett Vale - West,Onkaparinga,Adelaide - South,SA Water,True,Low,Moderate,69096.0,1197.27,0.017328,Low,0.0,1.7328,0,4
4.7,FY2025-26 water + supply only,403041086,Reynella,Onkaparinga,Adelaide - South,SA Water,True,Low,Moderate,79256.0,1197.27,0.015106,Low,0.0,1.5106,0,4
4.7,FY2025-26 water + supply only,403041088,Willunga,Onkaparinga,Adelaide - South,SA Water,True,Low,Low,104268.0,1197.27,0.011483,Low,0.0,1.1483,0,4
4.7,FY2025-26 water + supply only,403041089,Woodcroft,Onkaparinga,Adelaide - South,SA Water,True,Low,Moderate,99337.0,1197.27,0.012053,Low,0.0,1.2053,0,4
4.7,FY2025-26 water + supply only,403041177,Seaford - Seaford Meadows,Onkaparinga,Adelaide - South,SA Water,True,Low,Moderate,87098.0,1197.27,0.013746,Low,0.0,1.3746,0,4
4.7,FY2025-26 water + supply only,403041178,Seaford Rise - Moana,Onkaparinga,Adelaide - South,SA Water,True,Low,Moderate,90366.0,1197.27,0.013249,Low,0.0,1.3249,0,4
4.7,FY2025-26 water + supply only,404011090,Beverley,Charles Sturt,Adelaide - West,SA Water,True,Low,Moderate,100704.0,1197.27,0.011889,Low,0.0,1.1889,0,4
4.7,FY2025-26 water + supply only,404011091,Flinders Park,Charles Sturt,Adelaide - West,SA Water,True,Low,Moderate,92861.0,1197.27,0.012893,Low,0.0,1.2893,0,4
4.7,FY2025-26 water + supply only,404011092,Henley Beach,Charles Sturt,Adelaide - West,SA Water,True,Low,Low,106110.0,1197.27,0.011283,Low,0.0,1.1283,0,4
4.7,FY2025-26 water + supply only,404011093,Hindmarsh - Brompton,Charles Sturt,Adelaide - West,SA Water,True,Low,Moderate,96901.0,1197.27,0.012356,Low,0.0,1.2356,0,4
4.7,FY2025-26 water + supply only,404011094,Royal Park - Hendon - Albert Park,Charles Sturt,Adelaide - West,SA Water,True,Low,Moderate,84781.0,1197.27,0.014122,Low,0.0,1.4122,0,4
4.7,FY2025-26 water + supply only,404011095,Seaton - Grange,Charles Sturt,Adelaide - West,SA Water,True,Low,Moderate,84662.0,1197.27,0.014142,Low,0.0,1.4142,0,4
4.7,FY2025-26 water + supply only,404011096,West Lakes,Charles Sturt,Adelaide - West,SA Water,True,Low,Moderate,89475.0,1197.27,0.013381,Low,0.0,1.3381,0,4
4.7,FY2025-26 water + supply only,404011097,Woodville - Cheltenham,Charles Sturt,Adelaide - West,SA Water,True,Low,Moderate,88584.0,1197.27,0.013516,Low,0.0,1.3516,0,4
4.7,FY2025-26 water + supply only,404021098,Dry Creek - South,Port Adelaide - West,Adelaide - West,SA Water,True,Unknown,Unknown,,1197.27,,Unknown,,,0,5
4.7,FY2025-26 water + supply only,404021099,Largs Bay - Semaphore,Port Adelaide - West,Adelaide - West,SA Water,True,Low,Moderate,94109.0,1197.27,0.012722,Low,0.0,1.2722,0,4
4.7,FY2025-26 water + supply only,404021100,North Haven,Port Adelaide - West,Adelaide - West,SA Water,True,Low,Moderate,84009.0,1197.27,0.014252,Low,0.0,1.4252,0,4
4.7,FY2025-26 water + supply only,404021101,Port Adelaide,Port Adelaide - West,Adelaide - West,SA Water,True,Low,Moderate,74087.0,1197.27,0.01616,Low,0.0,1.616,0,4
4.7,FY2025-26 water + supply only,404021102,The Parks,Port Adelaide - West,Adelaide - West,SA Water,True,Low,Moderate,77058.0,1197.27,0.015537,Low,0.0,1.5537,0,4
4.7,FY2025-26 water + supply only,404021103,Torrens Island,Port Adelaide - West,Adelaide - West,SA Water,True,Moderate,Critical,44500.0,1197.27,0.026905,Moderate,0.0,2.6905,0,3
4.7,FY2025-26 water + supply only,404031104,Adelaide Airport,West Torrens,Adelaide - West,SA Water,True,Unknown,Unknown,,1197.27,,Unknown,,,0,5
4.7,FY2025-26 water + supply only,404031105,Fulham,West Torrens,Adelaide - West,SA Water,True,Low,Low,104150.0,1197.27,0.011496,Low,0.0,1.1496,0,4
4.7,FY2025-26 water + supply only,404031106,Lockleys,West Torrens,Adelaide - West,SA Water,True,Low,Moderate,97139.0,1197.27,0.012325,Low,0.0,1.2325,0,4
4.7,FY2025-26 water + supply only,404031107,Plympton,West Torrens,Adelaide - West,SA Water,True,Low,Moderate,92148.0,1197.27,0.012993,Low,0.0,1.2993,0,4
4.7,FY2025-26 water + supply only,404031108,Richmond (SA),West Torrens,Adelaide - West,SA Water,True,Low,Moderate,92386.0,1197.27,0.012959,Low,0.0,1.2959,0,4
4.7,FY2025-26 water + supply only,404031109,West Beach,West Torrens,Adelaide - West,SA Water,True,Low,Low,103734.0,1197.27,0.011542,Low,0.0,1.1542,0,4
4.7,FY2025-26 water + supply only,405011110,Barossa - Angaston,Barossa,Barossa - Yorke - Mid North,SA Water,False,Low,Moderate,85613.0,1380.86,0.016129,Low,0.0,1.6129,0,4
4.7,FY2025-26 water + supply only,405011111,Light,Barossa,Barossa - Yorke - Mid North,SA Water,False,Low,Moderate,91732.0,1380.86,0.015053,Low,0.0,1.5053,0,4
4.7,FY2025-26 water + supply only,405011112,Lyndoch,Barossa,Barossa - Yorke - Mid North,SA Water,False,Low,Moderate,108546.0,1380.86,0.012721,Low,0.0,1.2721,0,4
4.7,FY2025-26 water + supply only,405011113,Mallala,Barossa,Barossa - Yorke - Mid North,SA Water,False,Low,Moderate,81335.0,1380.86,0.016977,Low,0.0,1.6977,0,4
4.7,FY2025-26 water + supply only,405011114,Nuriootpa,Barossa,Barossa - Yorke - Mid North,SA Water,False,Low,Moderate,78781.0,1380.86,0.017528,Low,0.0,1.7528,0,4
4.7,FY2025-26 water + supply only,405011115,Tanunda,Barossa,Barossa - Yorke - Mid North,SA Water,False,Low,Moderate,85910.0,1380.86,0.016073,Low,0.0,1.6073,0,4
4.7,FY2025-26 water + supply only,405021116,Clare,Lower North,Barossa - Yorke - Mid North,SA Water,False,Low,Moderate,81276.0,1380.86,0.01699,Low,0.0,1.699,0,4
4.7,FY2025-26 water + supply only,405021117,Gilbert Valley,Lower North,Barossa - Yorke - Mid North,SA Water,False,Low,High,74681.0,1380.86,0.01849,Low,0.0,1.849,0,4
4.7,FY2025-26 water + supply only,405021118,Goyder,Lower North,Barossa - Yorke - Mid North,SA Water,False,Moderate,Critical,54481.0,1380.86,0.025346,Moderate,0.0,2.5346,0,3
4.7,FY2025-26 water + supply only,405021119,Wakefield - Barunga West,Lower North,Barossa - Yorke - Mid North,SA Water,False,Moderate,High,64878.0,1380.86,0.021284,Moderate,0.0,2.1284,0,3
4.7,FY2025-26 water + supply only,405031120,Jamestown,Mid North,Barossa - Yorke - Mid North,SA Water,False,Low,High,68027.0,1380.86,0.020299,Moderate,1.0,2.0299,1,3
4.7,FY2025-26 water + supply only,405031121,Peterborough - Mount Remarkable,Mid North,Barossa - Yorke - Mid North,SA Water,False,Moderate,Critical,55313.0,1380.86,0.024964,Moderate,0.0,2.4964,0,3
4.7,FY2025-26 water + supply only,405031122,Port Pirie,Mid North,Barossa - Yorke - Mid North,SA Water,False,Moderate,Critical,62026.0,1380.86,0.022263,Moderate,0.0,2.2263,0,3
4.7,FY2025-26 water + supply only,405031123,Port Pirie Surrounds,Mid North,Barossa - Yorke - Mid North,SA Water,False,Low,High,68027.0,1380.86,0.020299,Moderate,1.0,2.0299,1,3
4.7,FY2025-26 water + supply only,405041124,Kadina,Yorke Peninsula,Barossa - Yorke - Mid North,SA Water,False,Low,High,68621.0,1380.86,0.020123,Moderate,1.0,2.0123,1,3
4.7,FY2025-26 water + supply only,405041125,Moonta,Yorke Peninsula,Barossa - Yorke - Mid North,SA Water,False,Moderate,Critical,57333.0,1380.86,0.024085,Moderate,0.0,2.4085,0,3
4.7,FY2025-26 water + supply only,405041126,Wallaroo,Yorke Peninsula,Barossa - Yorke - Mid North,SA Water,False,Moderate,Critical,54422.0,1380.86,0.025373,Moderate,0.0,2.5373,0,3
4.7,FY2025-26 water + supply only,405041127,Yorke Peninsula - North,Yorke Peninsula,Barossa - Yorke - Mid North,SA Water,False,Moderate,Critical,59590.0,1380.86,0.023173,Moderate,0.0,2.3173,0,3
4.7,FY2025-26 water + supply only,405041128,Yorke Peninsula - South,Yorke Peninsula,Barossa - Yorke - Mid North,SA Water,False,Moderate,Critical,52936.0,1380.86,0.026085,Moderate,0.0,2.6085,0,3
4.7,FY2025-26 water + supply only,406011129,Ceduna,Eyre Peninsula and South West,South Australia - Outback,SA Water,False,Low,Moderate,83534.0,1380.86,0.016531,Low,0.0,1.6531,0,4
4.7,FY2025-26 water + supply only,406011130,Eyre Peninsula,Eyre Peninsula and South West,South Australia - Outback,SA Water,False,Low,Moderate,77711.0,1380.86,0.017769,Low,0.0,1.7769,0,4
4.7,FY2025-26 water + supply only,406011131,Kimba - Cleve - Franklin Harbour,Eyre Peninsula and South West,South Australia - Outback,SA Water,False,Low,High,69869.0,1380.86,0.019764,Low,0.0,1.9764,0,4
4.7,FY2025-26 water + supply only,406011132,Le Hunte - Elliston,Eyre Peninsula and South West,South Australia - Outback,SA Water,False,Low,High,73374.0,1380.86,0.018819,Low,0.0,1.8819,0,4
4.7,FY2025-26 water + supply only,406011133,Port Lincoln,Eyre Peninsula and South West,South Australia - Outback,SA Water,False,Low,Moderate,77295.0,1380.86,0.017865,Low,0.0,1.7865,0,4
4.7,FY2025-26 water + supply only,406011134,West Coast (SA),Eyre Peninsula and South West,South Australia - Outback,SA Water,False,Low,High,68205.0,1380.86,0.020246,Moderate,1.0,2.0246,1,3
4.7,FY2025-26 water + supply only,406011135,Western,Eyre Peninsula and South West,South Australia - Outback,SA Water,False,Low,Moderate,77949.0,1380.86,0.017715,Low,0.0,1.7715,0,4
4.7,FY2025-26 water + supply only,406011136,Whyalla,Eyre Peninsula and South West,South Australia - Outback,SA Water,False,Low,High,70582.0,1380.86,0.019564,Low,0.0,1.9564,0,4
4.7,FY2025-26 water + supply only,406011137,Whyalla - North,Eyre Peninsula and South West,South Australia - Outback,SA Water,False,Unknown,Unknown,,1380.86,,Unknown,,,0,5
4.7,FY2025-26 water + supply only,406021138,APY Lands,Outback - North and East,South Australia - Outback,SA Water,False,Low,High,75216.0,1380.86,0.018359,Low,0.0,1.8359,0,4
4.7,FY2025-26 water + supply only,406021139,Coober Pedy,Outback - North and East,South Australia - Outback,Council,False,Unknown,Unknown,45391.0,,,Unknown,,,0,5
4.7,FY2025-26 water + supply only,406021140,Quorn - Lake Gilles,Outback - North and East,South Australia - Outback,SA Water,False,Moderate,High,62205.0,1380.86,0.022199,Moderate,0.0,2.2199,0,3
4.7,FY2025-26 water + supply only,406021141,Outback,Outback - North and East,South Australia - Outback,SA Water,False,Low,High,72126.0,1380.86,0.019145,Low,0.0,1.9145,0,4
4.7,FY2025-26 water + supply only,406021142,Port Augusta,Outback - North and East,South Australia - Outback,SA Water,False,Low,Moderate,75869.0,1380.86,0.018201,Low,0.0,1.8201,0,4
4.7,FY2025-26 water + supply only,406021143,Roxby Downs,Outback - North and East,South Australia - Outback,SA Water,False,Low,Low,186554.0,1380.86,0.007402,Low,0.0,0.7402,0,4
4.7,FY2025-26 water + supply only,407011144,Goolwa - Port Elliot,Fleurieu - Kangaroo Island,South Australia - South East,SA Water,False,Moderate,Critical,57630.0,1380.86,0.023961,Moderate,0.0,2.3961,0,3
4.7,FY2025-26 water + supply only,407011145,Kangaroo Island,Fleurieu - Kangaroo Island,South Australia - South East,SA Water,False,Moderate,High,67017.0,1380.86,0.020605,Moderate,0.0,2.0605,0,3
4.7,FY2025-26 water + supply only,407011146,Strathalbyn,Fleurieu - Kangaroo Island,South Australia - South East,SA Water,False,Low,Moderate,75869.0,1380.86,0.018201,Low,0.0,1.8201,0,4
4.7,FY2025-26 water + supply only,407011147,Strathalbyn Surrounds,Fleurieu - Kangaroo Island,South Australia - South East,SA Water,False,Low,Moderate,87871.0,1380.86,0.015715,Low,0.0,1.5715,0,4
4.7,FY2025-26 water + supply only,407011148,Victor Harbor,Fleurieu - Kangaroo Island,South Australia - South East,SA Water,False,Moderate,Critical,58046.0,1380.86,0.023789,Moderate,0.0,2.3789,0,3
4.7,FY2025-26 water + supply only,407011149,Yankalilla,Fleurieu - Kangaroo Island,South Australia - South East,SA Water,False,Moderate,High,64284.0,1380.86,0.021481,Moderate,0.0,2.1481,0,3
4.7,FY2025-26 water + supply only,407021150,Grant,Limestone Coast,South Australia - South East,SA Water,False,Low,Moderate,93990.0,1380.86,0.014692,Low,0.0,1.4692,0,4
4.7,FY2025-26 water + supply only,407021151,Kingston - Robe,Limestone Coast,South Australia - South East,SA Water,False,Low,High,71295.0,1380.86,0.019368,Low,0.0,1.9368,0,4
4.7,FY2025-26 water + supply only,407021152,Millicent,Limestone Coast,South Australia - South East,SA Water,False,Moderate,Critical,58699.0,1380.86,0.023524,Moderate,0.0,2.3524,0,3
4.7,FY2025-26 water + supply only,407021154,Naracoorte,Limestone Coast,South Australia - South East,SA Water,False,Low,Moderate,81811.0,1380.86,0.016879,Low,0.0,1.6879,0,4
4.7,FY2025-26 water + supply only,407021155,Naracoorte Surrounds,Limestone Coast,South Australia - South East,SA Water,False,Low,Moderate,96961.0,1380.86,0.014241,Low,0.0,1.4241,0,4
4.7,FY2025-26 water + supply only,407021156,Penola,Limestone Coast,South Australia - South East,SA Water,False,Low,Moderate,78068.0,1380.86,0.017688,Low,0.0,1.7688,0,4
4.7,FY2025-26 water + supply only,407021157,Tatiara,Limestone Coast,South Australia - South East,SA Water,False,Low,Moderate,87336.0,1380.86,0.015811,Low,0.0,1.5811,0,4
4.7,FY2025-26 water + supply only,407021158,Wattle Range,Limestone Coast,South Australia - South East,SA Water,False,Low,Moderate,80266.0,1380.86,0.017204,Low,0.0,1.7204,0,4
4.7,FY2025-26 water + supply only,407021173,Mount Gambier - East,Limestone Coast,South Australia - South East,SA Water,False,Low,Moderate,80088.0,1380.86,0.017242,Low,0.0,1.7242,0,4
4.7,FY2025-26 water + supply only,407021174,Mount Gambier - West,Limestone Coast,South Australia - South East,SA Water,False,Low,High,71889.0,1380.86,0.019208,Low,0.0,1.9208,0,4
4.7,FY2025-26 water + supply only,407031159,Barmera,Murray and Mallee,South Australia - South East,SA Water,False,Low,High,73968.0,1380.86,0.018668,Low,0.0,1.8668,0,4
4.7,FY2025-26 water + supply only,407031160,Berri,Murray and Mallee,South Australia - South East,SA Water,False,Moderate,Critical,61729.0,1380.86,0.02237,Moderate,0.0,2.237,0,3
4.7,FY2025-26 water + supply only,407031161,Karoonda - Lameroo,Murray and Mallee,South Australia - South East,SA Water,False,Low,High,70641.0,1380.86,0.019548,Low,0.0,1.9548,0,4
4.7,FY2025-26 water + supply only,407031162,Loxton,Murray and Mallee,South Australia - South East,SA Water,False,Low,High,71770.0,1380.86,0.01924,Low,0.0,1.924,0,4
4.7,FY2025-26 water + supply only,407031163,Loxton Surrounds,Murray and Mallee,South Australia - South East,SA Water,False,Low,Moderate,77236.0,1380.86,0.017878,Low,0.0,1.7878,0,4
4.7,FY2025-26 water + supply only,407031164,Mannum,Murray and Mallee,South Australia - South East,SA Water,False,Moderate,Critical,53530.0,1380.86,0.025796,Moderate,0.0,2.5796,0,3
4.7,FY2025-26 water + supply only,407031165,Murray Bridge,Murray and Mallee,South Australia - South East,SA Water,False,Moderate,High,63987.0,1380.86,0.02158,Moderate,0.0,2.158,0,3
4.7,FY2025-26 water + supply only,407031166,Murray Bridge Surrounds,Murray and Mallee,South Australia - South East,SA Water,False,Low,Moderate,76879.0,1380.86,0.017961,Low,0.0,1.7961,0,4
4.7,FY2025-26 water + supply only,407031167,Renmark,Murray and Mallee,South Australia - South East,SA Water,False,Moderate,Critical,60422.0,1380.86,0.022854,Moderate,0.0,2.2854,0,3
4.7,FY2025-26 water + supply only,407031168,Renmark Surrounds,Murray and Mallee,South Australia - South East,SA Water,False,Low,Moderate,86682.0,1380.86,0.01593,Low,0.0,1.593,0,4
4.7,FY2025-26 water + supply only,407031169,The Coorong,Murray and Mallee,South Australia - South East,SA Water,False,Moderate,High,64462.0,1380.86,0.021421,Moderate,0.0,2.1421,0,3
4.7,FY2025-26 water + supply only,407031170,Waikerie,Murray and Mallee,South Australia - South East,SA Water,False,Moderate,Critical,61016.0,1380.86,0.022631,Moderate,0.0,2.2631,0,3
4.7,FY2025-26 water + supply only,497979799,Migratory - Offshore - Shipping (SA),Migratory - Offshore - Shipping (SA),Migratory - Offshore - Shipping (SA),SA Water,False,Unknown,Unknown,,1380.86,,Unknown,,,0,5
4.7,FY2025-26 water + supply only,499999499,No usual address (SA),No usual address (SA),No usual address (SA),SA Water,False,Unknown,Unknown,,1380.86,,Unknown,,,0,5
