station_id,station_name,lat,lon,elev_m,year,annual_rainfall_mm
016005,CARRIEWERLOO STN,-32.4,137.23,175.0,1882,165.3
016005,CARRIEWERLOO STN,-32.4,137.23,175.0,1883,115.4
016005,CARRIEWERLOO STN,-32.4,137.23,175.0,1884,219.6
016005,CARRIEWERLOO STN,-32.4,137.23,175.0,1885,191.7
016005,CARRIEWERLOO STN,-32.4,137.23,175.0,1886,141.6
016005,CARRIEWERLOO STN,-32.4,137.23,175.0,1887,218.2
016005,CARRIEWERLOO STN,-32.4,137.23,175.0,1888,128.6
016005,CARRIEWERLOO STN,-32.4,137.23,175.0,1889,318.5
016005,CARRIEWERLOO STN,-32.4,137.23,175.0,1890,249.6
016005,CARRIEWERLOO STN,-32.4,137.23,175.0,1891,156.5
016005,CARRIEWERLOO STN,-32.4,137.23,175.0,1892,301.6
016005,CARRIEWERLOO STN,-32.4,137.23,175.0,1893,274.2
016005,CARRIEWERLOO STN,-32.4,137.23,175.0,1894,145.0
016005,CARRIEWERLOO STN,-32.4,137.23,175.0,1895,177.0
016005,CARRIEWERLOO STN,-32.4,137.23,175.0,1896,132.8
016005,CARRIEWERLOO STN,-32.4,137.23,175.0,1897,106.5
016005,CARRIEWERLOO STN,-32.4,137.23,175.0,1898,170.6
016005,CARRIEWERLOO STN,-32.4,137.23,175.0,1899,108.0
016005,CARRIEWERLOO STN,-32.4,137.23,175.0,1900,175.8
016005,CARRIEWERLOO STN,-32.4,137.23,175.0,1901,143.3
016005,CARRIEWERLOO STN,-32.4,137.23,175.0,1902,94.2
016005,CARRIEWERLOO STN,-32.4,137.23,175.0,1903,225.3
016005,CARRIEWERLOO STN,-32.4,137.23,175.0,1904,236.1
016005,CARRIEWERLOO STN,-32.4,137.23,175.0,1905,159.2
016005,CARRIEWERLOO STN,-32.4,137.23,175.0,1906,194.9
016005,CARRIEWERLOO STN,-32.4,137.23,175.0,1907,207.6
016005,CARRIEWERLOO STN,-32.4,137.23,175.0,1908,329.7
016005,CARRIEWERLOO STN,-32.4,137.23,175.0,1909,232.9
016005,CARRIEWERLOO STN,-32.4,137.23,175.0,1910,385.0
016005,CARRIEWERLOO STN,-32.4,137.23,175.0,1911,144.4
016005,CARRIEWERLOO STN,-32.4,137.23,175.0,1912,272.5
016005,CARRIEWERLOO STN,-32.4,137.23,175.0,1913,138.4
016005,CARRIEWERLOO STN,-32.4,137.23,175.0,1914,129.1
016005,CARRIEWERLOO STN,-32.4,137.23,175.0,1915,185.5
016005,CARRIEWERLOO STN,-32.4,137.23,175.0,1916,218.6
016005,CARRIEWERLOO STN,-32.4,137.23,175.0,1917,319.7
016005,CARRIEWERLOO STN,-32.4,137.23,175.0,1918,117.4
016005,CARRIEWERLOO STN,-32.4,137.23,175.0,1919,147.4
016005,CARRIEWERLOO STN,-32.4,137.23,175.0,1920,336.9
016005,CARRIEWERLOO STN,-32.4,137.23,175.0,1921,421.1
016005,CARRIEWERLOO STN,-32.4,137.23,175.0,1922,150.4
016005,CARRIEWERLOO STN,-32.4,137.23,175.0,1923,121.7
016005,CARRIEWERLOO STN,-32.4,137.23,175.0,1924,217.8
016005,CARRIEWERLOO STN,-32.4,137.23,175.0,1925,134.9
016005,CARRIEWERLOO STN,-32.4,137.23,175.0,1926,168.0
016005,CARRIEWERLOO STN,-32.4,137.23,175.0,1927,67.3
016005,CARRIEWERLOO STN,-32.4,137.23,175.0,1928,77.1
016005,CARRIEWERLOO STN,-32.4,137.23,175.0,1929,103.7
016005,CARRIEWERLOO STN,-32.4,137.23,175.0,1930,183.6
016005,CARRIEWERLOO STN,-32.4,137.23,175.0,1931,209.0
016005,CARRIEWERLOO STN,-32.4,137.23,175.0,1932,294.7
016005,CARRIEWERLOO STN,-32.4,137.23,175.0,1933,184.3
016005,CARRIEWERLOO STN,-32.4,137.23,175.0,1934,146.0
016005,CARRIEWERLOO STN,-32.4,137.23,175.0,1935,165.9
016005,CARRIEWERLOO STN,-32.4,137.23,175.0,1936,151.4
016005,CARRIEWERLOO STN,-32.4,137.23,175.0,1937,262.8
016005,CARRIEWERLOO STN,-32.4,137.23,175.0,1938,268.3
016005,CARRIEWERLOO STN,-32.4,137.23,175.0,1939,173.7
016005,CARRIEWERLOO STN,-32.4,137.23,175.0,1940,75.3
016005,CARRIEWERLOO STN,-32.4,137.23,175.0,1941,164.5
016005,CARRIEWERLOO STN,-32.4,137.23,175.0,1942,230.6
016005,CARRIEWERLOO STN,-32.4,137.23,175.0,1943,107.4
016005,CARRIEWERLOO STN,-32.4,137.23,175.0,1944,156.3
016005,CARRIEWERLOO STN,-32.4,137.23,175.0,1945,223.8
016005,CARRIEWERLOO STN,-32.4,137.23,175.0,1946,332.2
016005,CARRIEWERLOO STN,-32.4,137.23,175.0,1947,186.6
016005,CARRIEWERLOO STN,-32.4,137.23,175.0,1948,102.8
016005,CARRIEWERLOO STN,-32.4,137.23,175.0,1949,199.2
016005,CARRIEWERLOO STN,-32.4,137.23,175.0,1950,212.4
016005,CARRIEWERLOO STN,-32.4,137.23,175.0,1951,253.9
016005,CARRIEWERLOO STN,-32.4,137.23,175.0,1952,272.1
016005,CARRIEWERLOO STN,-32.4,137.23,175.0,1953,205.1
016005,CARRIEWERLOO STN,-32.4,137.23,175.0,1954,310.0
016005,CARRIEWERLOO STN,-32.4,137.23,175.0,1955,319.8
016005,CARRIEWERLOO STN,-32.4,137.23,175.0,1956,268.1
016005,CARRIEWERLOO STN,-32.4,137.23,175.0,1957,102.0
016005,CARRIEWERLOO STN,-32.4,137.23,175.0,1958,265.4
016005,CARRIEWERLOO STN,-32.4,137.23,175.0,1959,136.0
016005,CARRIEWERLOO STN,-32.4,137.23,175.0,1960,242.6
016005,CARRIEWERLOO STN,-32.4,137.23,175.0,1961,258.9
016005,CARRIEWERLOO STN,-32.4,137.23,175.0,1962,214.0
016005,CARRIEWERLOO STN,-32.4,137.23,175.0,1963,313.4
016005,CARRIEWERLOO STN,-32.4,137.23,175.0,1964,174.4
016005,CARRIEWERLOO STN,-32.4,137.23,175.0,1965,128.3
016005,CARRIEWERLOO STN,-32.4,137.23,175.0,1966,282.6
016005,CARRIEWERLOO STN,-32.4,137.23,175.0,1967,153.6
016005,CARRIEWERLOO STN,-32.4,137.23,175.0,1968,497.3
016005,CARRIEWERLOO STN,-32.4,137.23,175.0,1969,233.1
016005,CARRIEWERLOO STN,-32.4,137.23,175.0,1970,149.5
016005,CARRIEWERLOO STN,-32.4,137.23,175.0,1971,194.1
016005,CARRIEWERLOO STN,-32.4,137.23,175.0,1972,115.1
016005,CARRIEWERLOO STN,-32.4,137.23,175.0,1973,491.0
016005,CARRIEWERLOO STN,-32.4,137.23,175.0,1974,574.8
016005,CARRIEWERLOO STN,-32.4,137.23,175.0,1975,240.0
016005,CARRIEWERLOO STN,-32.4,137.23,175.0,1976,289.0
016005,CARRIEWERLOO STN,-32.4,137.23,175.0,1977,159.4
016005,CARRIEWERLOO STN,-32.4,137.23,175.0,1978,253.0
016005,CARRIEWERLOO STN,-32.4,137.23,175.0,1979,364.4
016005,CARRIEWERLOO STN,-32.4,137.23,175.0,1980,167.0
016005,CARRIEWERLOO STN,-32.4,137.23,175.0,1981,226.4
016005,CARRIEWERLOO STN,-32.4,137.23,175.0,1982,92.7
016005,CARRIEWERLOO STN,-32.4,137.23,175.0,1983,247.6
016005,CARRIEWERLOO STN,-32.4,137.23,175.0,1984,230.6
016005,CARRIEWERLOO STN,-32.4,137.23,175.0,1985,194.4
016005,CARRIEWERLOO STN,-32.4,137.23,175.0,1986,263.5
016005,CARRIEWERLOO STN,-32.4,137.23,175.0,1987,
016005,CARRIEWERLOO STN,-32.4,137.23,175.0,1988,180.2
016005,CARRIEWERLOO STN,-32.4,137.23,175.0,1989,330.6
016005,CARRIEWERLOO STN,-32.4,137.23,175.0,1990,206.0
016005,CARRIEWERLOO STN,-32.4,137.23,175.0,1991,214.6
016005,CARRIEWERLOO STN,-32.4,137.23,175.0,1992,584.7
016005,CARRIEWERLOO STN,-32.4,137.23,175.0,1993,235.0
016005,CARRIEWERLOO STN,-32.4,137.23,175.0,1994,149.0
016005,CARRIEWERLOO STN,-32.4,137.23,175.0,1995,204.0
016005,CARRIEWERLOO STN,-32.4,137.23,175.0,1996,182.0
016005,CARRIEWERLOO STN,-32.4,137.23,175.0,1997,
016005,CARRIEWERLOO STN,-32.4,137.23,175.0,1998,230.2
016005,CARRIEWERLOO STN,-32.4,137.23,175.0,1999,257.9
016005,CARRIEWERLOO STN,-32.4,137.23,175.0,2000,260.8
016005,CARRIEWERLOO STN,-32.4,137.23,175.0,2001,252.0
016005,CARRIEWERLOO STN,-32.4,137.23,175.0,2002,99.8
016005,CARRIEWERLOO STN,-32.4,137.23,175.0,2003,183.6
016005,CARRIEWERLOO STN,-32.4,137.23,175.0,2004,177.6
016005,CARRIEWERLOO STN,-32.4,137.23,175.0,2005,233.4
016005,CARRIEWERLOO STN,-32.4,137.23,175.0,2006,175.4
016005,CARRIEWERLOO STN,-32.4,137.23,175.0,2007,344.2
016005,CARRIEWERLOO STN,-32.4,137.23,175.0,2008,225.4
016005,CARRIEWERLOO STN,-32.4,137.23,175.0,2009,236.2
016005,CARRIEWERLOO STN,-32.4,137.23,175.0,2010,284.4
016005,CARRIEWERLOO STN,-32.4,137.23,175.0,2011,287.2
016005,CARRIEWERLOO STN,-32.4,137.23,175.0,2012,
016005,CARRIEWERLOO STN,-32.4,137.23,175.0,2013,166.2
016005,CARRIEWERLOO STN,-32.4,137.23,175.0,2014,
016005,CARRIEWERLOO STN,-32.4,137.23,175.0,2015,220.2
016005,CARRIEWERLOO STN,-32.4,137.23,175.0,2016,309.8
016005,CARRIEWERLOO STN,-32.4,137.23,175.0,2017,206.0
016005,CARRIEWERLOO STN,-32.4,137.23,175.0,2018,140.4
016005,CARRIEWERLOO STN,-32.4,137.23,175.0,2019,90.8
016005,CARRIEWERLOO STN,-32.4,137.23,175.0,2020,317.0
016005,CARRIEWERLOO STN,-32.4,137.23,175.0,2021,192.4
016005,CARRIEWERLOO STN,-32.4,137.23,175.0,2022,319.6
016005,CARRIEWERLOO STN,-32.4,137.23,175.0,2023,274.1
016005,CARRIEWERLOO STN,-32.4,137.23,175.0,2024,164.6
016005,CARRIEWERLOO STN,-32.4,137.23,175.0,2025,133.0
016006,COMMONWEALTH HILL,-29.94,134.15,181.0,1910,309.2
016006,COMMONWEALTH HILL,-29.94,134.15,181.0,1911,91.4
016006,COMMONWEALTH HILL,-29.94,134.15,181.0,1912,155.6
016006,COMMONWEALTH HILL,-29.94,134.15,181.0,1913,194.7
016006,COMMONWEALTH HILL,-29.94,134.15,181.0,1914,132.5
016006,COMMONWEALTH HILL,-29.94,134.15,181.0,1915,94.2
016006,COMMONWEALTH HILL,-29.94,134.15,181.0,1916,198.8
016006,COMMONWEALTH HILL,-29.94,134.15,181.0,1917,230.7
016006,COMMONWEALTH HILL,-29.94,134.15,181.0,1918,187.6
016006,COMMONWEALTH HILL,-29.94,134.15,181.0,1919,184.3
016006,COMMONWEALTH HILL,-29.94,134.15,181.0,1920,301.2
016006,COMMONWEALTH HILL,-29.94,134.15,181.0,1921,344.8
016006,COMMONWEALTH HILL,-29.94,134.15,181.0,1922,114.1
016006,COMMONWEALTH HILL,-29.94,134.15,181.0,1923,136.9
016006,COMMONWEALTH HILL,-29.94,134.15,181.0,1924,219.5
016006,COMMONWEALTH HILL,-29.94,134.15,181.0,1925,107.8
016006,COMMONWEALTH HILL,-29.94,134.15,181.0,1926,88.6
016006,COMMONWEALTH HILL,-29.94,134.15,181.0,1927,156.3
016006,COMMONWEALTH HILL,-29.94,134.15,181.0,1928,87.0
016006,COMMONWEALTH HILL,-29.94,134.15,181.0,1929,66.7
016006,COMMONWEALTH HILL,-29.94,134.15,181.0,1930,164.9
016006,COMMONWEALTH HILL,-29.94,134.15,181.0,1931,169.3
016006,COMMONWEALTH HILL,-29.94,134.15,181.0,1932,163.7
016006,COMMONWEALTH HILL,-29.94,134.15,181.0,1933,121.6
016006,COMMONWEALTH HILL,-29.94,134.15,181.0,1934,76.2
016006,COMMONWEALTH HILL,-29.94,134.15,181.0,1935,154.2
016006,COMMONWEALTH HILL,-29.94,134.15,181.0,1936,87.1
016006,COMMONWEALTH HILL,-29.94,134.15,181.0,1937,168.1
016006,COMMONWEALTH HILL,-29.94,134.15,181.0,1938,195.5
016006,COMMONWEALTH HILL,-29.94,134.15,181.0,1939,139.3
016006,COMMONWEALTH HILL,-29.94,134.15,181.0,1940,80.4
016006,COMMONWEALTH HILL,-29.94,134.15,181.0,1941,208.7
016006,COMMONWEALTH HILL,-29.94,134.15,181.0,1942,212.2
016006,COMMONWEALTH HILL,-29.94,134.15,181.0,1943,109.7
016006,COMMONWEALTH HILL,-29.94,134.15,181.0,1944,81.1
016006,COMMONWEALTH HILL,-29.94,134.15,181.0,1945,301.6
016006,COMMONWEALTH HILL,-29.94,134.15,181.0,1946,212.3
016006,COMMONWEALTH HILL,-29.94,134.15,181.0,1947,209.3
016006,COMMONWEALTH HILL,-29.94,134.15,181.0,1948,152.8
016006,COMMONWEALTH HILL,-29.94,134.15,181.0,1949,167.4
016006,COMMONWEALTH HILL,-29.94,134.15,181.0,1950,252.1
016006,COMMONWEALTH HILL,-29.94,134.15,181.0,1951,77.8
016006,COMMONWEALTH HILL,-29.94,134.15,181.0,1952,162.1
016006,COMMONWEALTH HILL,-29.94,134.15,181.0,1953,176.2
016006,COMMONWEALTH HILL,-29.94,134.15,181.0,1954,162.2
016006,COMMONWEALTH HILL,-29.94,134.15,181.0,1955,244.4
016006,COMMONWEALTH HILL,-29.94,134.15,181.0,1956,141.4
016006,COMMONWEALTH HILL,-29.94,134.15,181.0,1957,132.6
016006,COMMONWEALTH HILL,-29.94,134.15,181.0,1958,279.3
016006,COMMONWEALTH HILL,-29.94,134.15,181.0,1959,156.1
016006,COMMONWEALTH HILL,-29.94,134.15,181.0,1960,131.4
016006,COMMONWEALTH HILL,-29.94,134.15,181.0,1961,62.3
016006,COMMONWEALTH HILL,-29.94,134.15,181.0,1962,113.1
016006,COMMONWEALTH HILL,-29.94,134.15,181.0,1963,143.7
016006,COMMONWEALTH HILL,-29.94,134.15,181.0,1964,151.4
016006,COMMONWEALTH HILL,-29.94,134.15,181.0,1965,139.8
016006,COMMONWEALTH HILL,-29.94,134.15,181.0,1966,289.4
016006,COMMONWEALTH HILL,-29.94,134.15,181.0,1967,40.2
016006,COMMONWEALTH HILL,-29.94,134.15,181.0,1968,330.4
016006,COMMONWEALTH HILL,-29.94,134.15,181.0,1969,208.9
016006,COMMONWEALTH HILL,-29.94,134.15,181.0,1970,84.4
016006,COMMONWEALTH HILL,-29.94,134.15,181.0,1971,129.0
016006,COMMONWEALTH HILL,-29.94,134.15,181.0,1972,46.3
016006,COMMONWEALTH HILL,-29.94,134.15,181.0,1973,449.7
016006,COMMONWEALTH HILL,-29.94,134.15,181.0,1974,467.3
016006,COMMONWEALTH HILL,-29.94,134.15,181.0,1975,190.0
016006,COMMONWEALTH HILL,-29.94,134.15,181.0,1976,214.6
016006,COMMONWEALTH HILL,-29.94,134.15,181.0,1977,116.2
016006,COMMONWEALTH HILL,-29.94,134.15,181.0,1978,198.6
016006,COMMONWEALTH HILL,-29.94,134.15,181.0,1979,277.2
016006,COMMONWEALTH HILL,-29.94,134.15,181.0,1980,189.6
016006,COMMONWEALTH HILL,-29.94,134.15,181.0,1981,234.7
016006,COMMONWEALTH HILL,-29.94,134.15,181.0,1982,91.6
016006,COMMONWEALTH HILL,-29.94,134.15,181.0,1983,126.8
016006,COMMONWEALTH HILL,-29.94,134.15,181.0,1984,131.0
016006,COMMONWEALTH HILL,-29.94,134.15,181.0,1985,107.0
016006,COMMONWEALTH HILL,-29.94,134.15,181.0,1986,142.0
016006,COMMONWEALTH HILL,-29.94,134.15,181.0,1987,140.4
016006,COMMONWEALTH HILL,-29.94,134.15,181.0,1988,178.2
016006,COMMONWEALTH HILL,-29.94,134.15,181.0,1989,279.2
016006,COMMONWEALTH HILL,-29.94,134.15,181.0,1990,142.0
016006,COMMONWEALTH HILL,-29.94,134.15,181.0,1991,105.0
016006,COMMONWEALTH HILL,-29.94,134.15,181.0,1992,334.4
016006,COMMONWEALTH HILL,-29.94,134.15,181.0,1993,175.2
016006,COMMONWEALTH HILL,-29.94,134.15,181.0,1994,
016006,COMMONWEALTH HILL,-29.94,134.15,181.0,1995,212.6
016006,COMMONWEALTH HILL,-29.94,134.15,181.0,1996,133.6
016006,COMMONWEALTH HILL,-29.94,134.15,181.0,1997,
016006,COMMONWEALTH HILL,-29.94,134.15,181.0,1998,295.6
016006,COMMONWEALTH HILL,-29.94,134.15,181.0,1999,145.4
016006,COMMONWEALTH HILL,-29.94,134.15,181.0,2000,
016006,COMMONWEALTH HILL,-29.94,134.15,181.0,2001,
016006,COMMONWEALTH HILL,-29.94,134.15,181.0,2002,45.8
016006,COMMONWEALTH HILL,-29.94,134.15,181.0,2003,
016006,COMMONWEALTH HILL,-29.94,134.15,181.0,2004,158.2
016006,COMMONWEALTH HILL,-29.94,134.15,181.0,2005,129.4
016006,COMMONWEALTH HILL,-29.94,134.15,181.0,2006,79.8
016006,COMMONWEALTH HILL,-29.94,134.15,181.0,2007,221.2
016006,COMMONWEALTH HILL,-29.94,134.15,181.0,2008,135.8
016006,COMMONWEALTH HILL,-29.94,134.15,181.0,2009,188.3
016006,COMMONWEALTH HILL,-29.94,134.15,181.0,2010,242.9
016006,COMMONWEALTH HILL,-29.94,134.15,181.0,2011,224.7
016006,COMMONWEALTH HILL,-29.94,134.15,181.0,2012,58.7
016006,COMMONWEALTH HILL,-29.94,134.15,181.0,2013,167.7
016006,COMMONWEALTH HILL,-29.94,134.15,181.0,2014,135.2
016006,COMMONWEALTH HILL,-29.94,134.15,181.0,2015,112.4
016006,COMMONWEALTH HILL,-29.94,134.15,181.0,2016,261.0
016006,COMMONWEALTH HILL,-29.94,134.15,181.0,2017,221.0
016006,COMMONWEALTH HILL,-29.94,134.15,181.0,2018,125.0
016006,COMMONWEALTH HILL,-29.94,134.15,181.0,2019,50.8
016006,COMMONWEALTH HILL,-29.94,134.15,181.0,2020,175.8
016006,COMMONWEALTH HILL,-29.94,134.15,181.0,2021,156.4
016006,COMMONWEALTH HILL,-29.94,134.15,181.0,2022,
016006,COMMONWEALTH HILL,-29.94,134.15,181.0,2023,203.2
016006,COMMONWEALTH HILL,-29.94,134.15,181.0,2024,131.6
016006,COMMONWEALTH HILL,-29.94,134.15,181.0,2025,111.1
016009,COONDAMBO,-31.06,135.87,155.0,1886,93.4
016009,COONDAMBO,-31.06,135.87,155.0,1887,225.9
016009,COONDAMBO,-31.06,135.87,155.0,1888,97.4
016009,COONDAMBO,-31.06,135.87,155.0,1889,387.8
016009,COONDAMBO,-31.06,135.87,155.0,1890,227.5
016009,COONDAMBO,-31.06,135.87,155.0,1891,157.5
016009,COONDAMBO,-31.06,135.87,155.0,1892,185.0
016009,COONDAMBO,-31.06,135.87,155.0,1893,130.1
016009,COONDAMBO,-31.06,135.87,155.0,1894,92.2
016009,COONDAMBO,-31.06,135.87,155.0,1895,225.9
016009,COONDAMBO,-31.06,135.87,155.0,1896,163.9
016009,COONDAMBO,-31.06,135.87,155.0,1897,103.3
016009,COONDAMBO,-31.06,135.87,155.0,1898,137.1
016009,COONDAMBO,-31.06,135.87,155.0,1899,154.5
016009,COONDAMBO,-31.06,135.87,155.0,1900,100.9
016009,COONDAMBO,-31.06,135.87,155.0,1901,174.4
016009,COONDAMBO,-31.06,135.87,155.0,1902,85.2
016009,COONDAMBO,-31.06,135.87,155.0,1903,277.3
016009,COONDAMBO,-31.06,135.87,155.0,1904,182.8
016009,COONDAMBO,-31.06,135.87,155.0,1905,104.4
016009,COONDAMBO,-31.06,135.87,155.0,1906,177.4
016009,COONDAMBO,-31.06,135.87,155.0,1907,203.3
016009,COONDAMBO,-31.06,135.87,155.0,1908,251.6
016009,COONDAMBO,-31.06,135.87,155.0,1909,236.1
016009,COONDAMBO,-31.06,135.87,155.0,1910,306.1
016009,COONDAMBO,-31.06,135.87,155.0,1911,141.9
016009,COONDAMBO,-31.06,135.87,155.0,1912,216.5
016009,COONDAMBO,-31.06,135.87,155.0,1913,169.5
016009,COONDAMBO,-31.06,135.87,155.0,1914,110.6
016009,COONDAMBO,-31.06,135.87,155.0,1915,148.6
016009,COONDAMBO,-31.06,135.87,155.0,1916,196.1
016009,COONDAMBO,-31.06,135.87,155.0,1917,222.0
016009,COONDAMBO,-31.06,135.87,155.0,1918,144.0
016009,COONDAMBO,-31.06,135.87,155.0,1919,146.1
016009,COONDAMBO,-31.06,135.87,155.0,1920,324.9
016009,COONDAMBO,-31.06,135.87,155.0,1921,362.2
016009,COONDAMBO,-31.06,135.87,155.0,1922,117.9
016009,COONDAMBO,-31.06,135.87,155.0,1923,119.3
016009,COONDAMBO,-31.06,135.87,155.0,1924,169.1
016009,COONDAMBO,-31.06,135.87,155.0,1925,94.1
016009,COONDAMBO,-31.06,135.87,155.0,1926,112.9
016009,COONDAMBO,-31.06,135.87,155.0,1927,137.7
016009,COONDAMBO,-31.06,135.87,155.0,1928,49.9
016009,COONDAMBO,-31.06,135.87,155.0,1929,72.2
016009,COONDAMBO,-31.06,135.87,155.0,1930,154.2
016009,COONDAMBO,-31.06,135.87,155.0,1931,192.5
016009,COONDAMBO,-31.06,135.87,155.0,1932,181.9
016009,COONDAMBO,-31.06,135.87,155.0,1933,107.8
016009,COONDAMBO,-31.06,135.87,155.0,1934,132.3
016009,COONDAMBO,-31.06,135.87,155.0,1935,96.0
016009,COONDAMBO,-31.06,135.87,155.0,1936,88.0
016009,COONDAMBO,-31.06,135.87,155.0,1937,143.4
016009,COONDAMBO,-31.06,135.87,155.0,1938,226.1
016009,COONDAMBO,-31.06,135.87,155.0,1939,162.0
016009,COONDAMBO,-31.06,135.87,155.0,1940,42.2
016009,COONDAMBO,-31.06,135.87,155.0,1941,182.7
016009,COONDAMBO,-31.06,135.87,155.0,1942,128.6
016009,COONDAMBO,-31.06,135.87,155.0,1943,77.4
016009,COONDAMBO,-31.06,135.87,155.0,1944,69.9
016009,COONDAMBO,-31.06,135.87,155.0,1945,211.9
016009,COONDAMBO,-31.06,135.87,155.0,1946,349.1
016009,COONDAMBO,-31.06,135.87,155.0,1947,230.2
016009,COONDAMBO,-31.06,135.87,155.0,1948,52.4
016009,COONDAMBO,-31.06,135.87,155.0,1949,252.9
016009,COONDAMBO,-31.06,135.87,155.0,1950,254.3
016009,COONDAMBO,-31.06,135.87,155.0,1951,121.1
016009,COONDAMBO,-31.06,135.87,155.0,1952,185.7
016009,COONDAMBO,-31.06,135.87,155.0,1953,108.7
016009,COONDAMBO,-31.06,135.87,155.0,1954,201.3
016009,COONDAMBO,-31.06,135.87,155.0,1955,189.0
016009,COONDAMBO,-31.06,135.87,155.0,1956,221.7
016009,COONDAMBO,-31.06,135.87,155.0,1957,78.9
016009,COONDAMBO,-31.06,135.87,155.0,1958,205.7
016009,COONDAMBO,-31.06,135.87,155.0,1959,106.4
016009,COONDAMBO,-31.06,135.87,155.0,1960,170.8
016009,COONDAMBO,-31.06,135.87,155.0,1961,127.3
016009,COONDAMBO,-31.06,135.87,155.0,1962,91.5
016009,COONDAMBO,-31.06,135.87,155.0,1963,153.1
016009,COONDAMBO,-31.06,135.87,155.0,1964,133.0
016009,COONDAMBO,-31.06,135.87,155.0,1965,110.3
016009,COONDAMBO,-31.06,135.87,155.0,1966,199.0
016009,COONDAMBO,-31.06,135.87,155.0,1967,54.0
016009,COONDAMBO,-31.06,135.87,155.0,1968,237.7
016009,COONDAMBO,-31.06,135.87,155.0,1969,227.0
016009,COONDAMBO,-31.06,135.87,155.0,1970,113.2
016009,COONDAMBO,-31.06,135.87,155.0,1971,164.7
016009,COONDAMBO,-31.06,135.87,155.0,1972,57.2
016009,COONDAMBO,-31.06,135.87,155.0,1973,445.3
016009,COONDAMBO,-31.06,135.87,155.0,1974,502.8
016009,COONDAMBO,-31.06,135.87,155.0,1975,202.6
016009,COONDAMBO,-31.06,135.87,155.0,1976,173.0
016009,COONDAMBO,-31.06,135.87,155.0,1977,80.9
016009,COONDAMBO,-31.06,135.87,155.0,1978,140.8
016009,COONDAMBO,-31.06,135.87,155.0,1979,296.2
016009,COONDAMBO,-31.06,135.87,155.0,1980,112.2
016009,COONDAMBO,-31.06,135.87,155.0,1981,176.8
016009,COONDAMBO,-31.06,135.87,155.0,1982,68.0
016009,COONDAMBO,-31.06,135.87,155.0,1983,126.8
016009,COONDAMBO,-31.06,135.87,155.0,1984,134.0
016009,COONDAMBO,-31.06,135.87,155.0,1985,123.4
016009,COONDAMBO,-31.06,135.87,155.0,1986,167.8
016009,COONDAMBO,-31.06,135.87,155.0,1987,140.2
016009,COONDAMBO,-31.06,135.87,155.0,1988,148.6
016009,COONDAMBO,-31.06,135.87,155.0,1989,315.5
016009,COONDAMBO,-31.06,135.87,155.0,1990,236.8
016009,COONDAMBO,-31.06,135.87,155.0,1991,114.8
016009,COONDAMBO,-31.06,135.87,155.0,1992,488.8
016009,COONDAMBO,-31.06,135.87,155.0,1993,164.4
016009,COONDAMBO,-31.06,135.87,155.0,1994,86.2
016009,COONDAMBO,-31.06,135.87,155.0,1995,229.2
016009,COONDAMBO,-31.06,135.87,155.0,1996,148.6
016009,COONDAMBO,-31.06,135.87,155.0,1997,214.2
016009,COONDAMBO,-31.06,135.87,155.0,1998,260.7
016009,COONDAMBO,-31.06,135.87,155.0,1999,93.0
016009,COONDAMBO,-31.06,135.87,155.0,2000,201.7
016009,COONDAMBO,-31.06,135.87,155.0,2001,242.4
016009,COONDAMBO,-31.06,135.87,155.0,2002,44.2
016009,COONDAMBO,-31.06,135.87,155.0,2003,212.0
016009,COONDAMBO,-31.06,135.87,155.0,2004,126.4
016009,COONDAMBO,-31.06,135.87,155.0,2005,187.6
016009,COONDAMBO,-31.06,135.87,155.0,2006,76.0
016009,COONDAMBO,-31.06,135.87,155.0,2007,192.6
016009,COONDAMBO,-31.06,135.87,155.0,2008,
016009,COONDAMBO,-31.06,135.87,155.0,2009,
016009,COONDAMBO,-31.06,135.87,155.0,2010,209.8
016009,COONDAMBO,-31.06,135.87,155.0,2011,271.2
016009,COONDAMBO,-31.06,135.87,155.0,2012,91.2
016009,COONDAMBO,-31.06,135.87,155.0,2013,
016009,COONDAMBO,-31.06,135.87,155.0,2014,
016009,COONDAMBO,-31.06,135.87,155.0,2015,
016009,COONDAMBO,-31.06,135.87,155.0,2016,
016009,COONDAMBO,-31.06,135.87,155.0,2017,292.3
016009,COONDAMBO,-31.06,135.87,155.0,2018,160.5
016009,COONDAMBO,-31.06,135.87,155.0,2019,43.9
016022,KONDOOLKA,-32.0,134.88,271.0,1906,185.0
016022,KONDOOLKA,-32.0,134.88,271.0,1907,207.5
016022,KONDOOLKA,-32.0,134.88,271.0,1908,293.4
016022,KONDOOLKA,-32.0,134.88,271.0,1909,232.9
016022,KONDOOLKA,-32.0,134.88,271.0,1910,305.4
016022,KONDOOLKA,-32.0,134.88,271.0,1911,185.6
016022,KONDOOLKA,-32.0,134.88,271.0,1912,302.9
016022,KONDOOLKA,-32.0,134.88,271.0,1913,310.7
016022,KONDOOLKA,-32.0,134.88,271.0,1914,133.2
016022,KONDOOLKA,-32.0,134.88,271.0,1915,204.1
016022,KONDOOLKA,-32.0,134.88,271.0,1916,374.6
016022,KONDOOLKA,-32.0,134.88,271.0,1917,309.8
016022,KONDOOLKA,-32.0,134.88,271.0,1918,191.0
016022,KONDOOLKA,-32.0,134.88,271.0,1919,187.6
016022,KONDOOLKA,-32.0,134.88,271.0,1920,313.0
016022,KONDOOLKA,-32.0,134.88,271.0,1921,361.6
016022,KONDOOLKA,-32.0,134.88,271.0,1922,149.7
016022,KONDOOLKA,-32.0,134.88,271.0,1923,216.8
016022,KONDOOLKA,-32.0,134.88,271.0,1924,275.3
016022,KONDOOLKA,-32.0,134.88,271.0,1925,214.6
016022,KONDOOLKA,-32.0,134.88,271.0,1926,243.6
016022,KONDOOLKA,-32.0,134.88,271.0,1927,175.4
016022,KONDOOLKA,-32.0,134.88,271.0,1928,108.9
016022,KONDOOLKA,-32.0,134.88,271.0,1929,142.5
016022,KONDOOLKA,-32.0,134.88,271.0,1930,253.0
016022,KONDOOLKA,-32.0,134.88,271.0,1931,323.9
016022,KONDOOLKA,-32.0,134.88,271.0,1932,305.6
016022,KONDOOLKA,-32.0,134.88,271.0,1933,198.1
016022,KONDOOLKA,-32.0,134.88,271.0,1934,206.8
016022,KONDOOLKA,-32.0,134.88,271.0,1935,259.7
016022,KONDOOLKA,-32.0,134.88,271.0,1936,174.1
016022,KONDOOLKA,-32.0,134.88,271.0,1937,273.8
016022,KONDOOLKA,-32.0,134.88,271.0,1938,353.6
016022,KONDOOLKA,-32.0,134.88,271.0,1939,272.1
016022,KONDOOLKA,-32.0,134.88,271.0,1940,154.7
016022,KONDOOLKA,-32.0,134.88,271.0,1941,265.9
016022,KONDOOLKA,-32.0,134.88,271.0,1942,290.3
016022,KONDOOLKA,-32.0,134.88,271.0,1943,210.3
016022,KONDOOLKA,-32.0,134.88,271.0,1944,174.8
016022,KONDOOLKA,-32.0,134.88,271.0,1945,221.7
016022,KONDOOLKA,-32.0,134.88,271.0,1946,398.8
016022,KONDOOLKA,-32.0,134.88,271.0,1947,312.2
016022,KONDOOLKA,-32.0,134.88,271.0,1948,153.5
016022,KONDOOLKA,-32.0,134.88,271.0,1949,305.9
016022,KONDOOLKA,-32.0,134.88,271.0,1950,345.1
016022,KONDOOLKA,-32.0,134.88,271.0,1951,398.4
016022,KONDOOLKA,-32.0,134.88,271.0,1952,335.9
016022,KONDOOLKA,-32.0,134.88,271.0,1953,210.0
016022,KONDOOLKA,-32.0,134.88,271.0,1954,187.8
016022,KONDOOLKA,-32.0,134.88,271.0,1955,291.7
016022,KONDOOLKA,-32.0,134.88,271.0,1956,312.2
016022,KONDOOLKA,-32.0,134.88,271.0,1957,161.8
016022,KONDOOLKA,-32.0,134.88,271.0,1958,372.5
016022,KONDOOLKA,-32.0,134.88,271.0,1959,188.8
016022,KONDOOLKA,-32.0,134.88,271.0,1960,298.4
016022,KONDOOLKA,-32.0,134.88,271.0,1961,232.1
016022,KONDOOLKA,-32.0,134.88,271.0,1962,266.6
016022,KONDOOLKA,-32.0,134.88,271.0,1963,303.4
016022,KONDOOLKA,-32.0,134.88,271.0,1964,248.7
016022,KONDOOLKA,-32.0,134.88,271.0,1965,150.4
016022,KONDOOLKA,-32.0,134.88,271.0,1966,387.5
016022,KONDOOLKA,-32.0,134.88,271.0,1967,155.2
016022,KONDOOLKA,-32.0,134.88,271.0,1968,549.7
016022,KONDOOLKA,-32.0,134.88,271.0,1969,337.6
016022,KONDOOLKA,-32.0,134.88,271.0,1970,194.4
016022,KONDOOLKA,-32.0,134.88,271.0,1971,299.9
016022,KONDOOLKA,-32.0,134.88,271.0,1972,161.1
016022,KONDOOLKA,-32.0,134.88,271.0,1973,549.1
016022,KONDOOLKA,-32.0,134.88,271.0,1974,537.5
016022,KONDOOLKA,-32.0,134.88,271.0,1975,330.0
016022,KONDOOLKA,-32.0,134.88,271.0,1976,330.1
016022,KONDOOLKA,-32.0,134.88,271.0,1977,266.3
016022,KONDOOLKA,-32.0,134.88,271.0,1978,309.5
016022,KONDOOLKA,-32.0,134.88,271.0,1979,357.6
016022,KONDOOLKA,-32.0,134.88,271.0,1980,268.5
016022,KONDOOLKA,-32.0,134.88,271.0,1981,301.6
016022,KONDOOLKA,-32.0,134.88,271.0,1982,156.2
016022,KONDOOLKA,-32.0,134.88,271.0,1983,245.7
016022,KONDOOLKA,-32.0,134.88,271.0,1984,267.3
016022,KONDOOLKA,-32.0,134.88,271.0,1985,206.4
016022,KONDOOLKA,-32.0,134.88,271.0,1986,250.6
016022,KONDOOLKA,-32.0,134.88,271.0,1987,249.0
016022,KONDOOLKA,-32.0,134.88,271.0,1988,154.2
016022,KONDOOLKA,-32.0,134.88,271.0,1989,
016022,KONDOOLKA,-32.0,134.88,271.0,1990,283.4
016022,KONDOOLKA,-32.0,134.88,271.0,1991,262.4
016022,KONDOOLKA,-32.0,134.88,271.0,1992,471.8
016022,KONDOOLKA,-32.0,134.88,271.0,1993,284.4
016022,KONDOOLKA,-32.0,134.88,271.0,1994,
016022,KONDOOLKA,-32.0,134.88,271.0,1995,283.2
016022,KONDOOLKA,-32.0,134.88,271.0,1996,242.8
016022,KONDOOLKA,-32.0,134.88,271.0,1997,
016022,KONDOOLKA,-32.0,134.88,271.0,1998,284.4
016022,KONDOOLKA,-32.0,134.88,271.0,1999,250.0
016022,KONDOOLKA,-32.0,134.88,271.0,2000,299.6
016022,KONDOOLKA,-32.0,134.88,271.0,2001,335.9
016022,KONDOOLKA,-32.0,134.88,271.0,2002,171.3
016022,KONDOOLKA,-32.0,134.88,271.0,2003,249.5
016022,KONDOOLKA,-32.0,134.88,271.0,2004,237.7
016022,KONDOOLKA,-32.0,134.88,271.0,2005,
016022,KONDOOLKA,-32.0,134.88,271.0,2006,159.0
016022,KONDOOLKA,-32.0,134.88,271.0,2007,307.1
016022,KONDOOLKA,-32.0,134.88,271.0,2008,196.8
016022,KONDOOLKA,-32.0,134.88,271.0,2009,333.0
016022,KONDOOLKA,-32.0,134.88,271.0,2010,350.2
016022,KONDOOLKA,-32.0,134.88,271.0,2011,321.5
016022,KONDOOLKA,-32.0,134.88,271.0,2012,
016022,KONDOOLKA,-32.0,134.88,271.0,2013,285.7
016022,KONDOOLKA,-32.0,134.88,271.0,2014,
016022,KONDOOLKA,-32.0,134.88,271.0,2015,225.8
016022,KONDOOLKA,-32.0,134.88,271.0,2016,344.6
016022,KONDOOLKA,-32.0,134.88,271.0,2017,241.6
016022,KONDOOLKA,-32.0,134.88,271.0,2018,263.0
016022,KONDOOLKA,-32.0,134.88,271.0,2019,126.4
016022,KONDOOLKA,-32.0,134.88,271.0,2020,309.2
016022,KONDOOLKA,-32.0,134.88,271.0,2021,357.8
016027,MCDOUALL PEAK,-29.84,134.9,150.0,1910,291.6
016027,MCDOUALL PEAK,-29.84,134.9,150.0,1911,117.5
016027,MCDOUALL PEAK,-29.84,134.9,150.0,1912,167.2
016027,MCDOUALL PEAK,-29.84,134.9,150.0,1913,180.4
016027,MCDOUALL PEAK,-29.84,134.9,150.0,1914,71.4
016027,MCDOUALL PEAK,-29.84,134.9,150.0,1915,104.4
016027,MCDOUALL PEAK,-29.84,134.9,150.0,1916,200.7
016027,MCDOUALL PEAK,-29.84,134.9,150.0,1917,253.3
016027,MCDOUALL PEAK,-29.84,134.9,150.0,1918,113.8
016027,MCDOUALL PEAK,-29.84,134.9,150.0,1919,158.9
016027,MCDOUALL PEAK,-29.84,134.9,150.0,1920,382.8
016027,MCDOUALL PEAK,-29.84,134.9,150.0,1921,287.8
016027,MCDOUALL PEAK,-29.84,134.9,150.0,1922,202.4
016027,MCDOUALL PEAK,-29.84,134.9,150.0,1923,90.2
016027,MCDOUALL PEAK,-29.84,134.9,150.0,1924,112.2
016027,MCDOUALL PEAK,-29.84,134.9,150.0,1925,57.5
016027,MCDOUALL PEAK,-29.84,134.9,150.0,1926,172.6
016027,MCDOUALL PEAK,-29.84,134.9,150.0,1927,131.6
016027,MCDOUALL PEAK,-29.84,134.9,150.0,1928,70.3
016027,MCDOUALL PEAK,-29.84,134.9,150.0,1929,48.5
016027,MCDOUALL PEAK,-29.84,134.9,150.0,1930,160.3
016027,MCDOUALL PEAK,-29.84,134.9,150.0,1931,119.2
016027,MCDOUALL PEAK,-29.84,134.9,150.0,1932,199.1
016027,MCDOUALL PEAK,-29.84,134.9,150.0,1933,107.6
016027,MCDOUALL PEAK,-29.84,134.9,150.0,1934,78.8
016027,MCDOUALL PEAK,-29.84,134.9,150.0,1935,152.4
016027,MCDOUALL PEAK,-29.84,134.9,150.0,1936,88.4
016027,MCDOUALL PEAK,-29.84,134.9,150.0,1937,113.6
016027,MCDOUALL PEAK,-29.84,134.9,150.0,1938,188.3
016027,MCDOUALL PEAK,-29.84,134.9,150.0,1939,219.1
016027,MCDOUALL PEAK,-29.84,134.9,150.0,1940,67.6
016027,MCDOUALL PEAK,-29.84,134.9,150.0,1941,143.2
016027,MCDOUALL PEAK,-29.84,134.9,150.0,1942,128.6
016027,MCDOUALL PEAK,-29.84,134.9,150.0,1943,121.2
016027,MCDOUALL PEAK,-29.84,134.9,150.0,1944,55.6
016027,MCDOUALL PEAK,-29.84,134.9,150.0,1945,261.3
016027,MCDOUALL PEAK,-29.84,134.9,150.0,1946,180.0
016027,MCDOUALL PEAK,-29.84,134.9,150.0,1947,129.6
016027,MCDOUALL PEAK,-29.84,134.9,150.0,1948,136.4
016027,MCDOUALL PEAK,-29.84,134.9,150.0,1949,170.1
016027,MCDOUALL PEAK,-29.84,134.9,150.0,1950,213.7
016027,MCDOUALL PEAK,-29.84,134.9,150.0,1951,77.3
016027,MCDOUALL PEAK,-29.84,134.9,150.0,1952,166.5
016027,MCDOUALL PEAK,-29.84,134.9,150.0,1953,130.5
016027,MCDOUALL PEAK,-29.84,134.9,150.0,1954,229.0
016027,MCDOUALL PEAK,-29.84,134.9,150.0,1955,249.7
016027,MCDOUALL PEAK,-29.84,134.9,150.0,1956,152.5
016027,MCDOUALL PEAK,-29.84,134.9,150.0,1957,87.2
016027,MCDOUALL PEAK,-29.84,134.9,150.0,1958,219.7
016027,MCDOUALL PEAK,-29.84,134.9,150.0,1959,124.8
016027,MCDOUALL PEAK,-29.84,134.9,150.0,1960,117.3
016027,MCDOUALL PEAK,-29.84,134.9,150.0,1961,46.6
016027,MCDOUALL PEAK,-29.84,134.9,150.0,1962,77.0
016027,MCDOUALL PEAK,-29.84,134.9,150.0,1963,105.4
016027,MCDOUALL PEAK,-29.84,134.9,150.0,1964,75.9
016027,MCDOUALL PEAK,-29.84,134.9,150.0,1965,94.9
016027,MCDOUALL PEAK,-29.84,134.9,150.0,1966,212.9
016027,MCDOUALL PEAK,-29.84,134.9,150.0,1967,45.1
016027,MCDOUALL PEAK,-29.84,134.9,150.0,1968,185.2
016027,MCDOUALL PEAK,-29.84,134.9,150.0,1969,239.4
016027,MCDOUALL PEAK,-29.84,134.9,150.0,1970,53.5
016027,MCDOUALL PEAK,-29.84,134.9,150.0,1971,184.9
016027,MCDOUALL PEAK,-29.84,134.9,150.0,1972,72.9
016027,MCDOUALL PEAK,-29.84,134.9,150.0,1973,403.8
016027,MCDOUALL PEAK,-29.84,134.9,150.0,1974,309.9
016027,MCDOUALL PEAK,-29.84,134.9,150.0,1975,167.2
016027,MCDOUALL PEAK,-29.84,134.9,150.0,1976,178.7
016027,MCDOUALL PEAK,-29.84,134.9,150.0,1977,91.8
016027,MCDOUALL PEAK,-29.84,134.9,150.0,1978,196.0
016027,MCDOUALL PEAK,-29.84,134.9,150.0,1979,276.4
016027,MCDOUALL PEAK,-29.84,134.9,150.0,1980,126.2
016027,MCDOUALL PEAK,-29.84,134.9,150.0,1981,224.2
016027,MCDOUALL PEAK,-29.84,134.9,150.0,1982,84.0
016027,MCDOUALL PEAK,-29.84,134.9,150.0,1983,88.6
016027,MCDOUALL PEAK,-29.84,134.9,150.0,1984,131.6
016027,MCDOUALL PEAK,-29.84,134.9,150.0,1985,144.8
016027,MCDOUALL PEAK,-29.84,134.9,150.0,1986,128.0
016027,MCDOUALL PEAK,-29.84,134.9,150.0,1987,
016027,MCDOUALL PEAK,-29.84,134.9,150.0,1988,164.2
016027,MCDOUALL PEAK,-29.84,134.9,150.0,1989,309.8
016027,MCDOUALL PEAK,-29.84,134.9,150.0,1990,160.2
016027,MCDOUALL PEAK,-29.84,134.9,150.0,1991,100.1
016027,MCDOUALL PEAK,-29.84,134.9,150.0,1992,325.2
016027,MCDOUALL PEAK,-29.84,134.9,150.0,1993,185.8
016027,MCDOUALL PEAK,-29.84,134.9,150.0,1994,83.8
016027,MCDOUALL PEAK,-29.84,134.9,150.0,1995,152.0
016027,MCDOUALL PEAK,-29.84,134.9,150.0,1996,137.4
016027,MCDOUALL PEAK,-29.84,134.9,150.0,1997,218.4
016027,MCDOUALL PEAK,-29.84,134.9,150.0,1998,236.8
016027,MCDOUALL PEAK,-29.84,134.9,150.0,1999,117.1
016027,MCDOUALL PEAK,-29.84,134.9,150.0,2000,113.3
016027,MCDOUALL PEAK,-29.84,134.9,150.0,2001,125.4
016027,MCDOUALL PEAK,-29.84,134.9,150.0,2002,29.0
016027,MCDOUALL PEAK,-29.84,134.9,150.0,2003,
016027,MCDOUALL PEAK,-29.84,134.9,150.0,2004,164.6
016027,MCDOUALL PEAK,-29.84,134.9,150.0,2005,96.1
016027,MCDOUALL PEAK,-29.84,134.9,150.0,2006,76.8
016027,MCDOUALL PEAK,-29.84,134.9,150.0,2007,192.5
016027,MCDOUALL PEAK,-29.84,134.9,150.0,2008,104.2
016027,MCDOUALL PEAK,-29.84,134.9,150.0,2009,98.5
016027,MCDOUALL PEAK,-29.84,134.9,150.0,2010,241.6
016027,MCDOUALL PEAK,-29.84,134.9,150.0,2011,
016027,MCDOUALL PEAK,-29.84,134.9,150.0,2012,
016027,MCDOUALL PEAK,-29.84,134.9,150.0,2013,
016027,MCDOUALL PEAK,-29.84,134.9,150.0,2014,111.4
016027,MCDOUALL PEAK,-29.84,134.9,150.0,2015,
016027,MCDOUALL PEAK,-29.84,134.9,150.0,2016,
016027,MCDOUALL PEAK,-29.84,134.9,150.0,2017,
016027,MCDOUALL PEAK,-29.84,134.9,150.0,2018,
016027,MCDOUALL PEAK,-29.84,134.9,150.0,2019,30.4
016027,MCDOUALL PEAK,-29.84,134.9,150.0,2020,
016027,MCDOUALL PEAK,-29.84,134.9,150.0,2021,
016027,MCDOUALL PEAK,-29.84,134.9,150.0,2022,302.9
016027,MCDOUALL PEAK,-29.84,134.9,150.0,2023,186.6
016027,MCDOUALL PEAK,-29.84,134.9,150.0,2024,
016027,MCDOUALL PEAK,-29.84,134.9,150.0,2025,92.0
016028,MILLERS CREEK,-30.0,136.04,120.0,1910,240.5
016028,MILLERS CREEK,-30.0,136.04,120.0,1911,142.2
016028,MILLERS CREEK,-30.0,136.04,120.0,1912,81.9
016028,MILLERS CREEK,-30.0,136.04,120.0,1913,156.3
016028,MILLERS CREEK,-30.0,136.04,120.0,1914,122.0
016028,MILLERS CREEK,-30.0,136.04,120.0,1915,59.6
016028,MILLERS CREEK,-30.0,136.04,120.0,1916,172.9
016028,MILLERS CREEK,-30.0,136.04,120.0,1917,148.3
016028,MILLERS CREEK,-30.0,136.04,120.0,1918,52.4
016028,MILLERS CREEK,-30.0,136.04,120.0,1919,69.3
016028,MILLERS CREEK,-30.0,136.04,120.0,1920,284.3
016028,MILLERS CREEK,-30.0,136.04,120.0,1921,218.7
016028,MILLERS CREEK,-30.0,136.04,120.0,1922,159.5
016028,MILLERS CREEK,-30.0,136.04,120.0,1923,126.1
016028,MILLERS CREEK,-30.0,136.04,120.0,1924,113.4
016028,MILLERS CREEK,-30.0,136.04,120.0,1925,69.0
016028,MILLERS CREEK,-30.0,136.04,120.0,1926,141.5
016028,MILLERS CREEK,-30.0,136.04,120.0,1927,85.3
016028,MILLERS CREEK,-30.0,136.04,120.0,1928,103.1
016028,MILLERS CREEK,-30.0,136.04,120.0,1929,48.8
016028,MILLERS CREEK,-30.0,136.04,120.0,1930,154.5
016028,MILLERS CREEK,-30.0,136.04,120.0,1931,126.6
016028,MILLERS CREEK,-30.0,136.04,120.0,1932,146.3
016028,MILLERS CREEK,-30.0,136.04,120.0,1933,85.4
016028,MILLERS CREEK,-30.0,136.04,120.0,1934,72.2
016028,MILLERS CREEK,-30.0,136.04,120.0,1935,154.9
016028,MILLERS CREEK,-30.0,136.04,120.0,1936,109.7
016028,MILLERS CREEK,-30.0,136.04,120.0,1937,154.8
016028,MILLERS CREEK,-30.0,136.04,120.0,1938,185.6
016028,MILLERS CREEK,-30.0,136.04,120.0,1939,209.1
016028,MILLERS CREEK,-30.0,136.04,120.0,1940,32.1
016028,MILLERS CREEK,-30.0,136.04,120.0,1941,83.3
016028,MILLERS CREEK,-30.0,136.04,120.0,1942,53.8
016028,MILLERS CREEK,-30.0,136.04,120.0,1943,44.2
016028,MILLERS CREEK,-30.0,136.04,120.0,1944,29.0
016028,MILLERS CREEK,-30.0,136.04,120.0,1945,194.9
016028,MILLERS CREEK,-30.0,136.04,120.0,1946,227.1
016028,MILLERS CREEK,-30.0,136.04,120.0,1947,160.2
016028,MILLERS CREEK,-30.0,136.04,120.0,1948,61.9
016028,MILLERS CREEK,-30.0,136.04,120.0,1949,161.9
016028,MILLERS CREEK,-30.0,136.04,120.0,1950,246.7
016028,MILLERS CREEK,-30.0,136.04,120.0,1951,138.4
016028,MILLERS CREEK,-30.0,136.04,120.0,1952,98.0
016028,MILLERS CREEK,-30.0,136.04,120.0,1953,108.9
016028,MILLERS CREEK,-30.0,136.04,120.0,1954,141.2
016028,MILLERS CREEK,-30.0,136.04,120.0,1955,173.7
016028,MILLERS CREEK,-30.0,136.04,120.0,1956,113.1
016028,MILLERS CREEK,-30.0,136.04,120.0,1957,96.8
016028,MILLERS CREEK,-30.0,136.04,120.0,1958,171.6
016028,MILLERS CREEK,-30.0,136.04,120.0,1959,89.5
016028,MILLERS CREEK,-30.0,136.04,120.0,1960,98.9
016028,MILLERS CREEK,-30.0,136.04,120.0,1961,40.4
016028,MILLERS CREEK,-30.0,136.04,120.0,1962,48.3
016028,MILLERS CREEK,-30.0,136.04,120.0,1963,104.6
016028,MILLERS CREEK,-30.0,136.04,120.0,1964,103.8
016028,MILLERS CREEK,-30.0,136.04,120.0,1965,62.8
016028,MILLERS CREEK,-30.0,136.04,120.0,1966,178.9
016028,MILLERS CREEK,-30.0,136.04,120.0,1967,48.0
016028,MILLERS CREEK,-30.0,136.04,120.0,1968,191.0
016028,MILLERS CREEK,-30.0,136.04,120.0,1969,143.1
016028,MILLERS CREEK,-30.0,136.04,120.0,1970,57.9
016028,MILLERS CREEK,-30.0,136.04,120.0,1971,169.5
016028,MILLERS CREEK,-30.0,136.04,120.0,1972,52.5
016028,MILLERS CREEK,-30.0,136.04,120.0,1973,386.7
016028,MILLERS CREEK,-30.0,136.04,120.0,1974,372.2
016028,MILLERS CREEK,-30.0,136.04,120.0,1975,247.3
016028,MILLERS CREEK,-30.0,136.04,120.0,1976,216.8
016028,MILLERS CREEK,-30.0,136.04,120.0,1977,52.0
016028,MILLERS CREEK,-30.0,136.04,120.0,1978,171.8
016028,MILLERS CREEK,-30.0,136.04,120.0,1979,357.2
016028,MILLERS CREEK,-30.0,136.04,120.0,1980,121.0
016028,MILLERS CREEK,-30.0,136.04,120.0,1981,162.4
016028,MILLERS CREEK,-30.0,136.04,120.0,1982,63.4
016028,MILLERS CREEK,-30.0,136.04,120.0,1983,77.9
016028,MILLERS CREEK,-30.0,136.04,120.0,1984,173.7
016028,MILLERS CREEK,-30.0,136.04,120.0,1985,133.2
016028,MILLERS CREEK,-30.0,136.04,120.0,1986,151.2
016028,MILLERS CREEK,-30.0,136.04,120.0,1987,200.6
016028,MILLERS CREEK,-30.0,136.04,120.0,1988,142.5
016028,MILLERS CREEK,-30.0,136.04,120.0,1989,355.5
016028,MILLERS CREEK,-30.0,136.04,120.0,1990,97.3
016028,MILLERS CREEK,-30.0,136.04,120.0,1991,129.9
016028,MILLERS CREEK,-30.0,136.04,120.0,1992,325.6
016028,MILLERS CREEK,-30.0,136.04,120.0,1993,129.9
016028,MILLERS CREEK,-30.0,136.04,120.0,1994,96.8
016028,MILLERS CREEK,-30.0,136.04,120.0,1995,
016028,MILLERS CREEK,-30.0,136.04,120.0,1996,122.2
016028,MILLERS CREEK,-30.0,136.04,120.0,1997,
016028,MILLERS CREEK,-30.0,136.04,120.0,1998,183.2
016028,MILLERS CREEK,-30.0,136.04,120.0,1999,107.3
016028,MILLERS CREEK,-30.0,136.04,120.0,2000,167.2
016028,MILLERS CREEK,-30.0,136.04,120.0,2001,210.7
016028,MILLERS CREEK,-30.0,136.04,120.0,2002,48.4
016028,MILLERS CREEK,-30.0,136.04,120.0,2003,148.2
016028,MILLERS CREEK,-30.0,136.04,120.0,2004,
016028,MILLERS CREEK,-30.0,136.04,120.0,2005,77.0
016028,MILLERS CREEK,-30.0,136.04,120.0,2006,83.0
016028,MILLERS CREEK,-30.0,136.04,120.0,2007,118.9
016028,MILLERS CREEK,-30.0,136.04,120.0,2008,119.0
016028,MILLERS CREEK,-30.0,136.04,120.0,2009,127.0
016028,MILLERS CREEK,-30.0,136.04,120.0,2010,222.2
016028,MILLERS CREEK,-30.0,136.04,120.0,2011,225.7
016028,MILLERS CREEK,-30.0,136.04,120.0,2012,
016028,MILLERS CREEK,-30.0,136.04,120.0,2013,114.0
016028,MILLERS CREEK,-30.0,136.04,120.0,2014,104.2
016028,MILLERS CREEK,-30.0,136.04,120.0,2015,127.1
016028,MILLERS CREEK,-30.0,136.04,120.0,2016,197.2
016028,MILLERS CREEK,-30.0,136.04,120.0,2017,158.5
016028,MILLERS CREEK,-30.0,136.04,120.0,2018,48.5
016032,NONNING,-32.52,136.49,205.0,1903,264.7
016032,NONNING,-32.52,136.49,205.0,1904,232.6
016032,NONNING,-32.52,136.49,205.0,1905,176.6
016032,NONNING,-32.52,136.49,205.0,1906,227.0
016032,NONNING,-32.52,136.49,205.0,1907,184.2
016032,NONNING,-32.52,136.49,205.0,1908,356.9
016032,NONNING,-32.52,136.49,205.0,1909,169.4
016032,NONNING,-32.52,136.49,205.0,1910,328.3
016032,NONNING,-32.52,136.49,205.0,1911,144.0
016032,NONNING,-32.52,136.49,205.0,1912,278.1
016032,NONNING,-32.52,136.49,205.0,1913,237.0
016032,NONNING,-32.52,136.49,205.0,1914,128.9
016032,NONNING,-32.52,136.49,205.0,1915,221.1
016032,NONNING,-32.52,136.49,205.0,1916,349.7
016032,NONNING,-32.52,136.49,205.0,1917,315.4
016032,NONNING,-32.52,136.49,205.0,1918,179.3
016032,NONNING,-32.52,136.49,205.0,1919,204.0
016032,NONNING,-32.52,136.49,205.0,1920,327.0
016032,NONNING,-32.52,136.49,205.0,1921,460.8
016032,NONNING,-32.52,136.49,205.0,1922,142.8
016032,NONNING,-32.52,136.49,205.0,1923,215.6
016032,NONNING,-32.52,136.49,205.0,1924,218.0
016032,NONNING,-32.52,136.49,205.0,1925,156.5
016032,NONNING,-32.52,136.49,205.0,1926,237.2
016032,NONNING,-32.52,136.49,205.0,1927,99.6
016032,NONNING,-32.52,136.49,205.0,1928,92.3
016032,NONNING,-32.52,136.49,205.0,1929,110.0
016032,NONNING,-32.52,136.49,205.0,1930,172.1
016032,NONNING,-32.52,136.49,205.0,1931,222.1
016032,NONNING,-32.52,136.49,205.0,1932,213.8
016032,NONNING,-32.52,136.49,205.0,1933,168.0
016032,NONNING,-32.52,136.49,205.0,1934,230.0
016032,NONNING,-32.52,136.49,205.0,1935,218.0
016032,NONNING,-32.52,136.49,205.0,1936,187.1
016032,NONNING,-32.52,136.49,205.0,1937,207.3
016032,NONNING,-32.52,136.49,205.0,1938,231.3
016032,NONNING,-32.52,136.49,205.0,1939,198.5
016032,NONNING,-32.52,136.49,205.0,1940,118.6
016032,NONNING,-32.52,136.49,205.0,1941,240.8
016032,NONNING,-32.52,136.49,205.0,1942,325.3
016032,NONNING,-32.52,136.49,205.0,1943,142.1
016032,NONNING,-32.52,136.49,205.0,1944,198.7
016032,NONNING,-32.52,136.49,205.0,1945,146.7
016032,NONNING,-32.52,136.49,205.0,1946,375.4
016032,NONNING,-32.52,136.49,205.0,1947,296.9
016032,NONNING,-32.52,136.49,205.0,1948,128.3
016032,NONNING,-32.52,136.49,205.0,1949,230.5
016032,NONNING,-32.52,136.49,205.0,1950,266.2
016032,NONNING,-32.52,136.49,205.0,1951,247.2
016032,NONNING,-32.52,136.49,205.0,1952,283.7
016032,NONNING,-32.52,136.49,205.0,1953,242.6
016032,NONNING,-32.52,136.49,205.0,1954,280.9
016032,NONNING,-32.52,136.49,205.0,1955,412.2
016032,NONNING,-32.52,136.49,205.0,1956,411.6
016032,NONNING,-32.52,136.49,205.0,1957,137.8
016032,NONNING,-32.52,136.49,205.0,1958,305.3
016032,NONNING,-32.52,136.49,205.0,1959,159.2
016032,NONNING,-32.52,136.49,205.0,1960,356.9
016032,NONNING,-32.52,136.49,205.0,1961,220.8
016032,NONNING,-32.52,136.49,205.0,1962,228.7
016032,NONNING,-32.52,136.49,205.0,1963,266.8
016032,NONNING,-32.52,136.49,205.0,1964,207.2
016032,NONNING,-32.52,136.49,205.0,1965,186.1
016032,NONNING,-32.52,136.49,205.0,1966,337.7
016032,NONNING,-32.52,136.49,205.0,1967,115.7
016032,NONNING,-32.52,136.49,205.0,1968,423.8
016032,NONNING,-32.52,136.49,205.0,1969,343.6
016032,NONNING,-32.52,136.49,205.0,1970,135.6
016032,NONNING,-32.52,136.49,205.0,1971,251.8
016032,NONNING,-32.52,136.49,205.0,1972,238.7
016032,NONNING,-32.52,136.49,205.0,1973,443.8
016032,NONNING,-32.52,136.49,205.0,1974,594.5
016032,NONNING,-32.52,136.49,205.0,1975,208.5
016032,NONNING,-32.52,136.49,205.0,1976,190.5
016032,NONNING,-32.52,136.49,205.0,1977,163.1
016032,NONNING,-32.52,136.49,205.0,1978,248.0
016032,NONNING,-32.52,136.49,205.0,1979,396.2
016032,NONNING,-32.52,136.49,205.0,1980,241.4
016032,NONNING,-32.52,136.49,205.0,1981,257.4
016032,NONNING,-32.52,136.49,205.0,1982,122.0
016032,NONNING,-32.52,136.49,205.0,1983,329.4
016032,NONNING,-32.52,136.49,205.0,1984,260.1
016032,NONNING,-32.52,136.49,205.0,1985,240.1
016032,NONNING,-32.52,136.49,205.0,1986,263.2
016032,NONNING,-32.52,136.49,205.0,1987,179.6
016032,NONNING,-32.52,136.49,205.0,1988,
016032,NONNING,-32.52,136.49,205.0,1989,274.8
016032,NONNING,-32.52,136.49,205.0,1990,228.4
016032,NONNING,-32.52,136.49,205.0,1991,262.4
016032,NONNING,-32.52,136.49,205.0,1992,574.8
016032,NONNING,-32.52,136.49,205.0,1993,293.6
016032,NONNING,-32.52,136.49,205.0,1994,
016032,NONNING,-32.52,136.49,205.0,1995,251.6
016032,NONNING,-32.52,136.49,205.0,1996,248.8
016032,NONNING,-32.52,136.49,205.0,1997,384.9
016032,NONNING,-32.52,136.49,205.0,1998,353.0
016032,NONNING,-32.52,136.49,205.0,1999,247.0
016032,NONNING,-32.52,136.49,205.0,2000,265.6
016032,NONNING,-32.52,136.49,205.0,2001,346.9
016032,NONNING,-32.52,136.49,205.0,2002,126.8
016032,NONNING,-32.52,136.49,205.0,2003,252.2
016032,NONNING,-32.52,136.49,205.0,2004,193.5
016032,NONNING,-32.52,136.49,205.0,2005,279.0
016032,NONNING,-32.52,136.49,205.0,2006,155.4
016032,NONNING,-32.52,136.49,205.0,2007,363.8
016032,NONNING,-32.52,136.49,205.0,2008,198.9
016032,NONNING,-32.52,136.49,205.0,2009,287.1
016032,NONNING,-32.52,136.49,205.0,2010,317.0
016032,NONNING,-32.52,136.49,205.0,2011,303.2
016033,OAKDEN HILLS,-31.66,137.04,134.0,1887,192.9
016033,OAKDEN HILLS,-31.66,137.04,134.0,1888,75.4
016033,OAKDEN HILLS,-31.66,137.04,134.0,1889,359.0
016033,OAKDEN HILLS,-31.66,137.04,134.0,1890,236.3
016033,OAKDEN HILLS,-31.66,137.04,134.0,1891,185.3
016033,OAKDEN HILLS,-31.66,137.04,134.0,1892,233.5
016033,OAKDEN HILLS,-31.66,137.04,134.0,1893,161.3
016033,OAKDEN HILLS,-31.66,137.04,134.0,1894,109.4
016033,OAKDEN HILLS,-31.66,137.04,134.0,1895,276.3
016033,OAKDEN HILLS,-31.66,137.04,134.0,1896,118.9
016033,OAKDEN HILLS,-31.66,137.04,134.0,1897,87.4
016033,OAKDEN HILLS,-31.66,137.04,134.0,1898,157.6
016033,OAKDEN HILLS,-31.66,137.04,134.0,1899,171.8
016033,OAKDEN HILLS,-31.66,137.04,134.0,1900,127.3
016033,OAKDEN HILLS,-31.66,137.04,134.0,1901,155.0
016033,OAKDEN HILLS,-31.66,137.04,134.0,1902,60.6
016033,OAKDEN HILLS,-31.66,137.04,134.0,1903,379.3
016033,OAKDEN HILLS,-31.66,137.04,134.0,1904,251.4
016033,OAKDEN HILLS,-31.66,137.04,134.0,1905,137.7
016033,OAKDEN HILLS,-31.66,137.04,134.0,1906,200.3
016033,OAKDEN HILLS,-31.66,137.04,134.0,1907,191.2
016033,OAKDEN HILLS,-31.66,137.04,134.0,1908,253.6
016033,OAKDEN HILLS,-31.66,137.04,134.0,1909,208.0
016033,OAKDEN HILLS,-31.66,137.04,134.0,1910,283.2
016033,OAKDEN HILLS,-31.66,137.04,134.0,1911,151.4
016033,OAKDEN HILLS,-31.66,137.04,134.0,1912,152.3
016033,OAKDEN HILLS,-31.66,137.04,134.0,1913,164.0
016033,OAKDEN HILLS,-31.66,137.04,134.0,1914,85.8
016033,OAKDEN HILLS,-31.66,137.04,134.0,1915,162.2
016033,OAKDEN HILLS,-31.66,137.04,134.0,1916,215.0
016033,OAKDEN HILLS,-31.66,137.04,134.0,1917,260.0
016033,OAKDEN HILLS,-31.66,137.04,134.0,1918,131.3
016033,OAKDEN HILLS,-31.66,137.04,134.0,1919,176.6
016033,OAKDEN HILLS,-31.66,137.04,134.0,1920,356.5
016033,OAKDEN HILLS,-31.66,137.04,134.0,1921,364.5
016033,OAKDEN HILLS,-31.66,137.04,134.0,1922,129.3
016033,OAKDEN HILLS,-31.66,137.04,134.0,1923,147.3
016033,OAKDEN HILLS,-31.66,137.04,134.0,1924,177.2
016033,OAKDEN HILLS,-31.66,137.04,134.0,1925,112.3
016033,OAKDEN HILLS,-31.66,137.04,134.0,1926,136.2
016033,OAKDEN HILLS,-31.66,137.04,134.0,1927,93.5
016033,OAKDEN HILLS,-31.66,137.04,134.0,1928,46.3
016033,OAKDEN HILLS,-31.66,137.04,134.0,1929,84.9
016033,OAKDEN HILLS,-31.66,137.04,134.0,1930,180.7
016033,OAKDEN HILLS,-31.66,137.04,134.0,1931,207.5
016033,OAKDEN HILLS,-31.66,137.04,134.0,1932,180.9
016033,OAKDEN HILLS,-31.66,137.04,134.0,1933,143.8
016033,OAKDEN HILLS,-31.66,137.04,134.0,1934,123.8
016033,OAKDEN HILLS,-31.66,137.04,134.0,1935,95.5
016033,OAKDEN HILLS,-31.66,137.04,134.0,1936,91.2
016033,OAKDEN HILLS,-31.66,137.04,134.0,1937,163.4
016033,OAKDEN HILLS,-31.66,137.04,134.0,1938,246.8
016033,OAKDEN HILLS,-31.66,137.04,134.0,1939,181.5
016033,OAKDEN HILLS,-31.66,137.04,134.0,1940,55.6
016033,OAKDEN HILLS,-31.66,137.04,134.0,1941,161.6
016033,OAKDEN HILLS,-31.66,137.04,134.0,1942,142.0
016033,OAKDEN HILLS,-31.66,137.04,134.0,1943,80.9
016033,OAKDEN HILLS,-31.66,137.04,134.0,1944,129.2
016033,OAKDEN HILLS,-31.66,137.04,134.0,1945,186.1
016033,OAKDEN HILLS,-31.66,137.04,134.0,1946,370.5
016033,OAKDEN HILLS,-31.66,137.04,134.0,1947,210.0
016033,OAKDEN HILLS,-31.66,137.04,134.0,1948,77.1
016033,OAKDEN HILLS,-31.66,137.04,134.0,1949,199.4
016033,OAKDEN HILLS,-31.66,137.04,134.0,1950,208.1
016033,OAKDEN HILLS,-31.66,137.04,134.0,1951,141.8
016033,OAKDEN HILLS,-31.66,137.04,134.0,1952,139.8
016033,OAKDEN HILLS,-31.66,137.04,134.0,1953,104.9
016033,OAKDEN HILLS,-31.66,137.04,134.0,1954,152.7
016033,OAKDEN HILLS,-31.66,137.04,134.0,1955,216.7
016033,OAKDEN HILLS,-31.66,137.04,134.0,1956,173.2
016033,OAKDEN HILLS,-31.66,137.04,134.0,1957,46.6
016033,OAKDEN HILLS,-31.66,137.04,134.0,1958,257.5
016033,OAKDEN HILLS,-31.66,137.04,134.0,1959,105.1
016033,OAKDEN HILLS,-31.66,137.04,134.0,1960,141.2
016033,OAKDEN HILLS,-31.66,137.04,134.0,1961,130.5
016033,OAKDEN HILLS,-31.66,137.04,134.0,1962,178.5
016033,OAKDEN HILLS,-31.66,137.04,134.0,1963,158.6
016033,OAKDEN HILLS,-31.66,137.04,134.0,1964,121.2
016033,OAKDEN HILLS,-31.66,137.04,134.0,1965,97.2
016033,OAKDEN HILLS,-31.66,137.04,134.0,1966,233.8
016033,OAKDEN HILLS,-31.66,137.04,134.0,1967,110.1
016033,OAKDEN HILLS,-31.66,137.04,134.0,1968,327.6
016033,OAKDEN HILLS,-31.66,137.04,134.0,1969,196.7
016033,OAKDEN HILLS,-31.66,137.04,134.0,1970,91.4
016033,OAKDEN HILLS,-31.66,137.04,134.0,1971,211.1
016033,OAKDEN HILLS,-31.66,137.04,134.0,1972,135.8
016033,OAKDEN HILLS,-31.66,137.04,134.0,1973,375.5
016033,OAKDEN HILLS,-31.66,137.04,134.0,1974,428.2
016033,OAKDEN HILLS,-31.66,137.04,134.0,1975,140.4
016033,OAKDEN HILLS,-31.66,137.04,134.0,1976,204.0
016033,OAKDEN HILLS,-31.66,137.04,134.0,1977,115.4
016033,OAKDEN HILLS,-31.66,137.04,134.0,1978,182.6
016033,OAKDEN HILLS,-31.66,137.04,134.0,1979,389.8
016033,OAKDEN HILLS,-31.66,137.04,134.0,1980,184.5
016033,OAKDEN HILLS,-31.66,137.04,134.0,1981,162.4
016033,OAKDEN HILLS,-31.66,137.04,134.0,1982,63.0
016033,OAKDEN HILLS,-31.66,137.04,134.0,1983,192.0
016033,OAKDEN HILLS,-31.66,137.04,134.0,1984,177.6
016033,OAKDEN HILLS,-31.66,137.04,134.0,1985,125.5
016033,OAKDEN HILLS,-31.66,137.04,134.0,1986,210.6
016033,OAKDEN HILLS,-31.66,137.04,134.0,1987,184.6
016033,OAKDEN HILLS,-31.66,137.04,134.0,1988,185.6
016033,OAKDEN HILLS,-31.66,137.04,134.0,1989,376.0
016033,OAKDEN HILLS,-31.66,137.04,134.0,1990,168.5
016033,OAKDEN HILLS,-31.66,137.04,134.0,1991,161.8
016033,OAKDEN HILLS,-31.66,137.04,134.0,1992,466.8
016033,OAKDEN HILLS,-31.66,137.04,134.0,1993,174.2
016033,OAKDEN HILLS,-31.66,137.04,134.0,1994,133.0
016033,OAKDEN HILLS,-31.66,137.04,134.0,1995,179.8
016033,OAKDEN HILLS,-31.66,137.04,134.0,1996,191.6
016033,OAKDEN HILLS,-31.66,137.04,134.0,1997,226.0
016033,OAKDEN HILLS,-31.66,137.04,134.0,1998,242.2
016033,OAKDEN HILLS,-31.66,137.04,134.0,1999,152.8
016033,OAKDEN HILLS,-31.66,137.04,134.0,2000,185.6
016033,OAKDEN HILLS,-31.66,137.04,134.0,2001,229.0
016033,OAKDEN HILLS,-31.66,137.04,134.0,2002,77.3
016033,OAKDEN HILLS,-31.66,137.04,134.0,2003,161.0
016033,OAKDEN HILLS,-31.66,137.04,134.0,2004,188.2
016033,OAKDEN HILLS,-31.66,137.04,134.0,2005,191.6
016033,OAKDEN HILLS,-31.66,137.04,134.0,2006,154.0
016033,OAKDEN HILLS,-31.66,137.04,134.0,2007,233.5
016033,OAKDEN HILLS,-31.66,137.04,134.0,2008,216.6
016033,OAKDEN HILLS,-31.66,137.04,134.0,2009,178.4
016033,OAKDEN HILLS,-31.66,137.04,134.0,2010,278.0
016033,OAKDEN HILLS,-31.66,137.04,134.0,2011,
016033,OAKDEN HILLS,-31.66,137.04,134.0,2012,
016033,OAKDEN HILLS,-31.66,137.04,134.0,2013,
016033,OAKDEN HILLS,-31.66,137.04,134.0,2014,
016033,OAKDEN HILLS,-31.66,137.04,134.0,2015,
016033,OAKDEN HILLS,-31.66,137.04,134.0,2016,
016033,OAKDEN HILLS,-31.66,137.04,134.0,2017,136.7
016033,OAKDEN HILLS,-31.66,137.04,134.0,2018,46.7
016033,OAKDEN HILLS,-31.66,137.04,134.0,2019,51.8
016033,OAKDEN HILLS,-31.66,137.04,134.0,2020,273.9
016033,OAKDEN HILLS,-31.66,137.04,134.0,2021,
016033,OAKDEN HILLS,-31.66,137.04,134.0,2022,522.3
016033,OAKDEN HILLS,-31.66,137.04,134.0,2023,164.5
016033,OAKDEN HILLS,-31.66,137.04,134.0,2024,224.9
016033,OAKDEN HILLS,-31.66,137.04,134.0,2025,92.0
016039,PURPLE DOWNS,-30.79,136.89,85.0,1903,263.6
016039,PURPLE DOWNS,-30.79,136.89,85.0,1904,251.1
016039,PURPLE DOWNS,-30.79,136.89,85.0,1905,84.1
016039,PURPLE DOWNS,-30.79,136.89,85.0,1906,202.1
016039,PURPLE DOWNS,-30.79,136.89,85.0,1907,191.2
016039,PURPLE DOWNS,-30.79,136.89,85.0,1908,179.7
016039,PURPLE DOWNS,-30.79,136.89,85.0,1909,192.5
016039,PURPLE DOWNS,-30.79,136.89,85.0,1910,197.6
016039,PURPLE DOWNS,-30.79,136.89,85.0,1911,103.6
016039,PURPLE DOWNS,-30.79,136.89,85.0,1912,125.4
016039,PURPLE DOWNS,-30.79,136.89,85.0,1913,161.3
016039,PURPLE DOWNS,-30.79,136.89,85.0,1914,124.9
016039,PURPLE DOWNS,-30.79,136.89,85.0,1915,102.1
016039,PURPLE DOWNS,-30.79,136.89,85.0,1916,214.2
016039,PURPLE DOWNS,-30.79,136.89,85.0,1917,236.2
016039,PURPLE DOWNS,-30.79,136.89,85.0,1918,72.6
016039,PURPLE DOWNS,-30.79,136.89,85.0,1919,151.5
016039,PURPLE DOWNS,-30.79,136.89,85.0,1920,348.3
016039,PURPLE DOWNS,-30.79,136.89,85.0,1921,328.7
016039,PURPLE DOWNS,-30.79,136.89,85.0,1922,165.9
016039,PURPLE DOWNS,-30.79,136.89,85.0,1923,106.5
016039,PURPLE DOWNS,-30.79,136.89,85.0,1924,167.3
016039,PURPLE DOWNS,-30.79,136.89,85.0,1925,97.3
016039,PURPLE DOWNS,-30.79,136.89,85.0,1926,156.9
016039,PURPLE DOWNS,-30.79,136.89,85.0,1927,128.2
016039,PURPLE DOWNS,-30.79,136.89,85.0,1928,75.9
016039,PURPLE DOWNS,-30.79,136.89,85.0,1929,87.1
016039,PURPLE DOWNS,-30.79,136.89,85.0,1930,215.1
016039,PURPLE DOWNS,-30.79,136.89,85.0,1931,102.2
016039,PURPLE DOWNS,-30.79,136.89,85.0,1932,145.0
016039,PURPLE DOWNS,-30.79,136.89,85.0,1933,99.7
016039,PURPLE DOWNS,-30.79,136.89,85.0,1934,92.4
016039,PURPLE DOWNS,-30.79,136.89,85.0,1935,110.6
016039,PURPLE DOWNS,-30.79,136.89,85.0,1936,52.3
016039,PURPLE DOWNS,-30.79,136.89,85.0,1937,171.1
016039,PURPLE DOWNS,-30.79,136.89,85.0,1938,164.0
016039,PURPLE DOWNS,-30.79,136.89,85.0,1939,228.3
016039,PURPLE DOWNS,-30.79,136.89,85.0,1940,29.5
016039,PURPLE DOWNS,-30.79,136.89,85.0,1941,141.3
016039,PURPLE DOWNS,-30.79,136.89,85.0,1942,72.8
016039,PURPLE DOWNS,-30.79,136.89,85.0,1943,59.8
016039,PURPLE DOWNS,-30.79,136.89,85.0,1944,78.2
016039,PURPLE DOWNS,-30.79,136.89,85.0,1945,165.7
016039,PURPLE DOWNS,-30.79,136.89,85.0,1946,356.2
016039,PURPLE DOWNS,-30.79,136.89,85.0,1947,279.8
016039,PURPLE DOWNS,-30.79,136.89,85.0,1948,96.0
016039,PURPLE DOWNS,-30.79,136.89,85.0,1949,216.0
016039,PURPLE DOWNS,-30.79,136.89,85.0,1950,282.7
016039,PURPLE DOWNS,-30.79,136.89,85.0,1951,88.6
016039,PURPLE DOWNS,-30.79,136.89,85.0,1952,154.0
016039,PURPLE DOWNS,-30.79,136.89,85.0,1953,221.5
016039,PURPLE DOWNS,-30.79,136.89,85.0,1954,132.1
016039,PURPLE DOWNS,-30.79,136.89,85.0,1955,290.7
016039,PURPLE DOWNS,-30.79,136.89,85.0,1956,176.0
016039,PURPLE DOWNS,-30.79,136.89,85.0,1957,172.4
016039,PURPLE DOWNS,-30.79,136.89,85.0,1958,160.9
016039,PURPLE DOWNS,-30.79,136.89,85.0,1959,109.0
016039,PURPLE DOWNS,-30.79,136.89,85.0,1960,122.0
016039,PURPLE DOWNS,-30.79,136.89,85.0,1961,74.8
016039,PURPLE DOWNS,-30.79,136.89,85.0,1962,130.0
016039,PURPLE DOWNS,-30.79,136.89,85.0,1963,155.5
016039,PURPLE DOWNS,-30.79,136.89,85.0,1964,168.9
016039,PURPLE DOWNS,-30.79,136.89,85.0,1965,80.1
016039,PURPLE DOWNS,-30.79,136.89,85.0,1966,229.5
016039,PURPLE DOWNS,-30.79,136.89,85.0,1967,62.9
016039,PURPLE DOWNS,-30.79,136.89,85.0,1968,323.8
016039,PURPLE DOWNS,-30.79,136.89,85.0,1969,157.6
016039,PURPLE DOWNS,-30.79,136.89,85.0,1970,108.6
016039,PURPLE DOWNS,-30.79,136.89,85.0,1971,221.3
016039,PURPLE DOWNS,-30.79,136.89,85.0,1972,91.4
016039,PURPLE DOWNS,-30.79,136.89,85.0,1973,381.4
016039,PURPLE DOWNS,-30.79,136.89,85.0,1974,489.5
016039,PURPLE DOWNS,-30.79,136.89,85.0,1975,287.4
016039,PURPLE DOWNS,-30.79,136.89,85.0,1976,152.4
016039,PURPLE DOWNS,-30.79,136.89,85.0,1977,57.2
016039,PURPLE DOWNS,-30.79,136.89,85.0,1978,158.4
016039,PURPLE DOWNS,-30.79,136.89,85.0,1979,303.0
016039,PURPLE DOWNS,-30.79,136.89,85.0,1980,82.2
016039,PURPLE DOWNS,-30.79,136.89,85.0,1981,283.9
016039,PURPLE DOWNS,-30.79,136.89,85.0,1982,97.3
016039,PURPLE DOWNS,-30.79,136.89,85.0,1983,135.2
016039,PURPLE DOWNS,-30.79,136.89,85.0,1984,128.6
016039,PURPLE DOWNS,-30.79,136.89,85.0,1985,113.8
016039,PURPLE DOWNS,-30.79,136.89,85.0,1986,179.3
016039,PURPLE DOWNS,-30.79,136.89,85.0,1987,169.3
016039,PURPLE DOWNS,-30.79,136.89,85.0,1988,221.8
016039,PURPLE DOWNS,-30.79,136.89,85.0,1989,431.6
016039,PURPLE DOWNS,-30.79,136.89,85.0,1990,
016039,PURPLE DOWNS,-30.79,136.89,85.0,1991,
016039,PURPLE DOWNS,-30.79,136.89,85.0,1992,373.8
016039,PURPLE DOWNS,-30.79,136.89,85.0,1993,
016039,PURPLE DOWNS,-30.79,136.89,85.0,1994,146.6
016039,PURPLE DOWNS,-30.79,136.89,85.0,1995,131.0
016039,PURPLE DOWNS,-30.79,136.89,85.0,1996,104.3
016039,PURPLE DOWNS,-30.79,136.89,85.0,1997,247.0
016039,PURPLE DOWNS,-30.79,136.89,85.0,1998,202.4
016039,PURPLE DOWNS,-30.79,136.89,85.0,1999,78.8
016039,PURPLE DOWNS,-30.79,136.89,85.0,2000,163.6
016039,PURPLE DOWNS,-30.79,136.89,85.0,2001,270.6
016039,PURPLE DOWNS,-30.79,136.89,85.0,2002,51.4
016039,PURPLE DOWNS,-30.79,136.89,85.0,2003,171.0
016039,PURPLE DOWNS,-30.79,136.89,85.0,2004,159.0
016039,PURPLE DOWNS,-30.79,136.89,85.0,2005,134.2
016039,PURPLE DOWNS,-30.79,136.89,85.0,2006,80.6
016039,PURPLE DOWNS,-30.79,136.89,85.0,2007,233.0
016040,ROXBY DOWNS STATION,-30.71,136.75,110.0,1910,197.9
016040,ROXBY DOWNS STATION,-30.71,136.75,110.0,1911,103.7
016040,ROXBY DOWNS STATION,-30.71,136.75,110.0,1912,125.6
016040,ROXBY DOWNS STATION,-30.71,136.75,110.0,1913,161.6
016040,ROXBY DOWNS STATION,-30.71,136.75,110.0,1914,125.1
016040,ROXBY DOWNS STATION,-30.71,136.75,110.0,1915,102.2
016040,ROXBY DOWNS STATION,-30.71,136.75,110.0,1916,214.6
016040,ROXBY DOWNS STATION,-30.71,136.75,110.0,1917,236.6
016040,ROXBY DOWNS STATION,-30.71,136.75,110.0,1918,72.6
016040,ROXBY DOWNS STATION,-30.71,136.75,110.0,1919,151.7
016040,ROXBY DOWNS STATION,-30.71,136.75,110.0,1920,349.1
016040,ROXBY DOWNS STATION,-30.71,136.75,110.0,1921,329.3
016040,ROXBY DOWNS STATION,-30.71,136.75,110.0,1922,166.2
016040,ROXBY DOWNS STATION,-30.71,136.75,110.0,1923,106.7
016040,ROXBY DOWNS STATION,-30.71,136.75,110.0,1924,167.5
016040,ROXBY DOWNS STATION,-30.71,136.75,110.0,1925,97.3
016040,ROXBY DOWNS STATION,-30.71,136.75,110.0,1926,157.1
016040,ROXBY DOWNS STATION,-30.71,136.75,110.0,1927,128.3
016040,ROXBY DOWNS STATION,-30.71,136.75,110.0,1928,75.9
016040,ROXBY DOWNS STATION,-30.71,136.75,110.0,1929,87.2
016040,ROXBY DOWNS STATION,-30.71,136.75,110.0,1930,215.4
016040,ROXBY DOWNS STATION,-30.71,136.75,110.0,1931,102.2
016040,ROXBY DOWNS STATION,-30.71,136.75,110.0,1932,144.9
016040,ROXBY DOWNS STATION,-30.71,136.75,110.0,1933,113.7
016040,ROXBY DOWNS STATION,-30.71,136.75,110.0,1934,124.5
016040,ROXBY DOWNS STATION,-30.71,136.75,110.0,1935,115.3
016040,ROXBY DOWNS STATION,-30.71,136.75,110.0,1936,67.6
016040,ROXBY DOWNS STATION,-30.71,136.75,110.0,1937,158.8
016040,ROXBY DOWNS STATION,-30.71,136.75,110.0,1938,185.4
016040,ROXBY DOWNS STATION,-30.71,136.75,110.0,1939,267.9
016040,ROXBY DOWNS STATION,-30.71,136.75,110.0,1940,33.0
016040,ROXBY DOWNS STATION,-30.71,136.75,110.0,1941,149.0
016040,ROXBY DOWNS STATION,-30.71,136.75,110.0,1942,62.8
016040,ROXBY DOWNS STATION,-30.71,136.75,110.0,1943,47.2
016040,ROXBY DOWNS STATION,-30.71,136.75,110.0,1944,52.2
016040,ROXBY DOWNS STATION,-30.71,136.75,110.0,1945,156.8
016040,ROXBY DOWNS STATION,-30.71,136.75,110.0,1946,356.9
016040,ROXBY DOWNS STATION,-30.71,136.75,110.0,1947,302.8
016040,ROXBY DOWNS STATION,-30.71,136.75,110.0,1948,76.4
016040,ROXBY DOWNS STATION,-30.71,136.75,110.0,1949,268.6
016040,ROXBY DOWNS STATION,-30.71,136.75,110.0,1950,254.9
016040,ROXBY DOWNS STATION,-30.71,136.75,110.0,1951,95.5
016040,ROXBY DOWNS STATION,-30.71,136.75,110.0,1952,129.8
016040,ROXBY DOWNS STATION,-30.71,136.75,110.0,1953,211.8
016040,ROXBY DOWNS STATION,-30.71,136.75,110.0,1954,107.1
016040,ROXBY DOWNS STATION,-30.71,136.75,110.0,1955,228.8
016040,ROXBY DOWNS STATION,-30.71,136.75,110.0,1956,132.7
016040,ROXBY DOWNS STATION,-30.71,136.75,110.0,1957,88.3
016040,ROXBY DOWNS STATION,-30.71,136.75,110.0,1958,166.9
016040,ROXBY DOWNS STATION,-30.71,136.75,110.0,1959,111.2
016040,ROXBY DOWNS STATION,-30.71,136.75,110.0,1960,133.7
016040,ROXBY DOWNS STATION,-30.71,136.75,110.0,1961,74.9
016040,ROXBY DOWNS STATION,-30.71,136.75,110.0,1962,103.2
016040,ROXBY DOWNS STATION,-30.71,136.75,110.0,1963,136.3
016040,ROXBY DOWNS STATION,-30.71,136.75,110.0,1964,164.1
016040,ROXBY DOWNS STATION,-30.71,136.75,110.0,1965,91.9
016040,ROXBY DOWNS STATION,-30.71,136.75,110.0,1966,205.6
016040,ROXBY DOWNS STATION,-30.71,136.75,110.0,1967,78.5
016040,ROXBY DOWNS STATION,-30.71,136.75,110.0,1968,316.2
016040,ROXBY DOWNS STATION,-30.71,136.75,110.0,1969,192.3
016040,ROXBY DOWNS STATION,-30.71,136.75,110.0,1970,79.1
016040,ROXBY DOWNS STATION,-30.71,136.75,110.0,1971,198.9
016040,ROXBY DOWNS STATION,-30.71,136.75,110.0,1972,78.2
016040,ROXBY DOWNS STATION,-30.71,136.75,110.0,1973,371.5
016040,ROXBY DOWNS STATION,-30.71,136.75,110.0,1974,581.3
016040,ROXBY DOWNS STATION,-30.71,136.75,110.0,1975,300.0
016040,ROXBY DOWNS STATION,-30.71,136.75,110.0,1976,179.2
016040,ROXBY DOWNS STATION,-30.71,136.75,110.0,1977,83.2
016040,ROXBY DOWNS STATION,-30.71,136.75,110.0,1978,143.8
016040,ROXBY DOWNS STATION,-30.71,136.75,110.0,1979,266.4
016040,ROXBY DOWNS STATION,-30.71,136.75,110.0,1980,95.4
016040,ROXBY DOWNS STATION,-30.71,136.75,110.0,1981,247.0
016040,ROXBY DOWNS STATION,-30.71,136.75,110.0,1982,97.6
016040,ROXBY DOWNS STATION,-30.71,136.75,110.0,1983,126.0
016040,ROXBY DOWNS STATION,-30.71,136.75,110.0,1984,146.4
016040,ROXBY DOWNS STATION,-30.71,136.75,110.0,1985,113.4
016040,ROXBY DOWNS STATION,-30.71,136.75,110.0,1986,198.0
016040,ROXBY DOWNS STATION,-30.71,136.75,110.0,1987,164.6
016040,ROXBY DOWNS STATION,-30.71,136.75,110.0,1988,203.2
016040,ROXBY DOWNS STATION,-30.71,136.75,110.0,1989,408.1
016040,ROXBY DOWNS STATION,-30.71,136.75,110.0,1990,105.8
016040,ROXBY DOWNS STATION,-30.71,136.75,110.0,1991,
016040,ROXBY DOWNS STATION,-30.71,136.75,110.0,1992,352.4
016040,ROXBY DOWNS STATION,-30.71,136.75,110.0,1993,
016040,ROXBY DOWNS STATION,-30.71,136.75,110.0,1994,
016040,ROXBY DOWNS STATION,-30.71,136.75,110.0,1995,
016040,ROXBY DOWNS STATION,-30.71,136.75,110.0,1996,124.8
016040,ROXBY DOWNS STATION,-30.71,136.75,110.0,1997,215.8
016040,ROXBY DOWNS STATION,-30.71,136.75,110.0,1998,212.0
016040,ROXBY DOWNS STATION,-30.71,136.75,110.0,1999,81.2
016040,ROXBY DOWNS STATION,-30.71,136.75,110.0,2000,126.6
016040,ROXBY DOWNS STATION,-30.71,136.75,110.0,2001,280.8
016040,ROXBY DOWNS STATION,-30.71,136.75,110.0,2002,57.2
016040,ROXBY DOWNS STATION,-30.71,136.75,110.0,2003,219.6
016040,ROXBY DOWNS STATION,-30.71,136.75,110.0,2004,170.2
016040,ROXBY DOWNS STATION,-30.71,136.75,110.0,2005,147.4
016040,ROXBY DOWNS STATION,-30.71,136.75,110.0,2006,88.2
016040,ROXBY DOWNS STATION,-30.71,136.75,110.0,2007,219.9
016040,ROXBY DOWNS STATION,-30.71,136.75,110.0,2008,148.2
016040,ROXBY DOWNS STATION,-30.71,136.75,110.0,2009,154.8
016040,ROXBY DOWNS STATION,-30.71,136.75,110.0,2010,345.8
016040,ROXBY DOWNS STATION,-30.71,136.75,110.0,2011,317.2
016040,ROXBY DOWNS STATION,-30.71,136.75,110.0,2012,86.2
016040,ROXBY DOWNS STATION,-30.71,136.75,110.0,2013,142.6
016055,YARDEA,-32.38,135.52,384.0,1894,218.1
016055,YARDEA,-32.38,135.52,384.0,1895,288.2
016055,YARDEA,-32.38,135.52,384.0,1896,221.6
016055,YARDEA,-32.38,135.52,384.0,1897,164.1
016055,YARDEA,-32.38,135.52,384.0,1898,263.8
016055,YARDEA,-32.38,135.52,384.0,1899,181.0
016055,YARDEA,-32.38,135.52,384.0,1900,287.5
016055,YARDEA,-32.38,135.52,384.0,1901,386.1
016055,YARDEA,-32.38,135.52,384.0,1902,209.2
016055,YARDEA,-32.38,135.52,384.0,1903,282.3
016055,YARDEA,-32.38,135.52,384.0,1904,268.7
016055,YARDEA,-32.38,135.52,384.0,1905,212.2
016055,YARDEA,-32.38,135.52,384.0,1906,281.1
016055,YARDEA,-32.38,135.52,384.0,1907,203.3
016055,YARDEA,-32.38,135.52,384.0,1908,366.3
016055,YARDEA,-32.38,135.52,384.0,1909,307.5
016055,YARDEA,-32.38,135.52,384.0,1910,397.4
016055,YARDEA,-32.38,135.52,384.0,1911,240.8
016055,YARDEA,-32.38,135.52,384.0,1912,301.8
016055,YARDEA,-32.38,135.52,384.0,1913,324.0
016055,YARDEA,-32.38,135.52,384.0,1914,183.5
016055,YARDEA,-32.38,135.52,384.0,1915,216.6
016055,YARDEA,-32.38,135.52,384.0,1916,308.0
016055,YARDEA,-32.38,135.52,384.0,1917,385.7
016055,YARDEA,-32.38,135.52,384.0,1918,243.3
016055,YARDEA,-32.38,135.52,384.0,1919,222.6
016055,YARDEA,-32.38,135.52,384.0,1920,381.7
016055,YARDEA,-32.38,135.52,384.0,1921,473.3
016055,YARDEA,-32.38,135.52,384.0,1922,181.7
016055,YARDEA,-32.38,135.52,384.0,1923,258.3
016055,YARDEA,-32.38,135.52,384.0,1924,292.8
016055,YARDEA,-32.38,135.52,384.0,1925,199.9
016055,YARDEA,-32.38,135.52,384.0,1926,316.5
016055,YARDEA,-32.38,135.52,384.0,1927,172.3
016055,YARDEA,-32.38,135.52,384.0,1928,113.1
016055,YARDEA,-32.38,135.52,384.0,1929,175.6
016055,YARDEA,-32.38,135.52,384.0,1930,233.6
016055,YARDEA,-32.38,135.52,384.0,1931,254.7
016055,YARDEA,-32.38,135.52,384.0,1932,269.7
016055,YARDEA,-32.38,135.52,384.0,1933,288.2
016055,YARDEA,-32.38,135.52,384.0,1934,234.4
016055,YARDEA,-32.38,135.52,384.0,1935,289.4
016055,YARDEA,-32.38,135.52,384.0,1936,242.3
016055,YARDEA,-32.38,135.52,384.0,1937,248.6
016055,YARDEA,-32.38,135.52,384.0,1938,295.9
016055,YARDEA,-32.38,135.52,384.0,1939,302.8
016055,YARDEA,-32.38,135.52,384.0,1940,163.9
016055,YARDEA,-32.38,135.52,384.0,1941,286.5
016055,YARDEA,-32.38,135.52,384.0,1942,341.9
016055,YARDEA,-32.38,135.52,384.0,1943,197.5
016055,YARDEA,-32.38,135.52,384.0,1944,165.9
016055,YARDEA,-32.38,135.52,384.0,1945,308.7
016055,YARDEA,-32.38,135.52,384.0,1946,402.8
016055,YARDEA,-32.38,135.52,384.0,1947,217.9
016055,YARDEA,-32.38,135.52,384.0,1948,162.9
016055,YARDEA,-32.38,135.52,384.0,1949,289.6
016055,YARDEA,-32.38,135.52,384.0,1950,317.6
016055,YARDEA,-32.38,135.52,384.0,1951,314.2
016055,YARDEA,-32.38,135.52,384.0,1952,296.7
016055,YARDEA,-32.38,135.52,384.0,1953,244.9
016055,YARDEA,-32.38,135.52,384.0,1954,187.7
016055,YARDEA,-32.38,135.52,384.0,1955,340.6
016055,YARDEA,-32.38,135.52,384.0,1956,492.0
016055,YARDEA,-32.38,135.52,384.0,1957,122.4
016055,YARDEA,-32.38,135.52,384.0,1958,351.7
016055,YARDEA,-32.38,135.52,384.0,1959,156.5
016055,YARDEA,-32.38,135.52,384.0,1960,314.0
016055,YARDEA,-32.38,135.52,384.0,1961,213.8
016055,YARDEA,-32.38,135.52,384.0,1962,254.9
016055,YARDEA,-32.38,135.52,384.0,1963,242.8
016055,YARDEA,-32.38,135.52,384.0,1964,301.5
016055,YARDEA,-32.38,135.52,384.0,1965,264.9
016055,YARDEA,-32.38,135.52,384.0,1966,340.1
016055,YARDEA,-32.38,135.52,384.0,1967,148.4
016055,YARDEA,-32.38,135.52,384.0,1968,474.2
016055,YARDEA,-32.38,135.52,384.0,1969,325.3
016055,YARDEA,-32.38,135.52,384.0,1970,194.2
016055,YARDEA,-32.38,135.52,384.0,1971,274.9
016055,YARDEA,-32.38,135.52,384.0,1972,190.7
016055,YARDEA,-32.38,135.52,384.0,1973,486.6
016055,YARDEA,-32.38,135.52,384.0,1974,428.0
016055,YARDEA,-32.38,135.52,384.0,1975,229.0
016055,YARDEA,-32.38,135.52,384.0,1976,228.6
016055,YARDEA,-32.38,135.52,384.0,1977,179.4
016055,YARDEA,-32.38,135.52,384.0,1978,302.4
016055,YARDEA,-32.38,135.52,384.0,1979,486.1
016055,YARDEA,-32.38,135.52,384.0,1980,276.9
016055,YARDEA,-32.38,135.52,384.0,1981,278.0
016055,YARDEA,-32.38,135.52,384.0,1982,177.6
016055,YARDEA,-32.38,135.52,384.0,1983,258.8
016055,YARDEA,-32.38,135.52,384.0,1984,275.3
016055,YARDEA,-32.38,135.52,384.0,1985,247.8
016055,YARDEA,-32.38,135.52,384.0,1986,310.4
016055,YARDEA,-32.38,135.52,384.0,1987,237.4
016055,YARDEA,-32.38,135.52,384.0,1988,198.0
016055,YARDEA,-32.38,135.52,384.0,1989,310.8
016055,YARDEA,-32.38,135.52,384.0,1990,312.0
016055,YARDEA,-32.38,135.52,384.0,1991,320.0
016055,YARDEA,-32.38,135.52,384.0,1992,565.5
016055,YARDEA,-32.38,135.52,384.0,1993,329.8
016055,YARDEA,-32.38,135.52,384.0,1994,105.6
016055,YARDEA,-32.38,135.52,384.0,1995,253.2
016055,YARDEA,-32.38,135.52,384.0,1996,238.8
016055,YARDEA,-32.38,135.52,384.0,1997,345.2
016055,YARDEA,-32.38,135.52,384.0,1998,
016055,YARDEA,-32.38,135.52,384.0,1999,
016055,YARDEA,-32.38,135.52,384.0,2000,290.6
016055,YARDEA,-32.38,135.52,384.0,2001,293.0
016055,YARDEA,-32.38,135.52,384.0,2002,179.6
016055,YARDEA,-32.38,135.52,384.0,2003,259.0
016055,YARDEA,-32.38,135.52,384.0,2004,238.8
016055,YARDEA,-32.38,135.52,384.0,2005,265.6
016055,YARDEA,-32.38,135.52,384.0,2006,186.6
016055,YARDEA,-32.38,135.52,384.0,2007,
016055,YARDEA,-32.38,135.52,384.0,2008,166.4
016055,YARDEA,-32.38,135.52,384.0,2009,
016055,YARDEA,-32.38,135.52,384.0,2010,402.6
016055,YARDEA,-32.38,135.52,384.0,2011,395.5
016055,YARDEA,-32.38,135.52,384.0,2012,213.2
016055,YARDEA,-32.38,135.52,384.0,2013,313.4
016055,YARDEA,-32.38,135.52,384.0,2014,
016055,YARDEA,-32.38,135.52,384.0,2015,226.2
016055,YARDEA,-32.38,135.52,384.0,2016,416.2
016055,YARDEA,-32.38,135.52,384.0,2017,253.4
016055,YARDEA,-32.38,135.52,384.0,2018,265.4
016055,YARDEA,-32.38,135.52,384.0,2019,119.0
016055,YARDEA,-32.38,135.52,384.0,2020,295.8
016055,YARDEA,-32.38,135.52,384.0,2021,322.2
016055,YARDEA,-32.38,135.52,384.0,2022,471.2
016055,YARDEA,-32.38,135.52,384.0,2023,317.8
016055,YARDEA,-32.38,135.52,384.0,2024,177.0
016055,YARDEA,-32.38,135.52,384.0,2025,243.8
016083,HAMILTON STATION,-26.73,135.08,170.0,1892,67.3
016083,HAMILTON STATION,-26.73,135.08,170.0,1893,108.0
016083,HAMILTON STATION,-26.73,135.08,170.0,1894,135.9
016083,HAMILTON STATION,-26.73,135.08,170.0,1895,180.8
016083,HAMILTON STATION,-26.73,135.08,170.0,1896,98.8
016083,HAMILTON STATION,-26.73,135.08,170.0,1897,131.8
016083,HAMILTON STATION,-26.73,135.08,170.0,1898,161.0
016083,HAMILTON STATION,-26.73,135.08,170.0,1899,150.7
016083,HAMILTON STATION,-26.73,135.08,170.0,1900,41.7
016083,HAMILTON STATION,-26.73,135.08,170.0,1901,134.0
016083,HAMILTON STATION,-26.73,135.08,170.0,1902,70.8
016083,HAMILTON STATION,-26.73,135.08,170.0,1903,148.7
016083,HAMILTON STATION,-26.73,135.08,170.0,1904,241.9
016083,HAMILTON STATION,-26.73,135.08,170.0,1905,94.5
016083,HAMILTON STATION,-26.73,135.08,170.0,1906,84.2
016083,HAMILTON STATION,-26.73,135.08,170.0,1907,175.9
016083,HAMILTON STATION,-26.73,135.08,170.0,1908,232.6
016083,HAMILTON STATION,-26.73,135.08,170.0,1909,78.7
016083,HAMILTON STATION,-26.73,135.08,170.0,1910,219.9
016083,HAMILTON STATION,-26.73,135.08,170.0,1911,95.0
016083,HAMILTON STATION,-26.73,135.08,170.0,1912,58.4
016083,HAMILTON STATION,-26.73,135.08,170.0,1913,166.1
016083,HAMILTON STATION,-26.73,135.08,170.0,1914,118.3
016083,HAMILTON STATION,-26.73,135.08,170.0,1915,48.8
016083,HAMILTON STATION,-26.73,135.08,170.0,1916,235.6
016083,HAMILTON STATION,-26.73,135.08,170.0,1917,135.8
016083,HAMILTON STATION,-26.73,135.08,170.0,1918,50.2
016083,HAMILTON STATION,-26.73,135.08,170.0,1919,31.4
016083,HAMILTON STATION,-26.73,135.08,170.0,1920,303.4
016083,HAMILTON STATION,-26.73,135.08,170.0,1921,206.5
016083,HAMILTON STATION,-26.73,135.08,170.0,1922,147.6
016083,HAMILTON STATION,-26.73,135.08,170.0,1923,146.3
016083,HAMILTON STATION,-26.73,135.08,170.0,1924,134.5
016083,HAMILTON STATION,-26.73,135.08,170.0,1925,72.3
016083,HAMILTON STATION,-26.73,135.08,170.0,1926,88.9
016083,HAMILTON STATION,-26.73,135.08,170.0,1927,127.4
016083,HAMILTON STATION,-26.73,135.08,170.0,1928,73.2
016083,HAMILTON STATION,-26.73,135.08,170.0,1929,67.6
016083,HAMILTON STATION,-26.73,135.08,170.0,1930,160.5
016083,HAMILTON STATION,-26.73,135.08,170.0,1931,70.5
016083,HAMILTON STATION,-26.73,135.08,170.0,1932,77.3
016083,HAMILTON STATION,-26.73,135.08,170.0,1933,110.8
016083,HAMILTON STATION,-26.73,135.08,170.0,1934,56.7
016083,HAMILTON STATION,-26.73,135.08,170.0,1935,162.1
016083,HAMILTON STATION,-26.73,135.08,170.0,1936,146.8
016083,HAMILTON STATION,-26.73,135.08,170.0,1937,114.6
016083,HAMILTON STATION,-26.73,135.08,170.0,1938,134.4
016083,HAMILTON STATION,-26.73,135.08,170.0,1939,419.3
016083,HAMILTON STATION,-26.73,135.08,170.0,1940,53.1
016083,HAMILTON STATION,-26.73,135.08,170.0,1941,135.4
016083,HAMILTON STATION,-26.73,135.08,170.0,1942,242.8
016083,HAMILTON STATION,-26.73,135.08,170.0,1943,210.9
016083,HAMILTON STATION,-26.73,135.08,170.0,1944,67.6
016083,HAMILTON STATION,-26.73,135.08,170.0,1945,248.2
016083,HAMILTON STATION,-26.73,135.08,170.0,1946,329.7
016083,HAMILTON STATION,-26.73,135.08,170.0,1947,158.2
016083,HAMILTON STATION,-26.73,135.08,170.0,1948,148.1
016083,HAMILTON STATION,-26.73,135.08,170.0,1949,52.8
016083,HAMILTON STATION,-26.73,135.08,170.0,1950,370.1
016083,HAMILTON STATION,-26.73,135.08,170.0,1951,89.1
016083,HAMILTON STATION,-26.73,135.08,170.0,1952,244.6
016083,HAMILTON STATION,-26.73,135.08,170.0,1953,248.4
016083,HAMILTON STATION,-26.73,135.08,170.0,1954,113.3
016083,HAMILTON STATION,-26.73,135.08,170.0,1955,291.2
016083,HAMILTON STATION,-26.73,135.08,170.0,1956,133.9
016083,HAMILTON STATION,-26.73,135.08,170.0,1957,66.1
016083,HAMILTON STATION,-26.73,135.08,170.0,1958,59.4
016083,HAMILTON STATION,-26.73,135.08,170.0,1959,40.4
016083,HAMILTON STATION,-26.73,135.08,170.0,1960,123.0
016083,HAMILTON STATION,-26.73,135.08,170.0,1961,69.0
016083,HAMILTON STATION,-26.73,135.08,170.0,1962,88.7
016083,HAMILTON STATION,-26.73,135.08,170.0,1963,80.6
016083,HAMILTON STATION,-26.73,135.08,170.0,1964,59.5
016083,HAMILTON STATION,-26.73,135.08,170.0,1965,82.7
016083,HAMILTON STATION,-26.73,135.08,170.0,1966,159.8
016083,HAMILTON STATION,-26.73,135.08,170.0,1967,175.3
016083,HAMILTON STATION,-26.73,135.08,170.0,1968,208.8
016083,HAMILTON STATION,-26.73,135.08,170.0,1969,111.7
016083,HAMILTON STATION,-26.73,135.08,170.0,1970,27.0
016083,HAMILTON STATION,-26.73,135.08,170.0,1971,105.1
016083,HAMILTON STATION,-26.73,135.08,170.0,1972,122.3
016083,HAMILTON STATION,-26.73,135.08,170.0,1973,247.8
016083,HAMILTON STATION,-26.73,135.08,170.0,1974,395.0
016083,HAMILTON STATION,-26.73,135.08,170.0,1975,379.3
016083,HAMILTON STATION,-26.73,135.08,170.0,1976,522.4
016083,HAMILTON STATION,-26.73,135.08,170.0,1977,244.0
016083,HAMILTON STATION,-26.73,135.08,170.0,1978,262.4
016083,HAMILTON STATION,-26.73,135.08,170.0,1979,466.0
016083,HAMILTON STATION,-26.73,135.08,170.0,1980,141.4
016083,HAMILTON STATION,-26.73,135.08,170.0,1981,279.6
016083,HAMILTON STATION,-26.73,135.08,170.0,1982,88.0
016083,HAMILTON STATION,-26.73,135.08,170.0,1983,111.0
016083,HAMILTON STATION,-26.73,135.08,170.0,1984,334.6
016083,HAMILTON STATION,-26.73,135.08,170.0,1985,127.3
016083,HAMILTON STATION,-26.73,135.08,170.0,1986,110.8
016083,HAMILTON STATION,-26.73,135.08,170.0,1987,164.6
016083,HAMILTON STATION,-26.73,135.08,170.0,1988,
016083,HAMILTON STATION,-26.73,135.08,170.0,1989,
016083,HAMILTON STATION,-26.73,135.08,170.0,1990,56.0
016083,HAMILTON STATION,-26.73,135.08,170.0,1991,118.8
016083,HAMILTON STATION,-26.73,135.08,170.0,1992,233.0
016083,HAMILTON STATION,-26.73,135.08,170.0,1993,156.8
016083,HAMILTON STATION,-26.73,135.08,170.0,1994,20.0
016083,HAMILTON STATION,-26.73,135.08,170.0,1995,173.1
016083,HAMILTON STATION,-26.73,135.08,170.0,1996,113.5
016083,HAMILTON STATION,-26.73,135.08,170.0,1997,
016083,HAMILTON STATION,-26.73,135.08,170.0,1998,252.6
016083,HAMILTON STATION,-26.73,135.08,170.0,1999,182.0
016083,HAMILTON STATION,-26.73,135.08,170.0,2000,380.2
016083,HAMILTON STATION,-26.73,135.08,170.0,2001,371.1
016083,HAMILTON STATION,-26.73,135.08,170.0,2002,115.0
016083,HAMILTON STATION,-26.73,135.08,170.0,2003,234.3
016083,HAMILTON STATION,-26.73,135.08,170.0,2004,133.8
016083,HAMILTON STATION,-26.73,135.08,170.0,2005,113.6
016083,HAMILTON STATION,-26.73,135.08,170.0,2006,45.6
016083,HAMILTON STATION,-26.73,135.08,170.0,2007,88.4
016083,HAMILTON STATION,-26.73,135.08,170.0,2008,129.0
016083,HAMILTON STATION,-26.73,135.08,170.0,2009,167.7
016083,HAMILTON STATION,-26.73,135.08,170.0,2010,301.5
016083,HAMILTON STATION,-26.73,135.08,170.0,2011,231.1
016083,HAMILTON STATION,-26.73,135.08,170.0,2012,149.9
016083,HAMILTON STATION,-26.73,135.08,170.0,2013,
016083,HAMILTON STATION,-26.73,135.08,170.0,2014,
016083,HAMILTON STATION,-26.73,135.08,170.0,2015,
016083,HAMILTON STATION,-26.73,135.08,170.0,2016,
016083,HAMILTON STATION,-26.73,135.08,170.0,2017,
016083,HAMILTON STATION,-26.73,135.08,170.0,2018,
016083,HAMILTON STATION,-26.73,135.08,170.0,2019,
016083,HAMILTON STATION,-26.73,135.08,170.0,2020,76.4
016083,HAMILTON STATION,-26.73,135.08,170.0,2021,
016083,HAMILTON STATION,-26.73,135.08,170.0,2022,
016083,HAMILTON STATION,-26.73,135.08,170.0,2023,190.4
016083,HAMILTON STATION,-26.73,135.08,170.0,2024,
016083,HAMILTON STATION,-26.73,135.08,170.0,2025,123.0
017004,ANNA CREEK,-28.9,136.17,105.0,1910,240.5
017004,ANNA CREEK,-28.9,136.17,105.0,1911,142.2
017004,ANNA CREEK,-28.9,136.17,105.0,1912,81.9
017004,ANNA CREEK,-28.9,136.17,105.0,1913,156.3
017004,ANNA CREEK,-28.9,136.17,105.0,1914,122.0
017004,ANNA CREEK,-28.9,136.17,105.0,1915,59.6
017004,ANNA CREEK,-28.9,136.17,105.0,1916,172.9
017004,ANNA CREEK,-28.9,136.17,105.0,1917,148.3
017004,ANNA CREEK,-28.9,136.17,105.0,1918,52.4
017004,ANNA CREEK,-28.9,136.17,105.0,1919,69.3
017004,ANNA CREEK,-28.9,136.17,105.0,1920,284.3
017004,ANNA CREEK,-28.9,136.17,105.0,1921,218.7
017004,ANNA CREEK,-28.9,136.17,105.0,1922,159.5
017004,ANNA CREEK,-28.9,136.17,105.0,1923,126.1
017004,ANNA CREEK,-28.9,136.17,105.0,1924,113.4
017004,ANNA CREEK,-28.9,136.17,105.0,1925,69.0
017004,ANNA CREEK,-28.9,136.17,105.0,1926,141.5
017004,ANNA CREEK,-28.9,136.17,105.0,1927,85.3
017004,ANNA CREEK,-28.9,136.17,105.0,1928,103.1
017004,ANNA CREEK,-28.9,136.17,105.0,1929,47.4
017004,ANNA CREEK,-28.9,136.17,105.0,1930,207.6
017004,ANNA CREEK,-28.9,136.17,105.0,1931,89.6
017004,ANNA CREEK,-28.9,136.17,105.0,1932,118.5
017004,ANNA CREEK,-28.9,136.17,105.0,1933,63.5
017004,ANNA CREEK,-28.9,136.17,105.0,1934,78.5
017004,ANNA CREEK,-28.9,136.17,105.0,1935,158.5
017004,ANNA CREEK,-28.9,136.17,105.0,1936,108.5
017004,ANNA CREEK,-28.9,136.17,105.0,1937,77.8
017004,ANNA CREEK,-28.9,136.17,105.0,1938,181.7
017004,ANNA CREEK,-28.9,136.17,105.0,1939,257.6
017004,ANNA CREEK,-28.9,136.17,105.0,1940,21.6
017004,ANNA CREEK,-28.9,136.17,105.0,1941,123.4
017004,ANNA CREEK,-28.9,136.17,105.0,1942,126.9
017004,ANNA CREEK,-28.9,136.17,105.0,1943,59.8
017004,ANNA CREEK,-28.9,136.17,105.0,1944,20.1
017004,ANNA CREEK,-28.9,136.17,105.0,1945,171.7
017004,ANNA CREEK,-28.9,136.17,105.0,1946,128.2
017004,ANNA CREEK,-28.9,136.17,105.0,1947,123.6
017004,ANNA CREEK,-28.9,136.17,105.0,1948,110.5
017004,ANNA CREEK,-28.9,136.17,105.0,1949,131.5
017004,ANNA CREEK,-28.9,136.17,105.0,1950,230.0
017004,ANNA CREEK,-28.9,136.17,105.0,1951,41.9
017004,ANNA CREEK,-28.9,136.17,105.0,1952,135.2
017004,ANNA CREEK,-28.9,136.17,105.0,1953,108.2
017004,ANNA CREEK,-28.9,136.17,105.0,1954,86.7
017004,ANNA CREEK,-28.9,136.17,105.0,1955,192.5
017004,ANNA CREEK,-28.9,136.17,105.0,1956,99.5
017004,ANNA CREEK,-28.9,136.17,105.0,1957,97.6
017004,ANNA CREEK,-28.9,136.17,105.0,1958,184.6
017004,ANNA CREEK,-28.9,136.17,105.0,1959,143.3
017004,ANNA CREEK,-28.9,136.17,105.0,1960,76.7
017004,ANNA CREEK,-28.9,136.17,105.0,1961,64.8
017004,ANNA CREEK,-28.9,136.17,105.0,1962,87.8
017004,ANNA CREEK,-28.9,136.17,105.0,1963,116.5
017004,ANNA CREEK,-28.9,136.17,105.0,1964,111.6
017004,ANNA CREEK,-28.9,136.17,105.0,1965,66.0
017004,ANNA CREEK,-28.9,136.17,105.0,1966,185.8
017004,ANNA CREEK,-28.9,136.17,105.0,1967,84.6
017004,ANNA CREEK,-28.9,136.17,105.0,1968,247.6
017004,ANNA CREEK,-28.9,136.17,105.0,1969,224.2
017004,ANNA CREEK,-28.9,136.17,105.0,1970,97.0
017004,ANNA CREEK,-28.9,136.17,105.0,1971,117.4
017004,ANNA CREEK,-28.9,136.17,105.0,1972,32.5
017004,ANNA CREEK,-28.9,136.17,105.0,1973,392.3
017004,ANNA CREEK,-28.9,136.17,105.0,1974,425.6
017004,ANNA CREEK,-28.9,136.17,105.0,1975,209.8
017004,ANNA CREEK,-28.9,136.17,105.0,1976,214.0
017004,ANNA CREEK,-28.9,136.17,105.0,1977,87.0
017004,ANNA CREEK,-28.9,136.17,105.0,1978,168.0
017004,ANNA CREEK,-28.9,136.17,105.0,1979,220.0
017004,ANNA CREEK,-28.9,136.17,105.0,1980,102.0
017004,ANNA CREEK,-28.9,136.17,105.0,1981,90.4
017004,ANNA CREEK,-28.9,136.17,105.0,1982,60.2
017004,ANNA CREEK,-28.9,136.17,105.0,1983,68.6
017004,ANNA CREEK,-28.9,136.17,105.0,1984,401.0
017004,ANNA CREEK,-28.9,136.17,105.0,1985,66.0
017004,ANNA CREEK,-28.9,136.17,105.0,1986,126.2
017004,ANNA CREEK,-28.9,136.17,105.0,1987,87.6
017004,ANNA CREEK,-28.9,136.17,105.0,1988,191.1
017004,ANNA CREEK,-28.9,136.17,105.0,1989,425.0
017004,ANNA CREEK,-28.9,136.17,105.0,1990,52.2
017004,ANNA CREEK,-28.9,136.17,105.0,1991,40.0
017004,ANNA CREEK,-28.9,136.17,105.0,1992,227.0
017004,ANNA CREEK,-28.9,136.17,105.0,1993,158.0
017004,ANNA CREEK,-28.9,136.17,105.0,1994,75.0
017004,ANNA CREEK,-28.9,136.17,105.0,1995,202.6
017004,ANNA CREEK,-28.9,136.17,105.0,1996,71.4
017004,ANNA CREEK,-28.9,136.17,105.0,1997,227.2
017004,ANNA CREEK,-28.9,136.17,105.0,1998,194.8
017004,ANNA CREEK,-28.9,136.17,105.0,1999,99.7
017004,ANNA CREEK,-28.9,136.17,105.0,2000,209.3
017004,ANNA CREEK,-28.9,136.17,105.0,2001,172.9
017004,ANNA CREEK,-28.9,136.17,105.0,2002,26.0
017004,ANNA CREEK,-28.9,136.17,105.0,2003,102.5
017004,ANNA CREEK,-28.9,136.17,105.0,2004,
017004,ANNA CREEK,-28.9,136.17,105.0,2005,
017004,ANNA CREEK,-28.9,136.17,105.0,2006,38.8
017004,ANNA CREEK,-28.9,136.17,105.0,2007,44.0
017004,ANNA CREEK,-28.9,136.17,105.0,2008,91.2
017004,ANNA CREEK,-28.9,136.17,105.0,2009,108.0
017004,ANNA CREEK,-28.9,136.17,105.0,2010,
017004,ANNA CREEK,-28.9,136.17,105.0,2011,208.0
017004,ANNA CREEK,-28.9,136.17,105.0,2012,66.0
017004,ANNA CREEK,-28.9,136.17,105.0,2013,
017004,ANNA CREEK,-28.9,136.17,105.0,2014,
017004,ANNA CREEK,-28.9,136.17,105.0,2015,
017004,ANNA CREEK,-28.9,136.17,105.0,2016,
017004,ANNA CREEK,-28.9,136.17,105.0,2017,
017004,ANNA CREEK,-28.9,136.17,105.0,2018,
017004,ANNA CREEK,-28.9,136.17,105.0,2019,9.5
017004,ANNA CREEK,-28.9,136.17,105.0,2020,
017004,ANNA CREEK,-28.9,136.17,105.0,2021,86.0
017004,ANNA CREEK,-28.9,136.17,105.0,2022,102.0
017004,ANNA CREEK,-28.9,136.17,105.0,2023,113.0
017004,ANNA CREEK,-28.9,136.17,105.0,2024,128.5
017004,ANNA CREEK,-28.9,136.17,105.0,2025,45.7
017024,FARINA,-30.07,138.27,91.0,1879,167.4
017024,FARINA,-30.07,138.27,91.0,1880,97.9
017024,FARINA,-30.07,138.27,91.0,1881,96.8
017024,FARINA,-30.07,138.27,91.0,1882,202.1
017024,FARINA,-30.07,138.27,91.0,1883,131.7
017024,FARINA,-30.07,138.27,91.0,1884,142.5
017024,FARINA,-30.07,138.27,91.0,1885,196.1
017024,FARINA,-30.07,138.27,91.0,1886,165.9
017024,FARINA,-30.07,138.27,91.0,1887,254.8
017024,FARINA,-30.07,138.27,91.0,1888,58.7
017024,FARINA,-30.07,138.27,91.0,1889,217.0
017024,FARINA,-30.07,138.27,91.0,1890,315.1
017024,FARINA,-30.07,138.27,91.0,1891,187.8
017024,FARINA,-30.07,138.27,91.0,1892,116.4
017024,FARINA,-30.07,138.27,91.0,1893,151.2
017024,FARINA,-30.07,138.27,91.0,1894,160.8
017024,FARINA,-30.07,138.27,91.0,1895,170.1
017024,FARINA,-30.07,138.27,91.0,1896,86.0
017024,FARINA,-30.07,138.27,91.0,1897,110.6
017024,FARINA,-30.07,138.27,91.0,1898,184.3
017024,FARINA,-30.07,138.27,91.0,1899,219.1
017024,FARINA,-30.07,138.27,91.0,1900,91.3
017024,FARINA,-30.07,138.27,91.0,1901,121.6
017024,FARINA,-30.07,138.27,91.0,1902,46.7
017024,FARINA,-30.07,138.27,91.0,1903,158.5
017024,FARINA,-30.07,138.27,91.0,1904,366.8
017024,FARINA,-30.07,138.27,91.0,1905,136.9
017024,FARINA,-30.07,138.27,91.0,1906,285.6
017024,FARINA,-30.07,138.27,91.0,1907,218.2
017024,FARINA,-30.07,138.27,91.0,1908,189.9
017024,FARINA,-30.07,138.27,91.0,1909,169.8
017024,FARINA,-30.07,138.27,91.0,1910,252.2
017024,FARINA,-30.07,138.27,91.0,1911,130.2
017024,FARINA,-30.07,138.27,91.0,1912,163.5
017024,FARINA,-30.07,138.27,91.0,1913,154.9
017024,FARINA,-30.07,138.27,91.0,1914,116.5
017024,FARINA,-30.07,138.27,91.0,1915,113.4
017024,FARINA,-30.07,138.27,91.0,1916,184.9
017024,FARINA,-30.07,138.27,91.0,1917,184.6
017024,FARINA,-30.07,138.27,91.0,1918,131.5
017024,FARINA,-30.07,138.27,91.0,1919,167.5
017024,FARINA,-30.07,138.27,91.0,1920,340.2
017024,FARINA,-30.07,138.27,91.0,1921,166.7
017024,FARINA,-30.07,138.27,91.0,1922,92.5
017024,FARINA,-30.07,138.27,91.0,1923,173.8
017024,FARINA,-30.07,138.27,91.0,1924,176.7
017024,FARINA,-30.07,138.27,91.0,1925,138.9
017024,FARINA,-30.07,138.27,91.0,1926,198.7
017024,FARINA,-30.07,138.27,91.0,1927,64.1
017024,FARINA,-30.07,138.27,91.0,1928,109.1
017024,FARINA,-30.07,138.27,91.0,1929,71.6
017024,FARINA,-30.07,138.27,91.0,1930,195.0
017024,FARINA,-30.07,138.27,91.0,1931,144.0
017024,FARINA,-30.07,138.27,91.0,1932,179.7
017024,FARINA,-30.07,138.27,91.0,1933,91.9
017024,FARINA,-30.07,138.27,91.0,1934,83.5
017024,FARINA,-30.07,138.27,91.0,1935,108.1
017024,FARINA,-30.07,138.27,91.0,1936,110.4
017024,FARINA,-30.07,138.27,91.0,1937,161.9
017024,FARINA,-30.07,138.27,91.0,1938,130.3
017024,FARINA,-30.07,138.27,91.0,1939,233.7
017024,FARINA,-30.07,138.27,91.0,1940,63.8
017024,FARINA,-30.07,138.27,91.0,1941,199.9
017024,FARINA,-30.07,138.27,91.0,1942,136.7
017024,FARINA,-30.07,138.27,91.0,1943,91.0
017024,FARINA,-30.07,138.27,91.0,1944,129.0
017024,FARINA,-30.07,138.27,91.0,1945,159.5
017024,FARINA,-30.07,138.27,91.0,1946,236.3
017024,FARINA,-30.07,138.27,91.0,1947,127.2
017024,FARINA,-30.07,138.27,91.0,1948,153.3
017024,FARINA,-30.07,138.27,91.0,1949,136.1
017024,FARINA,-30.07,138.27,91.0,1950,272.7
017024,FARINA,-30.07,138.27,91.0,1951,64.2
017024,FARINA,-30.07,138.27,91.0,1952,149.7
017024,FARINA,-30.07,138.27,91.0,1953,216.4
017024,FARINA,-30.07,138.27,91.0,1954,162.4
017024,FARINA,-30.07,138.27,91.0,1955,356.5
017024,FARINA,-30.07,138.27,91.0,1956,271.2
017024,FARINA,-30.07,138.27,91.0,1957,123.8
017024,FARINA,-30.07,138.27,91.0,1958,241.7
017024,FARINA,-30.07,138.27,91.0,1959,83.0
017024,FARINA,-30.07,138.27,91.0,1960,59.8
017024,FARINA,-30.07,138.27,91.0,1961,132.7
017024,FARINA,-30.07,138.27,91.0,1962,145.2
017024,FARINA,-30.07,138.27,91.0,1963,232.9
017024,FARINA,-30.07,138.27,91.0,1964,79.9
017024,FARINA,-30.07,138.27,91.0,1965,81.7
017024,FARINA,-30.07,138.27,91.0,1966,129.7
017024,FARINA,-30.07,138.27,91.0,1967,47.4
017024,FARINA,-30.07,138.27,91.0,1968,262.6
017024,FARINA,-30.07,138.27,91.0,1969,113.0
017024,FARINA,-30.07,138.27,91.0,1970,90.7
017024,FARINA,-30.07,138.27,91.0,1971,153.0
017024,FARINA,-30.07,138.27,91.0,1972,165.3
017024,FARINA,-30.07,138.27,91.0,1973,384.9
017024,FARINA,-30.07,138.27,91.0,1974,372.2
017024,FARINA,-30.07,138.27,91.0,1975,325.6
017024,FARINA,-30.07,138.27,91.0,1976,268.2
017024,FARINA,-30.07,138.27,91.0,1977,31.0
017024,FARINA,-30.07,138.27,91.0,1978,198.7
017024,FARINA,-30.07,138.27,91.0,1979,301.3
017024,FARINA,-30.07,138.27,91.0,1980,85.8
017024,FARINA,-30.07,138.27,91.0,1981,129.4
017024,FARINA,-30.07,138.27,91.0,1982,63.4
017024,FARINA,-30.07,138.27,91.0,1983,91.5
017024,FARINA,-30.07,138.27,91.0,1984,287.6
017024,FARINA,-30.07,138.27,91.0,1985,109.8
017024,FARINA,-30.07,138.27,91.0,1986,185.1
017024,FARINA,-30.07,138.27,91.0,1987,185.2
017024,FARINA,-30.07,138.27,91.0,1988,170.7
017024,FARINA,-30.07,138.27,91.0,1989,332.0
017024,FARINA,-30.07,138.27,91.0,1990,130.4
017024,FARINA,-30.07,138.27,91.0,1991,75.8
017024,FARINA,-30.07,138.27,91.0,1992,260.0
017024,FARINA,-30.07,138.27,91.0,1993,242.1
017024,FARINA,-30.07,138.27,91.0,1994,69.6
017024,FARINA,-30.07,138.27,91.0,1995,213.8
017024,FARINA,-30.07,138.27,91.0,1996,104.2
017024,FARINA,-30.07,138.27,91.0,1997,
017024,FARINA,-30.07,138.27,91.0,1998,168.7
017024,FARINA,-30.07,138.27,91.0,1999,89.7
017024,FARINA,-30.07,138.27,91.0,2000,280.2
017024,FARINA,-30.07,138.27,91.0,2001,188.1
017024,FARINA,-30.07,138.27,91.0,2002,52.4
017024,FARINA,-30.07,138.27,91.0,2003,108.3
017024,FARINA,-30.07,138.27,91.0,2004,127.5
017024,FARINA,-30.07,138.27,91.0,2005,120.8
017024,FARINA,-30.07,138.27,91.0,2006,68.0
017024,FARINA,-30.07,138.27,91.0,2007,101.8
017024,FARINA,-30.07,138.27,91.0,2008,112.1
017024,FARINA,-30.07,138.27,91.0,2009,165.5
017024,FARINA,-30.07,138.27,91.0,2010,406.2
017024,FARINA,-30.07,138.27,91.0,2011,305.0
017024,FARINA,-30.07,138.27,91.0,2012,171.8
017024,FARINA,-30.07,138.27,91.0,2013,98.8
017024,FARINA,-30.07,138.27,91.0,2014,207.5
017024,FARINA,-30.07,138.27,91.0,2015,256.6
017024,FARINA,-30.07,138.27,91.0,2016,278.1
017024,FARINA,-30.07,138.27,91.0,2017,198.6
017024,FARINA,-30.07,138.27,91.0,2018,58.8
017024,FARINA,-30.07,138.27,91.0,2019,
017024,FARINA,-30.07,138.27,91.0,2020,190.4
017024,FARINA,-30.07,138.27,91.0,2021,158.2
017024,FARINA,-30.07,138.27,91.0,2022,345.4
017024,FARINA,-30.07,138.27,91.0,2023,138.4
017024,FARINA,-30.07,138.27,91.0,2024,204.4
017024,FARINA,-30.07,138.27,91.0,2025,85.4
017031,MARREE,-29.65,138.06,50.0,1886,205.4
017031,MARREE,-29.65,138.06,50.0,1887,165.9
017031,MARREE,-29.65,138.06,50.0,1888,59.8
017031,MARREE,-29.65,138.06,50.0,1889,227.6
017031,MARREE,-29.65,138.06,50.0,1890,136.7
017031,MARREE,-29.65,138.06,50.0,1891,145.5
017031,MARREE,-29.65,138.06,50.0,1892,114.9
017031,MARREE,-29.65,138.06,50.0,1893,182.8
017031,MARREE,-29.65,138.06,50.0,1894,197.7
017031,MARREE,-29.65,138.06,50.0,1895,156.7
017031,MARREE,-29.65,138.06,50.0,1896,124.3
017031,MARREE,-29.65,138.06,50.0,1897,92.3
017031,MARREE,-29.65,138.06,50.0,1898,139.5
017031,MARREE,-29.65,138.06,50.0,1899,189.6
017031,MARREE,-29.65,138.06,50.0,1900,88.2
017031,MARREE,-29.65,138.06,50.0,1901,69.2
017031,MARREE,-29.65,138.06,50.0,1902,55.9
017031,MARREE,-29.65,138.06,50.0,1903,187.9
017031,MARREE,-29.65,138.06,50.0,1904,255.9
017031,MARREE,-29.65,138.06,50.0,1905,130.1
017031,MARREE,-29.65,138.06,50.0,1906,235.4
017031,MARREE,-29.65,138.06,50.0,1907,155.7
017031,MARREE,-29.65,138.06,50.0,1908,164.7
017031,MARREE,-29.65,138.06,50.0,1909,128.1
017031,MARREE,-29.65,138.06,50.0,1910,230.7
017031,MARREE,-29.65,138.06,50.0,1911,178.2
017031,MARREE,-29.65,138.06,50.0,1912,126.5
017031,MARREE,-29.65,138.06,50.0,1913,157.1
017031,MARREE,-29.65,138.06,50.0,1914,213.8
017031,MARREE,-29.65,138.06,50.0,1915,91.6
017031,MARREE,-29.65,138.06,50.0,1916,148.2
017031,MARREE,-29.65,138.06,50.0,1917,165.9
017031,MARREE,-29.65,138.06,50.0,1918,128.9
017031,MARREE,-29.65,138.06,50.0,1919,123.2
017031,MARREE,-29.65,138.06,50.0,1920,255.9
017031,MARREE,-29.65,138.06,50.0,1921,184.1
017031,MARREE,-29.65,138.06,50.0,1922,92.4
017031,MARREE,-29.65,138.06,50.0,1923,121.5
017031,MARREE,-29.65,138.06,50.0,1924,132.6
017031,MARREE,-29.65,138.06,50.0,1925,111.3
017031,MARREE,-29.65,138.06,50.0,1926,143.7
017031,MARREE,-29.65,138.06,50.0,1927,136.3
017031,MARREE,-29.65,138.06,50.0,1928,112.7
017031,MARREE,-29.65,138.06,50.0,1929,93.3
017031,MARREE,-29.65,138.06,50.0,1930,221.1
017031,MARREE,-29.65,138.06,50.0,1931,107.4
017031,MARREE,-29.65,138.06,50.0,1932,193.7
017031,MARREE,-29.65,138.06,50.0,1933,97.0
017031,MARREE,-29.65,138.06,50.0,1934,83.5
017031,MARREE,-29.65,138.06,50.0,1935,109.2
017031,MARREE,-29.65,138.06,50.0,1936,115.6
017031,MARREE,-29.65,138.06,50.0,1937,170.4
017031,MARREE,-29.65,138.06,50.0,1938,118.2
017031,MARREE,-29.65,138.06,50.0,1939,291.2
017031,MARREE,-29.65,138.06,50.0,1940,54.1
017031,MARREE,-29.65,138.06,50.0,1941,355.4
017031,MARREE,-29.65,138.06,50.0,1942,156.5
017031,MARREE,-29.65,138.06,50.0,1943,76.3
017031,MARREE,-29.65,138.06,50.0,1944,87.1
017031,MARREE,-29.65,138.06,50.0,1945,137.0
017031,MARREE,-29.65,138.06,50.0,1946,190.6
017031,MARREE,-29.65,138.06,50.0,1947,116.7
017031,MARREE,-29.65,138.06,50.0,1948,204.1
017031,MARREE,-29.65,138.06,50.0,1949,159.0
017031,MARREE,-29.65,138.06,50.0,1950,408.7
017031,MARREE,-29.65,138.06,50.0,1951,86.8
017031,MARREE,-29.65,138.06,50.0,1952,135.2
017031,MARREE,-29.65,138.06,50.0,1953,179.6
017031,MARREE,-29.65,138.06,50.0,1954,155.9
017031,MARREE,-29.65,138.06,50.0,1955,352.4
017031,MARREE,-29.65,138.06,50.0,1956,239.8
017031,MARREE,-29.65,138.06,50.0,1957,141.5
017031,MARREE,-29.65,138.06,50.0,1958,265.3
017031,MARREE,-29.65,138.06,50.0,1959,80.8
017031,MARREE,-29.65,138.06,50.0,1960,71.4
017031,MARREE,-29.65,138.06,50.0,1961,111.2
017031,MARREE,-29.65,138.06,50.0,1962,96.0
017031,MARREE,-29.65,138.06,50.0,1963,146.9
017031,MARREE,-29.65,138.06,50.0,1964,121.3
017031,MARREE,-29.65,138.06,50.0,1965,87.6
017031,MARREE,-29.65,138.06,50.0,1966,121.5
017031,MARREE,-29.65,138.06,50.0,1967,39.3
017031,MARREE,-29.65,138.06,50.0,1968,177.0
017031,MARREE,-29.65,138.06,50.0,1969,138.6
017031,MARREE,-29.65,138.06,50.0,1970,119.1
017031,MARREE,-29.65,138.06,50.0,1971,132.1
017031,MARREE,-29.65,138.06,50.0,1972,147.8
017031,MARREE,-29.65,138.06,50.0,1973,324.1
017031,MARREE,-29.65,138.06,50.0,1974,387.6
017031,MARREE,-29.65,138.06,50.0,1975,342.8
017031,MARREE,-29.65,138.06,50.0,1976,379.1
017031,MARREE,-29.65,138.06,50.0,1977,79.2
017031,MARREE,-29.65,138.06,50.0,1978,203.2
017031,MARREE,-29.65,138.06,50.0,1979,358.2
017031,MARREE,-29.65,138.06,50.0,1980,183.0
017031,MARREE,-29.65,138.06,50.0,1981,190.8
017031,MARREE,-29.65,138.06,50.0,1982,60.2
017031,MARREE,-29.65,138.06,50.0,1983,73.4
017031,MARREE,-29.65,138.06,50.0,1984,283.9
017031,MARREE,-29.65,138.06,50.0,1985,102.4
017031,MARREE,-29.65,138.06,50.0,1986,182.5
017031,MARREE,-29.65,138.06,50.0,1987,158.2
017031,MARREE,-29.65,138.06,50.0,1988,199.7
017031,MARREE,-29.65,138.06,50.0,1989,305.6
017031,MARREE,-29.65,138.06,50.0,1990,130.0
017031,MARREE,-29.65,138.06,50.0,1991,87.5
017031,MARREE,-29.65,138.06,50.0,1992,241.7
017031,MARREE,-29.65,138.06,50.0,1993,244.2
017031,MARREE,-29.65,138.06,50.0,1994,75.1
017031,MARREE,-29.65,138.06,50.0,1995,260.7
017031,MARREE,-29.65,138.06,50.0,1996,96.5
017031,MARREE,-29.65,138.06,50.0,1997,212.7
017031,MARREE,-29.65,138.06,50.0,1998,190.0
017031,MARREE,-29.65,138.06,50.0,1999,78.1
017031,MARREE,-29.65,138.06,50.0,2000,223.3
017031,MARREE,-29.65,138.06,50.0,2001,284.2
017031,MARREE,-29.65,138.06,50.0,2002,42.0
017031,MARREE,-29.65,138.06,50.0,2003,126.9
017031,MARREE,-29.65,138.06,50.0,2004,107.3
017031,MARREE,-29.65,138.06,50.0,2005,124.6
017031,MARREE,-29.65,138.06,50.0,2006,82.8
017031,MARREE,-29.65,138.06,50.0,2007,78.3
017031,MARREE,-29.65,138.06,50.0,2008,155.8
017031,MARREE,-29.65,138.06,50.0,2009,134.1
017031,MARREE,-29.65,138.06,50.0,2010,353.3
017031,MARREE,-29.65,138.06,50.0,2011,172.4
017031,MARREE,-29.65,138.06,50.0,2012,137.9
017031,MARREE,-29.65,138.06,50.0,2013,104.0
017031,MARREE,-29.65,138.06,50.0,2014,164.2
018001,ARNO BAY,-33.91,136.57,9.0,1908,389.6
018001,ARNO BAY,-33.91,136.57,9.0,1909,340.0
018001,ARNO BAY,-33.91,136.57,9.0,1910,420.7
018001,ARNO BAY,-33.91,136.57,9.0,1911,351.1
018001,ARNO BAY,-33.91,136.57,9.0,1912,331.6
018001,ARNO BAY,-33.91,136.57,9.0,1913,249.3
018001,ARNO BAY,-33.91,136.57,9.0,1914,219.6
018001,ARNO BAY,-33.91,136.57,9.0,1915,326.8
018001,ARNO BAY,-33.91,136.57,9.0,1916,398.2
018001,ARNO BAY,-33.91,136.57,9.0,1917,420.0
018001,ARNO BAY,-33.91,136.57,9.0,1918,218.5
018001,ARNO BAY,-33.91,136.57,9.0,1919,275.5
018001,ARNO BAY,-33.91,136.57,9.0,1920,379.3
018001,ARNO BAY,-33.91,136.57,9.0,1921,416.5
018001,ARNO BAY,-33.91,136.57,9.0,1922,248.1
018001,ARNO BAY,-33.91,136.57,9.0,1923,309.6
018001,ARNO BAY,-33.91,136.57,9.0,1924,274.3
018001,ARNO BAY,-33.91,136.57,9.0,1925,269.4
018001,ARNO BAY,-33.91,136.57,9.0,1926,307.1
018001,ARNO BAY,-33.91,136.57,9.0,1927,247.0
018001,ARNO BAY,-33.91,136.57,9.0,1928,274.4
018001,ARNO BAY,-33.91,136.57,9.0,1929,303.1
018001,ARNO BAY,-33.91,136.57,9.0,1930,284.0
018001,ARNO BAY,-33.91,136.57,9.0,1931,339.2
018001,ARNO BAY,-33.91,136.57,9.0,1932,437.0
018001,ARNO BAY,-33.91,136.57,9.0,1933,337.7
018001,ARNO BAY,-33.91,136.57,9.0,1934,364.2
018001,ARNO BAY,-33.91,136.57,9.0,1935,397.4
018001,ARNO BAY,-33.91,136.57,9.0,1936,253.9
018001,ARNO BAY,-33.91,136.57,9.0,1937,303.8
018001,ARNO BAY,-33.91,136.57,9.0,1938,283.3
018001,ARNO BAY,-33.91,136.57,9.0,1939,393.8
018001,ARNO BAY,-33.91,136.57,9.0,1940,273.8
018001,ARNO BAY,-33.91,136.57,9.0,1941,312.0
018001,ARNO BAY,-33.91,136.57,9.0,1942,376.7
018001,ARNO BAY,-33.91,136.57,9.0,1943,255.3
018001,ARNO BAY,-33.91,136.57,9.0,1944,255.8
018001,ARNO BAY,-33.91,136.57,9.0,1945,367.7
018001,ARNO BAY,-33.91,136.57,9.0,1946,508.3
018001,ARNO BAY,-33.91,136.57,9.0,1947,389.8
018001,ARNO BAY,-33.91,136.57,9.0,1948,238.9
018001,ARNO BAY,-33.91,136.57,9.0,1949,385.6
018001,ARNO BAY,-33.91,136.57,9.0,1950,424.5
018001,ARNO BAY,-33.91,136.57,9.0,1951,384.1
018001,ARNO BAY,-33.91,136.57,9.0,1952,373.1
018001,ARNO BAY,-33.91,136.57,9.0,1953,366.0
018001,ARNO BAY,-33.91,136.57,9.0,1954,282.8
018001,ARNO BAY,-33.91,136.57,9.0,1955,410.9
018001,ARNO BAY,-33.91,136.57,9.0,1956,420.4
018001,ARNO BAY,-33.91,136.57,9.0,1957,151.1
018001,ARNO BAY,-33.91,136.57,9.0,1958,370.9
018001,ARNO BAY,-33.91,136.57,9.0,1959,169.2
018001,ARNO BAY,-33.91,136.57,9.0,1960,329.9
018001,ARNO BAY,-33.91,136.57,9.0,1961,209.8
018001,ARNO BAY,-33.91,136.57,9.0,1962,275.2
018001,ARNO BAY,-33.91,136.57,9.0,1963,354.4
018001,ARNO BAY,-33.91,136.57,9.0,1964,418.0
018001,ARNO BAY,-33.91,136.57,9.0,1965,238.5
018001,ARNO BAY,-33.91,136.57,9.0,1966,439.6
018001,ARNO BAY,-33.91,136.57,9.0,1967,191.9
018001,ARNO BAY,-33.91,136.57,9.0,1968,434.5
018001,ARNO BAY,-33.91,136.57,9.0,1969,333.1
018001,ARNO BAY,-33.91,136.57,9.0,1970,251.3
018001,ARNO BAY,-33.91,136.57,9.0,1971,322.9
018001,ARNO BAY,-33.91,136.57,9.0,1972,242.3
018001,ARNO BAY,-33.91,136.57,9.0,1973,376.8
018001,ARNO BAY,-33.91,136.57,9.0,1974,484.0
018001,ARNO BAY,-33.91,136.57,9.0,1975,305.8
018001,ARNO BAY,-33.91,136.57,9.0,1976,235.6
018001,ARNO BAY,-33.91,136.57,9.0,1977,250.6
018001,ARNO BAY,-33.91,136.57,9.0,1978,393.0
018001,ARNO BAY,-33.91,136.57,9.0,1979,452.5
018001,ARNO BAY,-33.91,136.57,9.0,1980,210.0
018001,ARNO BAY,-33.91,136.57,9.0,1981,298.8
018001,ARNO BAY,-33.91,136.57,9.0,1982,153.4
018001,ARNO BAY,-33.91,136.57,9.0,1983,411.2
018001,ARNO BAY,-33.91,136.57,9.0,1984,261.7
018001,ARNO BAY,-33.91,136.57,9.0,1985,275.1
018001,ARNO BAY,-33.91,136.57,9.0,1986,254.4
018001,ARNO BAY,-33.91,136.57,9.0,1987,221.2
018001,ARNO BAY,-33.91,136.57,9.0,1988,212.2
018001,ARNO BAY,-33.91,136.57,9.0,1989,407.8
018001,ARNO BAY,-33.91,136.57,9.0,1990,290.4
018001,ARNO BAY,-33.91,136.57,9.0,1991,254.1
018001,ARNO BAY,-33.91,136.57,9.0,1992,540.4
018001,ARNO BAY,-33.91,136.57,9.0,1993,366.0
018001,ARNO BAY,-33.91,136.57,9.0,1994,165.0
018001,ARNO BAY,-33.91,136.57,9.0,1995,299.8
018001,ARNO BAY,-33.91,136.57,9.0,1996,286.0
018001,ARNO BAY,-33.91,136.57,9.0,1997,353.0
018001,ARNO BAY,-33.91,136.57,9.0,1998,287.0
018001,ARNO BAY,-33.91,136.57,9.0,1999,283.8
018001,ARNO BAY,-33.91,136.57,9.0,2000,366.4
018001,ARNO BAY,-33.91,136.57,9.0,2001,309.4
018001,ARNO BAY,-33.91,136.57,9.0,2002,216.4
018001,ARNO BAY,-33.91,136.57,9.0,2003,342.0
018001,ARNO BAY,-33.91,136.57,9.0,2004,175.8
018001,ARNO BAY,-33.91,136.57,9.0,2005,307.8
018001,ARNO BAY,-33.91,136.57,9.0,2006,258.4
018001,ARNO BAY,-33.91,136.57,9.0,2007,242.2
018001,ARNO BAY,-33.91,136.57,9.0,2008,235.0
018001,ARNO BAY,-33.91,136.57,9.0,2009,249.0
018001,ARNO BAY,-33.91,136.57,9.0,2010,486.0
018001,ARNO BAY,-33.91,136.57,9.0,2011,394.6
018001,ARNO BAY,-33.91,136.57,9.0,2012,233.8
018001,ARNO BAY,-33.91,136.57,9.0,2013,344.8
018001,ARNO BAY,-33.91,136.57,9.0,2014,265.2
018001,ARNO BAY,-33.91,136.57,9.0,2015,341.2
018001,ARNO BAY,-33.91,136.57,9.0,2016,395.4
018001,ARNO BAY,-33.91,136.57,9.0,2017,313.3
018001,ARNO BAY,-33.91,136.57,9.0,2018,192.6
018001,ARNO BAY,-33.91,136.57,9.0,2019,148.0
018001,ARNO BAY,-33.91,136.57,9.0,2020,310.8
018001,ARNO BAY,-33.91,136.57,9.0,2021,300.0
018001,ARNO BAY,-33.91,136.57,9.0,2022,447.5
018001,ARNO BAY,-33.91,136.57,9.0,2023,347.8
018001,ARNO BAY,-33.91,136.57,9.0,2024,158.0
018001,ARNO BAY,-33.91,136.57,9.0,2025,263.6
018002,PENNALUMBA,-31.83,132.63,36.0,1899,264.5
018002,PENNALUMBA,-31.83,132.63,36.0,1900,397.2
018002,PENNALUMBA,-31.83,132.63,36.0,1901,369.5
018002,PENNALUMBA,-31.83,132.63,36.0,1902,366.7
018002,PENNALUMBA,-31.83,132.63,36.0,1903,390.2
018002,PENNALUMBA,-31.83,132.63,36.0,1904,303.0
018002,PENNALUMBA,-31.83,132.63,36.0,1905,221.4
018002,PENNALUMBA,-31.83,132.63,36.0,1906,273.6
018002,PENNALUMBA,-31.83,132.63,36.0,1907,217.4
018002,PENNALUMBA,-31.83,132.63,36.0,1908,302.6
018002,PENNALUMBA,-31.83,132.63,36.0,1909,326.0
018002,PENNALUMBA,-31.83,132.63,36.0,1910,278.0
018002,PENNALUMBA,-31.83,132.63,36.0,1911,284.1
018002,PENNALUMBA,-31.83,132.63,36.0,1912,347.8
018002,PENNALUMBA,-31.83,132.63,36.0,1913,339.5
018002,PENNALUMBA,-31.83,132.63,36.0,1914,186.3
018002,PENNALUMBA,-31.83,132.63,36.0,1915,352.6
018002,PENNALUMBA,-31.83,132.63,36.0,1916,543.0
018002,PENNALUMBA,-31.83,132.63,36.0,1917,408.7
018002,PENNALUMBA,-31.83,132.63,36.0,1918,207.1
018002,PENNALUMBA,-31.83,132.63,36.0,1919,258.9
018002,PENNALUMBA,-31.83,132.63,36.0,1920,342.3
018002,PENNALUMBA,-31.83,132.63,36.0,1921,331.5
018002,PENNALUMBA,-31.83,132.63,36.0,1922,357.8
018002,PENNALUMBA,-31.83,132.63,36.0,1923,211.6
018002,PENNALUMBA,-31.83,132.63,36.0,1924,209.1
018002,PENNALUMBA,-31.83,132.63,36.0,1925,168.6
018002,PENNALUMBA,-31.83,132.63,36.0,1926,205.0
018002,PENNALUMBA,-31.83,132.63,36.0,1927,252.8
018002,PENNALUMBA,-31.83,132.63,36.0,1928,185.2
018002,PENNALUMBA,-31.83,132.63,36.0,1929,187.5
018002,PENNALUMBA,-31.83,132.63,36.0,1930,230.7
018002,PENNALUMBA,-31.83,132.63,36.0,1931,574.7
018002,PENNALUMBA,-31.83,132.63,36.0,1932,478.9
018002,PENNALUMBA,-31.83,132.63,36.0,1933,373.8
018002,PENNALUMBA,-31.83,132.63,36.0,1934,252.4
018002,PENNALUMBA,-31.83,132.63,36.0,1935,357.4
018002,PENNALUMBA,-31.83,132.63,36.0,1936,270.8
018002,PENNALUMBA,-31.83,132.63,36.0,1937,301.5
018002,PENNALUMBA,-31.83,132.63,36.0,1938,270.5
018002,PENNALUMBA,-31.83,132.63,36.0,1939,272.0
018002,PENNALUMBA,-31.83,132.63,36.0,1940,184.4
018002,PENNALUMBA,-31.83,132.63,36.0,1941,246.5
018002,PENNALUMBA,-31.83,132.63,36.0,1942,341.6
018002,PENNALUMBA,-31.83,132.63,36.0,1943,157.3
018002,PENNALUMBA,-31.83,132.63,36.0,1944,162.0
018002,PENNALUMBA,-31.83,132.63,36.0,1945,294.8
018002,PENNALUMBA,-31.83,132.63,36.0,1946,191.8
018002,PENNALUMBA,-31.83,132.63,36.0,1947,254.8
018002,PENNALUMBA,-31.83,132.63,36.0,1948,143.5
018002,PENNALUMBA,-31.83,132.63,36.0,1949,248.4
018002,PENNALUMBA,-31.83,132.63,36.0,1950,262.8
018002,PENNALUMBA,-31.83,132.63,36.0,1951,307.5
018002,PENNALUMBA,-31.83,132.63,36.0,1952,315.5
018002,PENNALUMBA,-31.83,132.63,36.0,1953,333.8
018002,PENNALUMBA,-31.83,132.63,36.0,1954,294.6
018002,PENNALUMBA,-31.83,132.63,36.0,1955,331.4
018002,PENNALUMBA,-31.83,132.63,36.0,1956,381.7
018002,PENNALUMBA,-31.83,132.63,36.0,1957,235.1
018002,PENNALUMBA,-31.83,132.63,36.0,1958,330.9
018002,PENNALUMBA,-31.83,132.63,36.0,1959,201.6
018002,PENNALUMBA,-31.83,132.63,36.0,1960,343.2
018002,PENNALUMBA,-31.83,132.63,36.0,1961,163.0
018002,PENNALUMBA,-31.83,132.63,36.0,1962,227.0
018002,PENNALUMBA,-31.83,132.63,36.0,1963,224.9
018002,PENNALUMBA,-31.83,132.63,36.0,1964,308.1
018002,PENNALUMBA,-31.83,132.63,36.0,1965,167.3
018002,PENNALUMBA,-31.83,132.63,36.0,1966,449.1
018002,PENNALUMBA,-31.83,132.63,36.0,1967,176.4
018002,PENNALUMBA,-31.83,132.63,36.0,1968,550.5
018002,PENNALUMBA,-31.83,132.63,36.0,1969,398.4
018002,PENNALUMBA,-31.83,132.63,36.0,1970,236.1
018002,PENNALUMBA,-31.83,132.63,36.0,1971,374.8
018002,PENNALUMBA,-31.83,132.63,36.0,1972,204.6
018002,PENNALUMBA,-31.83,132.63,36.0,1973,404.1
018002,PENNALUMBA,-31.83,132.63,36.0,1974,376.8
018002,PENNALUMBA,-31.83,132.63,36.0,1975,359.6
018002,PENNALUMBA,-31.83,132.63,36.0,1976,246.8
018002,PENNALUMBA,-31.83,132.63,36.0,1977,171.4
018002,PENNALUMBA,-31.83,132.63,36.0,1978,380.7
018002,PENNALUMBA,-31.83,132.63,36.0,1979,381.5
018002,PENNALUMBA,-31.83,132.63,36.0,1980,216.1
018002,PENNALUMBA,-31.83,132.63,36.0,1981,295.8
018002,PENNALUMBA,-31.83,132.63,36.0,1982,173.8
018002,PENNALUMBA,-31.83,132.63,36.0,1983,411.1
018002,PENNALUMBA,-31.83,132.63,36.0,1984,278.3
018002,PENNALUMBA,-31.83,132.63,36.0,1985,170.0
018002,PENNALUMBA,-31.83,132.63,36.0,1986,328.8
018002,PENNALUMBA,-31.83,132.63,36.0,1987,186.6
018002,PENNALUMBA,-31.83,132.63,36.0,1988,182.3
018002,PENNALUMBA,-31.83,132.63,36.0,1989,318.6
018002,PENNALUMBA,-31.83,132.63,36.0,1990,341.8
018002,PENNALUMBA,-31.83,132.63,36.0,1991,338.8
018002,PENNALUMBA,-31.83,132.63,36.0,1992,496.2
018002,PENNALUMBA,-31.83,132.63,36.0,1993,364.2
018002,PENNALUMBA,-31.83,132.63,36.0,1994,
018002,PENNALUMBA,-31.83,132.63,36.0,1995,286.2
018002,PENNALUMBA,-31.83,132.63,36.0,1996,295.4
018002,PENNALUMBA,-31.83,132.63,36.0,1997,366.5
018002,PENNALUMBA,-31.83,132.63,36.0,1998,297.6
018002,PENNALUMBA,-31.83,132.63,36.0,1999,179.8
018002,PENNALUMBA,-31.83,132.63,36.0,2000,267.5
018002,PENNALUMBA,-31.83,132.63,36.0,2001,403.9
018002,PENNALUMBA,-31.83,132.63,36.0,2002,213.4
018002,PENNALUMBA,-31.83,132.63,36.0,2003,297.8
018002,PENNALUMBA,-31.83,132.63,36.0,2004,284.0
018002,PENNALUMBA,-31.83,132.63,36.0,2005,272.2
018002,PENNALUMBA,-31.83,132.63,36.0,2006,
018002,PENNALUMBA,-31.83,132.63,36.0,2007,284.3
018002,PENNALUMBA,-31.83,132.63,36.0,2008,
018002,PENNALUMBA,-31.83,132.63,36.0,2009,
018002,PENNALUMBA,-31.83,132.63,36.0,2010,402.4
018002,PENNALUMBA,-31.83,132.63,36.0,2011,
018002,PENNALUMBA,-31.83,132.63,36.0,2012,199.8
018002,PENNALUMBA,-31.83,132.63,36.0,2013,310.6
018002,PENNALUMBA,-31.83,132.63,36.0,2014,279.0
018002,PENNALUMBA,-31.83,132.63,36.0,2015,249.2
018002,PENNALUMBA,-31.83,132.63,36.0,2016,449.4
018002,PENNALUMBA,-31.83,132.63,36.0,2017,314.2
018002,PENNALUMBA,-31.83,132.63,36.0,2018,
018002,PENNALUMBA,-31.83,132.63,36.0,2019,110.2
018002,PENNALUMBA,-31.83,132.63,36.0,2020,300.6
018002,PENNALUMBA,-31.83,132.63,36.0,2021,292.6
018002,PENNALUMBA,-31.83,132.63,36.0,2022,377.6
018023,CUMMINS,-34.27,135.73,65.0,1910,675.5
018023,CUMMINS,-34.27,135.73,65.0,1911,498.0
018023,CUMMINS,-34.27,135.73,65.0,1912,558.4
018023,CUMMINS,-34.27,135.73,65.0,1913,314.8
018023,CUMMINS,-34.27,135.73,65.0,1914,318.5
018023,CUMMINS,-34.27,135.73,65.0,1915,497.7
018023,CUMMINS,-34.27,135.73,65.0,1916,564.9
018023,CUMMINS,-34.27,135.73,65.0,1917,619.3
018023,CUMMINS,-34.27,135.73,65.0,1918,360.8
018023,CUMMINS,-34.27,135.73,65.0,1919,332.0
018023,CUMMINS,-34.27,135.73,65.0,1920,555.1
018023,CUMMINS,-34.27,135.73,65.0,1921,452.5
018023,CUMMINS,-34.27,135.73,65.0,1922,411.5
018023,CUMMINS,-34.27,135.73,65.0,1923,535.9
018023,CUMMINS,-34.27,135.73,65.0,1924,402.2
018023,CUMMINS,-34.27,135.73,65.0,1925,428.9
018023,CUMMINS,-34.27,135.73,65.0,1926,484.5
018023,CUMMINS,-34.27,135.73,65.0,1927,374.6
018023,CUMMINS,-34.27,135.73,65.0,1928,356.2
018023,CUMMINS,-34.27,135.73,65.0,1929,417.5
018023,CUMMINS,-34.27,135.73,65.0,1930,330.7
018023,CUMMINS,-34.27,135.73,65.0,1931,393.1
018023,CUMMINS,-34.27,135.73,65.0,1932,560.5
018023,CUMMINS,-34.27,135.73,65.0,1933,440.6
018023,CUMMINS,-34.27,135.73,65.0,1934,441.5
018023,CUMMINS,-34.27,135.73,65.0,1935,511.5
018023,CUMMINS,-34.27,135.73,65.0,1936,319.1
018023,CUMMINS,-34.27,135.73,65.0,1937,498.5
018023,CUMMINS,-34.27,135.73,65.0,1938,476.7
018023,CUMMINS,-34.27,135.73,65.0,1939,477.5
018023,CUMMINS,-34.27,135.73,65.0,1940,390.7
018023,CUMMINS,-34.27,135.73,65.0,1941,417.3
018023,CUMMINS,-34.27,135.73,65.0,1942,549.6
018023,CUMMINS,-34.27,135.73,65.0,1943,415.3
018023,CUMMINS,-34.27,135.73,65.0,1944,296.9
018023,CUMMINS,-34.27,135.73,65.0,1945,410.4
018023,CUMMINS,-34.27,135.73,65.0,1946,572.6
018023,CUMMINS,-34.27,135.73,65.0,1947,541.3
018023,CUMMINS,-34.27,135.73,65.0,1948,350.4
018023,CUMMINS,-34.27,135.73,65.0,1949,370.3
018023,CUMMINS,-34.27,135.73,65.0,1950,351.1
018023,CUMMINS,-34.27,135.73,65.0,1951,489.2
018023,CUMMINS,-34.27,135.73,65.0,1952,485.8
018023,CUMMINS,-34.27,135.73,65.0,1953,411.6
018023,CUMMINS,-34.27,135.73,65.0,1954,319.5
018023,CUMMINS,-34.27,135.73,65.0,1955,558.4
018023,CUMMINS,-34.27,135.73,65.0,1956,635.4
018023,CUMMINS,-34.27,135.73,65.0,1957,204.0
018023,CUMMINS,-34.27,135.73,65.0,1958,393.7
018023,CUMMINS,-34.27,135.73,65.0,1959,227.5
018023,CUMMINS,-34.27,135.73,65.0,1960,517.1
018023,CUMMINS,-34.27,135.73,65.0,1961,374.5
018023,CUMMINS,-34.27,135.73,65.0,1962,327.8
018023,CUMMINS,-34.27,135.73,65.0,1963,488.6
018023,CUMMINS,-34.27,135.73,65.0,1964,546.2
018023,CUMMINS,-34.27,135.73,65.0,1965,302.7
018023,CUMMINS,-34.27,135.73,65.0,1966,517.1
018023,CUMMINS,-34.27,135.73,65.0,1967,279.9
018023,CUMMINS,-34.27,135.73,65.0,1968,636.8
018023,CUMMINS,-34.27,135.73,65.0,1969,393.9
018023,CUMMINS,-34.27,135.73,65.0,1970,379.0
018023,CUMMINS,-34.27,135.73,65.0,1971,613.7
018023,CUMMINS,-34.27,135.73,65.0,1972,457.0
018023,CUMMINS,-34.27,135.73,65.0,1973,504.2
018023,CUMMINS,-34.27,135.73,65.0,1974,470.0
018023,CUMMINS,-34.27,135.73,65.0,1975,400.2
018023,CUMMINS,-34.27,135.73,65.0,1976,300.3
018023,CUMMINS,-34.27,135.73,65.0,1977,325.8
018023,CUMMINS,-34.27,135.73,65.0,1978,448.4
018023,CUMMINS,-34.27,135.73,65.0,1979,527.6
018023,CUMMINS,-34.27,135.73,65.0,1980,360.1
018023,CUMMINS,-34.27,135.73,65.0,1981,481.0
018023,CUMMINS,-34.27,135.73,65.0,1982,289.2
018023,CUMMINS,-34.27,135.73,65.0,1983,480.5
018023,CUMMINS,-34.27,135.73,65.0,1984,396.9
018023,CUMMINS,-34.27,135.73,65.0,1985,353.0
018023,CUMMINS,-34.27,135.73,65.0,1986,390.8
018023,CUMMINS,-34.27,135.73,65.0,1987,352.6
018023,CUMMINS,-34.27,135.73,65.0,1988,372.4
018023,CUMMINS,-34.27,135.73,65.0,1989,403.3
018023,CUMMINS,-34.27,135.73,65.0,1990,472.5
018023,CUMMINS,-34.27,135.73,65.0,1991,313.1
018023,CUMMINS,-34.27,135.73,65.0,1992,686.0
018023,CUMMINS,-34.27,135.73,65.0,1993,318.2
018023,CUMMINS,-34.27,135.73,65.0,1994,227.0
018023,CUMMINS,-34.27,135.73,65.0,1995,439.1
018023,CUMMINS,-34.27,135.73,65.0,1996,455.1
018023,CUMMINS,-34.27,135.73,65.0,1997,349.5
018023,CUMMINS,-34.27,135.73,65.0,1998,320.8
018023,CUMMINS,-34.27,135.73,65.0,1999,
018023,CUMMINS,-34.27,135.73,65.0,2000,477.0
018023,CUMMINS,-34.27,135.73,65.0,2001,459.8
018023,CUMMINS,-34.27,135.73,65.0,2002,
018023,CUMMINS,-34.27,135.73,65.0,2003,
018023,CUMMINS,-34.27,135.73,65.0,2004,
018023,CUMMINS,-34.27,135.73,65.0,2005,477.4
018023,CUMMINS,-34.27,135.73,65.0,2006,336.2
018023,CUMMINS,-34.27,135.73,65.0,2007,
018023,CUMMINS,-34.27,135.73,65.0,2008,
018023,CUMMINS,-34.27,135.73,65.0,2009,453.8
018023,CUMMINS,-34.27,135.73,65.0,2010,496.6
018023,CUMMINS,-34.27,135.73,65.0,2011,
018023,CUMMINS,-34.27,135.73,65.0,2012,304.4
018023,CUMMINS,-34.27,135.73,65.0,2013,470.0
018023,CUMMINS,-34.27,135.73,65.0,2014,
018023,CUMMINS,-34.27,135.73,65.0,2015,359.6
018023,CUMMINS,-34.27,135.73,65.0,2016,
018023,CUMMINS,-34.27,135.73,65.0,2017,401.0
018023,CUMMINS,-34.27,135.73,65.0,2018,361.1
018023,CUMMINS,-34.27,135.73,65.0,2019,325.6
018023,CUMMINS,-34.27,135.73,65.0,2020,392.0
018023,CUMMINS,-34.27,135.73,65.0,2021,406.4
018023,CUMMINS,-34.27,135.73,65.0,2022,596.6
018023,CUMMINS,-34.27,135.73,65.0,2023,342.1
018023,CUMMINS,-34.27,135.73,65.0,2024,285.6
018023,CUMMINS,-34.27,135.73,65.0,2025,382.4
018031,GILLES DOWNS,-32.87,137.0,185.0,1910,325.9
018031,GILLES DOWNS,-32.87,137.0,185.0,1911,143.1
018031,GILLES DOWNS,-32.87,137.0,185.0,1912,276.1
018031,GILLES DOWNS,-32.87,137.0,185.0,1913,235.3
018031,GILLES DOWNS,-32.87,137.0,185.0,1914,128.0
018031,GILLES DOWNS,-32.87,137.0,185.0,1915,219.6
018031,GILLES DOWNS,-32.87,137.0,185.0,1916,347.3
018031,GILLES DOWNS,-32.87,137.0,185.0,1917,313.2
018031,GILLES DOWNS,-32.87,137.0,185.0,1918,178.2
018031,GILLES DOWNS,-32.87,137.0,185.0,1919,202.7
018031,GILLES DOWNS,-32.87,137.0,185.0,1920,324.7
018031,GILLES DOWNS,-32.87,137.0,185.0,1921,457.3
018031,GILLES DOWNS,-32.87,137.0,185.0,1922,141.9
018031,GILLES DOWNS,-32.87,137.0,185.0,1923,214.1
018031,GILLES DOWNS,-32.87,137.0,185.0,1924,216.6
018031,GILLES DOWNS,-32.87,137.0,185.0,1925,155.4
018031,GILLES DOWNS,-32.87,137.0,185.0,1926,235.6
018031,GILLES DOWNS,-32.87,137.0,185.0,1927,98.9
018031,GILLES DOWNS,-32.87,137.0,185.0,1928,149.4
018031,GILLES DOWNS,-32.87,137.0,185.0,1929,111.0
018031,GILLES DOWNS,-32.87,137.0,185.0,1930,199.4
018031,GILLES DOWNS,-32.87,137.0,185.0,1931,195.3
018031,GILLES DOWNS,-32.87,137.0,185.0,1932,273.9
018031,GILLES DOWNS,-32.87,137.0,185.0,1933,164.7
018031,GILLES DOWNS,-32.87,137.0,185.0,1934,161.9
018031,GILLES DOWNS,-32.87,137.0,185.0,1935,242.3
018031,GILLES DOWNS,-32.87,137.0,185.0,1936,172.6
018031,GILLES DOWNS,-32.87,137.0,185.0,1937,318.0
018031,GILLES DOWNS,-32.87,137.0,185.0,1938,240.4
018031,GILLES DOWNS,-32.87,137.0,185.0,1939,217.4
018031,GILLES DOWNS,-32.87,137.0,185.0,1940,106.2
018031,GILLES DOWNS,-32.87,137.0,185.0,1941,218.5
018031,GILLES DOWNS,-32.87,137.0,185.0,1942,392.5
018031,GILLES DOWNS,-32.87,137.0,185.0,1943,124.0
018031,GILLES DOWNS,-32.87,137.0,185.0,1944,177.3
018031,GILLES DOWNS,-32.87,137.0,185.0,1945,163.2
018031,GILLES DOWNS,-32.87,137.0,185.0,1946,454.4
018031,GILLES DOWNS,-32.87,137.0,185.0,1947,358.1
018031,GILLES DOWNS,-32.87,137.0,185.0,1948,140.6
018031,GILLES DOWNS,-32.87,137.0,185.0,1949,244.9
018031,GILLES DOWNS,-32.87,137.0,185.0,1950,217.3
018031,GILLES DOWNS,-32.87,137.0,185.0,1951,203.6
018031,GILLES DOWNS,-32.87,137.0,185.0,1952,289.2
018031,GILLES DOWNS,-32.87,137.0,185.0,1953,187.1
018031,GILLES DOWNS,-32.87,137.0,185.0,1954,257.1
018031,GILLES DOWNS,-32.87,137.0,185.0,1955,319.4
018031,GILLES DOWNS,-32.87,137.0,185.0,1956,321.9
018031,GILLES DOWNS,-32.87,137.0,185.0,1957,106.9
018031,GILLES DOWNS,-32.87,137.0,185.0,1958,321.2
018031,GILLES DOWNS,-32.87,137.0,185.0,1959,115.1
018031,GILLES DOWNS,-32.87,137.0,185.0,1960,348.9
018031,GILLES DOWNS,-32.87,137.0,185.0,1961,210.2
018031,GILLES DOWNS,-32.87,137.0,185.0,1962,194.8
018031,GILLES DOWNS,-32.87,137.0,185.0,1963,347.1
018031,GILLES DOWNS,-32.87,137.0,185.0,1964,167.1
018031,GILLES DOWNS,-32.87,137.0,185.0,1965,161.3
018031,GILLES DOWNS,-32.87,137.0,185.0,1966,309.4
018031,GILLES DOWNS,-32.87,137.0,185.0,1967,162.1
018031,GILLES DOWNS,-32.87,137.0,185.0,1968,328.2
018031,GILLES DOWNS,-32.87,137.0,185.0,1969,264.0
018031,GILLES DOWNS,-32.87,137.0,185.0,1970,140.8
018031,GILLES DOWNS,-32.87,137.0,185.0,1971,243.7
018031,GILLES DOWNS,-32.87,137.0,185.0,1972,197.5
018031,GILLES DOWNS,-32.87,137.0,185.0,1973,477.1
018031,GILLES DOWNS,-32.87,137.0,185.0,1974,580.7
018031,GILLES DOWNS,-32.87,137.0,185.0,1975,227.5
018031,GILLES DOWNS,-32.87,137.0,185.0,1976,206.9
018031,GILLES DOWNS,-32.87,137.0,185.0,1977,144.7
018031,GILLES DOWNS,-32.87,137.0,185.0,1978,252.9
018031,GILLES DOWNS,-32.87,137.0,185.0,1979,443.9
018031,GILLES DOWNS,-32.87,137.0,185.0,1980,230.0
018031,GILLES DOWNS,-32.87,137.0,185.0,1981,243.5
018031,GILLES DOWNS,-32.87,137.0,185.0,1982,101.8
018031,GILLES DOWNS,-32.87,137.0,185.0,1983,228.7
018031,GILLES DOWNS,-32.87,137.0,185.0,1984,250.6
018031,GILLES DOWNS,-32.87,137.0,185.0,1985,226.1
018031,GILLES DOWNS,-32.87,137.0,185.0,1986,256.1
018031,GILLES DOWNS,-32.87,137.0,185.0,1987,210.6
018031,GILLES DOWNS,-32.87,137.0,185.0,1988,196.5
018031,GILLES DOWNS,-32.87,137.0,185.0,1989,315.4
018031,GILLES DOWNS,-32.87,137.0,185.0,1990,198.6
018031,GILLES DOWNS,-32.87,137.0,185.0,1991,216.2
018031,GILLES DOWNS,-32.87,137.0,185.0,1992,466.6
018031,GILLES DOWNS,-32.87,137.0,185.0,1993,294.6
018031,GILLES DOWNS,-32.87,137.0,185.0,1994,
018031,GILLES DOWNS,-32.87,137.0,185.0,1995,275.8
018031,GILLES DOWNS,-32.87,137.0,185.0,1996,211.0
018031,GILLES DOWNS,-32.87,137.0,185.0,1997,352.2
018031,GILLES DOWNS,-32.87,137.0,185.0,1998,301.6
018031,GILLES DOWNS,-32.87,137.0,185.0,1999,229.0
018031,GILLES DOWNS,-32.87,137.0,185.0,2000,
018031,GILLES DOWNS,-32.87,137.0,185.0,2001,319.9
018031,GILLES DOWNS,-32.87,137.0,185.0,2002,118.4
018031,GILLES DOWNS,-32.87,137.0,185.0,2003,248.5
018031,GILLES DOWNS,-32.87,137.0,185.0,2004,154.0
018031,GILLES DOWNS,-32.87,137.0,185.0,2005,215.0
018031,GILLES DOWNS,-32.87,137.0,185.0,2006,137.0
018031,GILLES DOWNS,-32.87,137.0,185.0,2007,404.0
018031,GILLES DOWNS,-32.87,137.0,185.0,2008,172.5
018031,GILLES DOWNS,-32.87,137.0,185.0,2009,
018031,GILLES DOWNS,-32.87,137.0,185.0,2010,347.2
018031,GILLES DOWNS,-32.87,137.0,185.0,2011,355.8
018031,GILLES DOWNS,-32.87,137.0,185.0,2012,177.3
018031,GILLES DOWNS,-32.87,137.0,185.0,2013,249.8
018031,GILLES DOWNS,-32.87,137.0,185.0,2014,274.8
018031,GILLES DOWNS,-32.87,137.0,185.0,2015,171.2
018031,GILLES DOWNS,-32.87,137.0,185.0,2016,348.5
018031,GILLES DOWNS,-32.87,137.0,185.0,2017,217.9
018031,GILLES DOWNS,-32.87,137.0,185.0,2018,156.2
018031,GILLES DOWNS,-32.87,137.0,185.0,2019,136.0
018031,GILLES DOWNS,-32.87,137.0,185.0,2020,381.3
018031,GILLES DOWNS,-32.87,137.0,185.0,2021,223.1
018031,GILLES DOWNS,-32.87,137.0,185.0,2022,406.2
018031,GILLES DOWNS,-32.87,137.0,185.0,2023,260.0
018031,GILLES DOWNS,-32.87,137.0,185.0,2024,149.4
018031,GILLES DOWNS,-32.87,137.0,185.0,2025,133.6
018033,GOODE,-31.97,133.76,132.0,1909,372.4
018033,GOODE,-31.97,133.76,132.0,1910,301.1
018033,GOODE,-31.97,133.76,132.0,1911,300.3
018033,GOODE,-31.97,133.76,132.0,1912,298.5
018033,GOODE,-31.97,133.76,132.0,1913,314.3
018033,GOODE,-31.97,133.76,132.0,1914,145.3
018033,GOODE,-31.97,133.76,132.0,1915,259.8
018033,GOODE,-31.97,133.76,132.0,1916,440.7
018033,GOODE,-31.97,133.76,132.0,1917,354.4
018033,GOODE,-31.97,133.76,132.0,1918,257.3
018033,GOODE,-31.97,133.76,132.0,1919,270.8
018033,GOODE,-31.97,133.76,132.0,1920,325.0
018033,GOODE,-31.97,133.76,132.0,1921,375.2
018033,GOODE,-31.97,133.76,132.0,1922,350.3
018033,GOODE,-31.97,133.76,132.0,1923,299.4
018033,GOODE,-31.97,133.76,132.0,1924,394.3
018033,GOODE,-31.97,133.76,132.0,1925,341.0
018033,GOODE,-31.97,133.76,132.0,1926,340.9
018033,GOODE,-31.97,133.76,132.0,1927,255.5
018033,GOODE,-31.97,133.76,132.0,1928,176.8
018033,GOODE,-31.97,133.76,132.0,1929,197.4
018033,GOODE,-31.97,133.76,132.0,1930,190.7
018033,GOODE,-31.97,133.76,132.0,1931,413.5
018033,GOODE,-31.97,133.76,132.0,1932,452.0
018033,GOODE,-31.97,133.76,132.0,1933,285.1
018033,GOODE,-31.97,133.76,132.0,1934,246.9
018033,GOODE,-31.97,133.76,132.0,1935,317.4
018033,GOODE,-31.97,133.76,132.0,1936,219.3
018033,GOODE,-31.97,133.76,132.0,1937,264.7
018033,GOODE,-31.97,133.76,132.0,1938,404.7
018033,GOODE,-31.97,133.76,132.0,1939,323.9
018033,GOODE,-31.97,133.76,132.0,1940,238.9
018033,GOODE,-31.97,133.76,132.0,1941,326.8
018033,GOODE,-31.97,133.76,132.0,1942,403.7
018033,GOODE,-31.97,133.76,132.0,1943,248.1
018033,GOODE,-31.97,133.76,132.0,1944,235.9
018033,GOODE,-31.97,133.76,132.0,1945,312.5
018033,GOODE,-31.97,133.76,132.0,1946,312.9
018033,GOODE,-31.97,133.76,132.0,1947,316.3
018033,GOODE,-31.97,133.76,132.0,1948,259.4
018033,GOODE,-31.97,133.76,132.0,1949,322.5
018033,GOODE,-31.97,133.76,132.0,1950,362.9
018033,GOODE,-31.97,133.76,132.0,1951,386.9
018033,GOODE,-31.97,133.76,132.0,1952,329.0
018033,GOODE,-31.97,133.76,132.0,1953,370.3
018033,GOODE,-31.97,133.76,132.0,1954,259.7
018033,GOODE,-31.97,133.76,132.0,1955,473.7
018033,GOODE,-31.97,133.76,132.0,1956,456.2
018033,GOODE,-31.97,133.76,132.0,1957,194.2
018033,GOODE,-31.97,133.76,132.0,1958,386.8
018033,GOODE,-31.97,133.76,132.0,1959,137.9
018033,GOODE,-31.97,133.76,132.0,1960,357.0
018033,GOODE,-31.97,133.76,132.0,1961,272.6
018033,GOODE,-31.97,133.76,132.0,1962,244.9
018033,GOODE,-31.97,133.76,132.0,1963,340.4
018033,GOODE,-31.97,133.76,132.0,1964,353.7
018033,GOODE,-31.97,133.76,132.0,1965,183.2
018033,GOODE,-31.97,133.76,132.0,1966,426.8
018033,GOODE,-31.97,133.76,132.0,1967,178.5
018033,GOODE,-31.97,133.76,132.0,1968,459.8
018033,GOODE,-31.97,133.76,132.0,1969,400.0
018033,GOODE,-31.97,133.76,132.0,1970,187.3
018033,GOODE,-31.97,133.76,132.0,1971,326.4
018033,GOODE,-31.97,133.76,132.0,1972,204.8
018033,GOODE,-31.97,133.76,132.0,1973,424.8
018033,GOODE,-31.97,133.76,132.0,1974,372.7
018033,GOODE,-31.97,133.76,132.0,1975,303.8
018033,GOODE,-31.97,133.76,132.0,1976,246.6
018033,GOODE,-31.97,133.76,132.0,1977,196.4
018033,GOODE,-31.97,133.76,132.0,1978,401.4
018033,GOODE,-31.97,133.76,132.0,1979,347.9
018033,GOODE,-31.97,133.76,132.0,1980,288.7
018033,GOODE,-31.97,133.76,132.0,1981,269.0
018033,GOODE,-31.97,133.76,132.0,1982,222.4
018033,GOODE,-31.97,133.76,132.0,1983,383.8
018033,GOODE,-31.97,133.76,132.0,1984,269.4
018033,GOODE,-31.97,133.76,132.0,1985,255.0
018033,GOODE,-31.97,133.76,132.0,1986,318.0
018033,GOODE,-31.97,133.76,132.0,1987,250.2
018033,GOODE,-31.97,133.76,132.0,1988,170.0
018033,GOODE,-31.97,133.76,132.0,1989,298.0
018033,GOODE,-31.97,133.76,132.0,1990,346.4
018033,GOODE,-31.97,133.76,132.0,1991,253.8
018033,GOODE,-31.97,133.76,132.0,1992,532.4
018033,GOODE,-31.97,133.76,132.0,1993,263.1
018033,GOODE,-31.97,133.76,132.0,1994,135.0
018033,GOODE,-31.97,133.76,132.0,1995,280.0
018033,GOODE,-31.97,133.76,132.0,1996,237.2
018033,GOODE,-31.97,133.76,132.0,1997,345.2
018033,GOODE,-31.97,133.76,132.0,1998,259.3
018033,GOODE,-31.97,133.76,132.0,1999,188.5
018033,GOODE,-31.97,133.76,132.0,2000,335.6
018033,GOODE,-31.97,133.76,132.0,2001,344.0
018033,GOODE,-31.97,133.76,132.0,2002,197.9
018033,GOODE,-31.97,133.76,132.0,2003,270.8
018033,GOODE,-31.97,133.76,132.0,2004,295.6
018033,GOODE,-31.97,133.76,132.0,2005,268.0
018033,GOODE,-31.97,133.76,132.0,2006,207.0
018033,GOODE,-31.97,133.76,132.0,2007,288.7
018033,GOODE,-31.97,133.76,132.0,2008,255.4
018033,GOODE,-31.97,133.76,132.0,2009,256.5
018033,GOODE,-31.97,133.76,132.0,2010,317.2
018033,GOODE,-31.97,133.76,132.0,2011,
018033,GOODE,-31.97,133.76,132.0,2012,
018033,GOODE,-31.97,133.76,132.0,2013,326.6
018033,GOODE,-31.97,133.76,132.0,2014,
018033,GOODE,-31.97,133.76,132.0,2015,230.3
018033,GOODE,-31.97,133.76,132.0,2016,425.3
018033,GOODE,-31.97,133.76,132.0,2017,246.9
018033,GOODE,-31.97,133.76,132.0,2018,
018033,GOODE,-31.97,133.76,132.0,2019,133.8
018033,GOODE,-31.97,133.76,132.0,2020,329.0
018033,GOODE,-31.97,133.76,132.0,2021,
018033,GOODE,-31.97,133.76,132.0,2022,343.2
018033,GOODE,-31.97,133.76,132.0,2023,246.6
018033,GOODE,-31.97,133.76,132.0,2024,129.4
018033,GOODE,-31.97,133.76,132.0,2025,205.2
018045,LAKE HAMILTON,-33.95,135.27,8.0,1877,500.1
018045,LAKE HAMILTON,-33.95,135.27,8.0,1878,382.5
018045,LAKE HAMILTON,-33.95,135.27,8.0,1879,487.1
018045,LAKE HAMILTON,-33.95,135.27,8.0,1880,386.1
018045,LAKE HAMILTON,-33.95,135.27,8.0,1881,288.8
018045,LAKE HAMILTON,-33.95,135.27,8.0,1882,429.5
018045,LAKE HAMILTON,-33.95,135.27,8.0,1883,501.8
018045,LAKE HAMILTON,-33.95,135.27,8.0,1884,297.5
018045,LAKE HAMILTON,-33.95,135.27,8.0,1885,416.8
018045,LAKE HAMILTON,-33.95,135.27,8.0,1886,356.0
018045,LAKE HAMILTON,-33.95,135.27,8.0,1887,439.0
018045,LAKE HAMILTON,-33.95,135.27,8.0,1888,320.8
018045,LAKE HAMILTON,-33.95,135.27,8.0,1889,624.9
018045,LAKE HAMILTON,-33.95,135.27,8.0,1890,600.2
018045,LAKE HAMILTON,-33.95,135.27,8.0,1891,324.0
018045,LAKE HAMILTON,-33.95,135.27,8.0,1892,490.5
018045,LAKE HAMILTON,-33.95,135.27,8.0,1893,489.5
018045,LAKE HAMILTON,-33.95,135.27,8.0,1894,398.1
018045,LAKE HAMILTON,-33.95,135.27,8.0,1895,364.5
018045,LAKE HAMILTON,-33.95,135.27,8.0,1896,416.9
018045,LAKE HAMILTON,-33.95,135.27,8.0,1897,247.0
018045,LAKE HAMILTON,-33.95,135.27,8.0,1898,358.5
018045,LAKE HAMILTON,-33.95,135.27,8.0,1899,346.7
018045,LAKE HAMILTON,-33.95,135.27,8.0,1900,477.2
018045,LAKE HAMILTON,-33.95,135.27,8.0,1901,496.1
018045,LAKE HAMILTON,-33.95,135.27,8.0,1902,342.9
018045,LAKE HAMILTON,-33.95,135.27,8.0,1903,482.2
018045,LAKE HAMILTON,-33.95,135.27,8.0,1904,453.7
018045,LAKE HAMILTON,-33.95,135.27,8.0,1905,432.6
018045,LAKE HAMILTON,-33.95,135.27,8.0,1906,459.5
018045,LAKE HAMILTON,-33.95,135.27,8.0,1907,353.6
018045,LAKE HAMILTON,-33.95,135.27,8.0,1908,464.5
018045,LAKE HAMILTON,-33.95,135.27,8.0,1909,535.1
018045,LAKE HAMILTON,-33.95,135.27,8.0,1910,594.1
018045,LAKE HAMILTON,-33.95,135.27,8.0,1911,393.6
018045,LAKE HAMILTON,-33.95,135.27,8.0,1912,467.7
018045,LAKE HAMILTON,-33.95,135.27,8.0,1913,333.2
018045,LAKE HAMILTON,-33.95,135.27,8.0,1914,308.1
018045,LAKE HAMILTON,-33.95,135.27,8.0,1915,470.2
018045,LAKE HAMILTON,-33.95,135.27,8.0,1916,528.0
018045,LAKE HAMILTON,-33.95,135.27,8.0,1917,552.0
018045,LAKE HAMILTON,-33.95,135.27,8.0,1918,300.1
018045,LAKE HAMILTON,-33.95,135.27,8.0,1919,308.5
018045,LAKE HAMILTON,-33.95,135.27,8.0,1920,698.5
018045,LAKE HAMILTON,-33.95,135.27,8.0,1921,470.0
018045,LAKE HAMILTON,-33.95,135.27,8.0,1922,423.2
018045,LAKE HAMILTON,-33.95,135.27,8.0,1923,445.3
018045,LAKE HAMILTON,-33.95,135.27,8.0,1924,329.9
018045,LAKE HAMILTON,-33.95,135.27,8.0,1925,380.4
018045,LAKE HAMILTON,-33.95,135.27,8.0,1926,450.8
018045,LAKE HAMILTON,-33.95,135.27,8.0,1927,323.9
018045,LAKE HAMILTON,-33.95,135.27,8.0,1928,274.1
018045,LAKE HAMILTON,-33.95,135.27,8.0,1929,372.8
018045,LAKE HAMILTON,-33.95,135.27,8.0,1930,264.6
018045,LAKE HAMILTON,-33.95,135.27,8.0,1931,425.0
018045,LAKE HAMILTON,-33.95,135.27,8.0,1932,602.3
018045,LAKE HAMILTON,-33.95,135.27,8.0,1933,436.9
018045,LAKE HAMILTON,-33.95,135.27,8.0,1934,356.3
018045,LAKE HAMILTON,-33.95,135.27,8.0,1935,552.7
018045,LAKE HAMILTON,-33.95,135.27,8.0,1936,314.9
018045,LAKE HAMILTON,-33.95,135.27,8.0,1937,401.1
018045,LAKE HAMILTON,-33.95,135.27,8.0,1938,464.9
018045,LAKE HAMILTON,-33.95,135.27,8.0,1939,567.8
018045,LAKE HAMILTON,-33.95,135.27,8.0,1940,346.4
018045,LAKE HAMILTON,-33.95,135.27,8.0,1941,391.8
018045,LAKE HAMILTON,-33.95,135.27,8.0,1942,511.3
018045,LAKE HAMILTON,-33.95,135.27,8.0,1943,478.2
018045,LAKE HAMILTON,-33.95,135.27,8.0,1944,353.2
018045,LAKE HAMILTON,-33.95,135.27,8.0,1945,344.4
018045,LAKE HAMILTON,-33.95,135.27,8.0,1946,465.9
018045,LAKE HAMILTON,-33.95,135.27,8.0,1947,518.0
018045,LAKE HAMILTON,-33.95,135.27,8.0,1948,409.6
018045,LAKE HAMILTON,-33.95,135.27,8.0,1949,411.0
018045,LAKE HAMILTON,-33.95,135.27,8.0,1950,356.5
018045,LAKE HAMILTON,-33.95,135.27,8.0,1951,517.1
018045,LAKE HAMILTON,-33.95,135.27,8.0,1952,452.2
018045,LAKE HAMILTON,-33.95,135.27,8.0,1953,471.5
018045,LAKE HAMILTON,-33.95,135.27,8.0,1954,386.4
018045,LAKE HAMILTON,-33.95,135.27,8.0,1955,497.2
018045,LAKE HAMILTON,-33.95,135.27,8.0,1956,633.0
018045,LAKE HAMILTON,-33.95,135.27,8.0,1957,254.8
018045,LAKE HAMILTON,-33.95,135.27,8.0,1958,474.1
018045,LAKE HAMILTON,-33.95,135.27,8.0,1959,213.6
018045,LAKE HAMILTON,-33.95,135.27,8.0,1960,474.2
018045,LAKE HAMILTON,-33.95,135.27,8.0,1961,383.0
018045,LAKE HAMILTON,-33.95,135.27,8.0,1962,364.0
018045,LAKE HAMILTON,-33.95,135.27,8.0,1963,456.0
018045,LAKE HAMILTON,-33.95,135.27,8.0,1964,528.8
018045,LAKE HAMILTON,-33.95,135.27,8.0,1965,356.0
018045,LAKE HAMILTON,-33.95,135.27,8.0,1966,565.3
018045,LAKE HAMILTON,-33.95,135.27,8.0,1967,321.4
018045,LAKE HAMILTON,-33.95,135.27,8.0,1968,671.2
018045,LAKE HAMILTON,-33.95,135.27,8.0,1969,436.9
018045,LAKE HAMILTON,-33.95,135.27,8.0,1970,428.7
018045,LAKE HAMILTON,-33.95,135.27,8.0,1971,678.8
018045,LAKE HAMILTON,-33.95,135.27,8.0,1972,404.6
018045,LAKE HAMILTON,-33.95,135.27,8.0,1973,532.9
018045,LAKE HAMILTON,-33.95,135.27,8.0,1974,509.1
018045,LAKE HAMILTON,-33.95,135.27,8.0,1975,519.4
018045,LAKE HAMILTON,-33.95,135.27,8.0,1976,407.2
018045,LAKE HAMILTON,-33.95,135.27,8.0,1977,329.2
018045,LAKE HAMILTON,-33.95,135.27,8.0,1978,520.6
018045,LAKE HAMILTON,-33.95,135.27,8.0,1979,588.0
018045,LAKE HAMILTON,-33.95,135.27,8.0,1980,405.4
018045,LAKE HAMILTON,-33.95,135.27,8.0,1981,586.4
018045,LAKE HAMILTON,-33.95,135.27,8.0,1982,353.4
018045,LAKE HAMILTON,-33.95,135.27,8.0,1983,588.2
018045,LAKE HAMILTON,-33.95,135.27,8.0,1984,425.2
018045,LAKE HAMILTON,-33.95,135.27,8.0,1985,464.1
018045,LAKE HAMILTON,-33.95,135.27,8.0,1986,386.8
018045,LAKE HAMILTON,-33.95,135.27,8.0,1987,355.5
018045,LAKE HAMILTON,-33.95,135.27,8.0,1988,351.6
018045,LAKE HAMILTON,-33.95,135.27,8.0,1989,470.6
018045,LAKE HAMILTON,-33.95,135.27,8.0,1990,511.8
018045,LAKE HAMILTON,-33.95,135.27,8.0,1991,327.0
018045,LAKE HAMILTON,-33.95,135.27,8.0,1992,727.0
018045,LAKE HAMILTON,-33.95,135.27,8.0,1993,416.6
018045,LAKE HAMILTON,-33.95,135.27,8.0,1994,245.6
018045,LAKE HAMILTON,-33.95,135.27,8.0,1995,475.6
018045,LAKE HAMILTON,-33.95,135.27,8.0,1996,467.0
018045,LAKE HAMILTON,-33.95,135.27,8.0,1997,442.6
018045,LAKE HAMILTON,-33.95,135.27,8.0,1998,381.0
018045,LAKE HAMILTON,-33.95,135.27,8.0,1999,300.0
018045,LAKE HAMILTON,-33.95,135.27,8.0,2000,517.8
018045,LAKE HAMILTON,-33.95,135.27,8.0,2001,529.6
018045,LAKE HAMILTON,-33.95,135.27,8.0,2002,322.6
018045,LAKE HAMILTON,-33.95,135.27,8.0,2003,512.8
018045,LAKE HAMILTON,-33.95,135.27,8.0,2004,429.3
018045,LAKE HAMILTON,-33.95,135.27,8.0,2005,443.0
018045,LAKE HAMILTON,-33.95,135.27,8.0,2006,344.0
018045,LAKE HAMILTON,-33.95,135.27,8.0,2007,388.0
018045,LAKE HAMILTON,-33.95,135.27,8.0,2008,390.8
018045,LAKE HAMILTON,-33.95,135.27,8.0,2009,507.4
018045,LAKE HAMILTON,-33.95,135.27,8.0,2010,652.0
018045,LAKE HAMILTON,-33.95,135.27,8.0,2011,450.4
018045,LAKE HAMILTON,-33.95,135.27,8.0,2012,394.6
018045,LAKE HAMILTON,-33.95,135.27,8.0,2013,501.2
018045,LAKE HAMILTON,-33.95,135.27,8.0,2014,333.8
018045,LAKE HAMILTON,-33.95,135.27,8.0,2015,351.8
018045,LAKE HAMILTON,-33.95,135.27,8.0,2016,563.2
018045,LAKE HAMILTON,-33.95,135.27,8.0,2017,613.2
018045,LAKE HAMILTON,-33.95,135.27,8.0,2018,358.8
018045,LAKE HAMILTON,-33.95,135.27,8.0,2019,313.0
018045,LAKE HAMILTON,-33.95,135.27,8.0,2020,325.8
018045,LAKE HAMILTON,-33.95,135.27,8.0,2021,464.2
018045,LAKE HAMILTON,-33.95,135.27,8.0,2022,526.8
018045,LAKE HAMILTON,-33.95,135.27,8.0,2023,387.0
018045,LAKE HAMILTON,-33.95,135.27,8.0,2024,336.4
018045,LAKE HAMILTON,-33.95,135.27,8.0,2025,478.0
018049,NORTH PARNDA,-34.12,136.16,100.0,1906,434.3
018049,NORTH PARNDA,-34.12,136.16,100.0,1907,326.0
018049,NORTH PARNDA,-34.12,136.16,100.0,1908,354.6
018049,NORTH PARNDA,-34.12,136.16,100.0,1909,401.6
018049,NORTH PARNDA,-34.12,136.16,100.0,1910,401.5
018049,NORTH PARNDA,-34.12,136.16,100.0,1911,317.2
018049,NORTH PARNDA,-34.12,136.16,100.0,1912,331.0
018049,NORTH PARNDA,-34.12,136.16,100.0,1913,319.4
018049,NORTH PARNDA,-34.12,136.16,100.0,1914,217.5
018049,NORTH PARNDA,-34.12,136.16,100.0,1915,453.4
018049,NORTH PARNDA,-34.12,136.16,100.0,1916,419.7
018049,NORTH PARNDA,-34.12,136.16,100.0,1917,559.4
018049,NORTH PARNDA,-34.12,136.16,100.0,1918,242.8
018049,NORTH PARNDA,-34.12,136.16,100.0,1919,298.0
018049,NORTH PARNDA,-34.12,136.16,100.0,1920,490.2
018049,NORTH PARNDA,-34.12,136.16,100.0,1921,485.2
018049,NORTH PARNDA,-34.12,136.16,100.0,1922,283.4
018049,NORTH PARNDA,-34.12,136.16,100.0,1923,437.0
018049,NORTH PARNDA,-34.12,136.16,100.0,1924,375.6
018049,NORTH PARNDA,-34.12,136.16,100.0,1925,295.7
018049,NORTH PARNDA,-34.12,136.16,100.0,1926,466.5
018049,NORTH PARNDA,-34.12,136.16,100.0,1927,315.6
018049,NORTH PARNDA,-34.12,136.16,100.0,1928,331.4
018049,NORTH PARNDA,-34.12,136.16,100.0,1929,443.8
018049,NORTH PARNDA,-34.12,136.16,100.0,1930,389.4
018049,NORTH PARNDA,-34.12,136.16,100.0,1931,420.6
018049,NORTH PARNDA,-34.12,136.16,100.0,1932,508.4
018049,NORTH PARNDA,-34.12,136.16,100.0,1933,441.6
018049,NORTH PARNDA,-34.12,136.16,100.0,1934,415.1
018049,NORTH PARNDA,-34.12,136.16,100.0,1935,437.0
018049,NORTH PARNDA,-34.12,136.16,100.0,1936,308.1
018049,NORTH PARNDA,-34.12,136.16,100.0,1937,361.5
018049,NORTH PARNDA,-34.12,136.16,100.0,1938,337.1
018049,NORTH PARNDA,-34.12,136.16,100.0,1939,423.7
018049,NORTH PARNDA,-34.12,136.16,100.0,1940,271.2
018049,NORTH PARNDA,-34.12,136.16,100.0,1941,355.2
018049,NORTH PARNDA,-34.12,136.16,100.0,1942,467.7
018049,NORTH PARNDA,-34.12,136.16,100.0,1943,357.4
018049,NORTH PARNDA,-34.12,136.16,100.0,1944,272.6
018049,NORTH PARNDA,-34.12,136.16,100.0,1945,433.5
018049,NORTH PARNDA,-34.12,136.16,100.0,1946,513.5
018049,NORTH PARNDA,-34.12,136.16,100.0,1947,438.2
018049,NORTH PARNDA,-34.12,136.16,100.0,1948,257.5
018049,NORTH PARNDA,-34.12,136.16,100.0,1949,388.6
018049,NORTH PARNDA,-34.12,136.16,100.0,1950,355.7
018049,NORTH PARNDA,-34.12,136.16,100.0,1951,401.4
018049,NORTH PARNDA,-34.12,136.16,100.0,1952,412.8
018049,NORTH PARNDA,-34.12,136.16,100.0,1953,379.0
018049,NORTH PARNDA,-34.12,136.16,100.0,1954,304.0
018049,NORTH PARNDA,-34.12,136.16,100.0,1955,437.5
018049,NORTH PARNDA,-34.12,136.16,100.0,1956,528.4
018049,NORTH PARNDA,-34.12,136.16,100.0,1957,173.0
018049,NORTH PARNDA,-34.12,136.16,100.0,1958,379.6
018049,NORTH PARNDA,-34.12,136.16,100.0,1959,193.2
018049,NORTH PARNDA,-34.12,136.16,100.0,1960,425.1
018049,NORTH PARNDA,-34.12,136.16,100.0,1961,245.4
018049,NORTH PARNDA,-34.12,136.16,100.0,1962,265.1
018049,NORTH PARNDA,-34.12,136.16,100.0,1963,454.9
018049,NORTH PARNDA,-34.12,136.16,100.0,1964,434.4
018049,NORTH PARNDA,-34.12,136.16,100.0,1965,321.9
018049,NORTH PARNDA,-34.12,136.16,100.0,1966,543.1
018049,NORTH PARNDA,-34.12,136.16,100.0,1967,226.7
018049,NORTH PARNDA,-34.12,136.16,100.0,1968,561.8
018049,NORTH PARNDA,-34.12,136.16,100.0,1969,377.2
018049,NORTH PARNDA,-34.12,136.16,100.0,1970,297.1
018049,NORTH PARNDA,-34.12,136.16,100.0,1971,448.2
018049,NORTH PARNDA,-34.12,136.16,100.0,1972,272.9
018049,NORTH PARNDA,-34.12,136.16,100.0,1973,418.0
018049,NORTH PARNDA,-34.12,136.16,100.0,1974,490.6
018049,NORTH PARNDA,-34.12,136.16,100.0,1975,356.0
018049,NORTH PARNDA,-34.12,136.16,100.0,1976,277.6
018049,NORTH PARNDA,-34.12,136.16,100.0,1977,243.4
018049,NORTH PARNDA,-34.12,136.16,100.0,1978,370.8
018049,NORTH PARNDA,-34.12,136.16,100.0,1979,434.8
018049,NORTH PARNDA,-34.12,136.16,100.0,1980,288.1
018049,NORTH PARNDA,-34.12,136.16,100.0,1981,378.2
018049,NORTH PARNDA,-34.12,136.16,100.0,1982,145.4
018049,NORTH PARNDA,-34.12,136.16,100.0,1983,476.5
018049,NORTH PARNDA,-34.12,136.16,100.0,1984,326.6
018049,NORTH PARNDA,-34.12,136.16,100.0,1985,290.6
018049,NORTH PARNDA,-34.12,136.16,100.0,1986,275.1
018049,NORTH PARNDA,-34.12,136.16,100.0,1987,293.5
018049,NORTH PARNDA,-34.12,136.16,100.0,1988,291.3
018049,NORTH PARNDA,-34.12,136.16,100.0,1989,377.6
018049,NORTH PARNDA,-34.12,136.16,100.0,1990,426.4
018049,NORTH PARNDA,-34.12,136.16,100.0,1991,281.6
018049,NORTH PARNDA,-34.12,136.16,100.0,1992,706.8
018049,NORTH PARNDA,-34.12,136.16,100.0,1993,333.8
018049,NORTH PARNDA,-34.12,136.16,100.0,1994,177.0
018049,NORTH PARNDA,-34.12,136.16,100.0,1995,368.8
018049,NORTH PARNDA,-34.12,136.16,100.0,1996,373.0
018049,NORTH PARNDA,-34.12,136.16,100.0,1997,367.6
018049,NORTH PARNDA,-34.12,136.16,100.0,1998,295.6
018049,NORTH PARNDA,-34.12,136.16,100.0,1999,247.8
018049,NORTH PARNDA,-34.12,136.16,100.0,2000,336.0
018049,NORTH PARNDA,-34.12,136.16,100.0,2001,341.4
018049,NORTH PARNDA,-34.12,136.16,100.0,2002,244.4
018049,NORTH PARNDA,-34.12,136.16,100.0,2003,
018049,NORTH PARNDA,-34.12,136.16,100.0,2004,238.1
018049,NORTH PARNDA,-34.12,136.16,100.0,2005,328.0
018049,NORTH PARNDA,-34.12,136.16,100.0,2006,271.4
018049,NORTH PARNDA,-34.12,136.16,100.0,2007,309.6
018049,NORTH PARNDA,-34.12,136.16,100.0,2008,298.8
018049,NORTH PARNDA,-34.12,136.16,100.0,2009,350.2
018049,NORTH PARNDA,-34.12,136.16,100.0,2010,514.2
018049,NORTH PARNDA,-34.12,136.16,100.0,2011,398.8
018049,NORTH PARNDA,-34.12,136.16,100.0,2012,265.9
018049,NORTH PARNDA,-34.12,136.16,100.0,2013,
018049,NORTH PARNDA,-34.12,136.16,100.0,2014,386.1
018049,NORTH PARNDA,-34.12,136.16,100.0,2015,326.3
018049,NORTH PARNDA,-34.12,136.16,100.0,2016,538.4
018049,NORTH PARNDA,-34.12,136.16,100.0,2017,368.4
018049,NORTH PARNDA,-34.12,136.16,100.0,2018,271.8
018049,NORTH PARNDA,-34.12,136.16,100.0,2019,244.3
018049,NORTH PARNDA,-34.12,136.16,100.0,2020,340.0
018049,NORTH PARNDA,-34.12,136.16,100.0,2021,376.4
018057,MOUNT WUDINNA,-32.99,135.55,178.0,1907,282.2
018057,MOUNT WUDINNA,-32.99,135.55,178.0,1908,372.9
018057,MOUNT WUDINNA,-32.99,135.55,178.0,1909,388.9
018057,MOUNT WUDINNA,-32.99,135.55,178.0,1910,389.8
018057,MOUNT WUDINNA,-32.99,135.55,178.0,1911,330.3
018057,MOUNT WUDINNA,-32.99,135.55,178.0,1912,381.7
018057,MOUNT WUDINNA,-32.99,135.55,178.0,1913,282.7
018057,MOUNT WUDINNA,-32.99,135.55,178.0,1914,217.7
018057,MOUNT WUDINNA,-32.99,135.55,178.0,1915,443.1
018057,MOUNT WUDINNA,-32.99,135.55,178.0,1916,458.8
018057,MOUNT WUDINNA,-32.99,135.55,178.0,1917,526.6
018057,MOUNT WUDINNA,-32.99,135.55,178.0,1918,301.0
018057,MOUNT WUDINNA,-32.99,135.55,178.0,1919,266.5
018057,MOUNT WUDINNA,-32.99,135.55,178.0,1920,410.6
018057,MOUNT WUDINNA,-32.99,135.55,178.0,1921,476.7
018057,MOUNT WUDINNA,-32.99,135.55,178.0,1922,261.5
018057,MOUNT WUDINNA,-32.99,135.55,178.0,1923,437.7
018057,MOUNT WUDINNA,-32.99,135.55,178.0,1924,317.5
018057,MOUNT WUDINNA,-32.99,135.55,178.0,1925,263.5
018057,MOUNT WUDINNA,-32.99,135.55,178.0,1926,405.4
018057,MOUNT WUDINNA,-32.99,135.55,178.0,1927,250.4
018057,MOUNT WUDINNA,-32.99,135.55,178.0,1928,187.5
018057,MOUNT WUDINNA,-32.99,135.55,178.0,1929,215.2
018057,MOUNT WUDINNA,-32.99,135.55,178.0,1930,321.7
018057,MOUNT WUDINNA,-32.99,135.55,178.0,1931,346.5
018057,MOUNT WUDINNA,-32.99,135.55,178.0,1932,406.9
018057,MOUNT WUDINNA,-32.99,135.55,178.0,1933,265.0
018057,MOUNT WUDINNA,-32.99,135.55,178.0,1934,217.3
018057,MOUNT WUDINNA,-32.99,135.55,178.0,1935,419.2
018057,MOUNT WUDINNA,-32.99,135.55,178.0,1936,292.8
018057,MOUNT WUDINNA,-32.99,135.55,178.0,1937,345.4
018057,MOUNT WUDINNA,-32.99,135.55,178.0,1938,314.9
018057,MOUNT WUDINNA,-32.99,135.55,178.0,1939,299.5
018057,MOUNT WUDINNA,-32.99,135.55,178.0,1940,178.0
018057,MOUNT WUDINNA,-32.99,135.55,178.0,1941,271.5
018057,MOUNT WUDINNA,-32.99,135.55,178.0,1942,380.1
018057,MOUNT WUDINNA,-32.99,135.55,178.0,1943,216.2
018057,MOUNT WUDINNA,-32.99,135.55,178.0,1944,208.7
018057,MOUNT WUDINNA,-32.99,135.55,178.0,1945,314.3
018057,MOUNT WUDINNA,-32.99,135.55,178.0,1946,468.1
018057,MOUNT WUDINNA,-32.99,135.55,178.0,1947,292.9
018057,MOUNT WUDINNA,-32.99,135.55,178.0,1948,210.1
018057,MOUNT WUDINNA,-32.99,135.55,178.0,1949,363.5
018057,MOUNT WUDINNA,-32.99,135.55,178.0,1950,351.9
018057,MOUNT WUDINNA,-32.99,135.55,178.0,1951,427.7
018057,MOUNT WUDINNA,-32.99,135.55,178.0,1952,360.3
018057,MOUNT WUDINNA,-32.99,135.55,178.0,1953,333.3
018057,MOUNT WUDINNA,-32.99,135.55,178.0,1954,226.2
018057,MOUNT WUDINNA,-32.99,135.55,178.0,1955,416.1
018057,MOUNT WUDINNA,-32.99,135.55,178.0,1956,670.2
018057,MOUNT WUDINNA,-32.99,135.55,178.0,1957,212.4
018057,MOUNT WUDINNA,-32.99,135.55,178.0,1958,398.1
018057,MOUNT WUDINNA,-32.99,135.55,178.0,1959,229.0
018057,MOUNT WUDINNA,-32.99,135.55,178.0,1960,444.0
018057,MOUNT WUDINNA,-32.99,135.55,178.0,1961,232.6
018057,MOUNT WUDINNA,-32.99,135.55,178.0,1962,296.5
018057,MOUNT WUDINNA,-32.99,135.55,178.0,1963,264.1
018057,MOUNT WUDINNA,-32.99,135.55,178.0,1964,333.9
018057,MOUNT WUDINNA,-32.99,135.55,178.0,1965,288.2
018057,MOUNT WUDINNA,-32.99,135.55,178.0,1966,531.4
018057,MOUNT WUDINNA,-32.99,135.55,178.0,1967,221.2
018057,MOUNT WUDINNA,-32.99,135.55,178.0,1968,579.3
018057,MOUNT WUDINNA,-32.99,135.55,178.0,1969,352.3
018057,MOUNT WUDINNA,-32.99,135.55,178.0,1970,261.0
018057,MOUNT WUDINNA,-32.99,135.55,178.0,1971,365.8
018057,MOUNT WUDINNA,-32.99,135.55,178.0,1972,272.9
018057,MOUNT WUDINNA,-32.99,135.55,178.0,1973,412.7
018057,MOUNT WUDINNA,-32.99,135.55,178.0,1974,511.8
018057,MOUNT WUDINNA,-32.99,135.55,178.0,1975,335.5
018057,MOUNT WUDINNA,-32.99,135.55,178.0,1976,220.2
018057,MOUNT WUDINNA,-32.99,135.55,178.0,1977,318.4
018057,MOUNT WUDINNA,-32.99,135.55,178.0,1978,419.8
018057,MOUNT WUDINNA,-32.99,135.55,178.0,1979,410.6
018057,MOUNT WUDINNA,-32.99,135.55,178.0,1980,275.2
018057,MOUNT WUDINNA,-32.99,135.55,178.0,1981,362.8
018057,MOUNT WUDINNA,-32.99,135.55,178.0,1982,227.8
018057,MOUNT WUDINNA,-32.99,135.55,178.0,1983,360.8
018057,MOUNT WUDINNA,-32.99,135.55,178.0,1984,293.8
018057,MOUNT WUDINNA,-32.99,135.55,178.0,1985,310.0
018057,MOUNT WUDINNA,-32.99,135.55,178.0,1986,291.2
018057,MOUNT WUDINNA,-32.99,135.55,178.0,1987,239.8
018057,MOUNT WUDINNA,-32.99,135.55,178.0,1988,177.0
018057,MOUNT WUDINNA,-32.99,135.55,178.0,1989,360.8
018057,MOUNT WUDINNA,-32.99,135.55,178.0,1990,321.8
018057,MOUNT WUDINNA,-32.99,135.55,178.0,1991,286.8
018057,MOUNT WUDINNA,-32.99,135.55,178.0,1992,601.8
018057,MOUNT WUDINNA,-32.99,135.55,178.0,1993,379.0
018057,MOUNT WUDINNA,-32.99,135.55,178.0,1994,157.4
018057,MOUNT WUDINNA,-32.99,135.55,178.0,1995,274.2
018057,MOUNT WUDINNA,-32.99,135.55,178.0,1996,303.2
018057,MOUNT WUDINNA,-32.99,135.55,178.0,1997,323.5
018057,MOUNT WUDINNA,-32.99,135.55,178.0,1998,318.8
018057,MOUNT WUDINNA,-32.99,135.55,178.0,1999,300.6
018057,MOUNT WUDINNA,-32.99,135.55,178.0,2000,466.7
018057,MOUNT WUDINNA,-32.99,135.55,178.0,2001,411.8
018057,MOUNT WUDINNA,-32.99,135.55,178.0,2002,250.4
018057,MOUNT WUDINNA,-32.99,135.55,178.0,2003,314.0
018057,MOUNT WUDINNA,-32.99,135.55,178.0,2004,260.8
018057,MOUNT WUDINNA,-32.99,135.55,178.0,2005,363.1
018057,MOUNT WUDINNA,-32.99,135.55,178.0,2006,228.6
018057,MOUNT WUDINNA,-32.99,135.55,178.0,2007,260.7
018057,MOUNT WUDINNA,-32.99,135.55,178.0,2008,236.4
018057,MOUNT WUDINNA,-32.99,135.55,178.0,2009,365.4
018057,MOUNT WUDINNA,-32.99,135.55,178.0,2010,330.6
018057,MOUNT WUDINNA,-32.99,135.55,178.0,2011,398.2
018057,MOUNT WUDINNA,-32.99,135.55,178.0,2012,
018057,MOUNT WUDINNA,-32.99,135.55,178.0,2013,375.8
018057,MOUNT WUDINNA,-32.99,135.55,178.0,2014,371.0
018057,MOUNT WUDINNA,-32.99,135.55,178.0,2015,343.6
018057,MOUNT WUDINNA,-32.99,135.55,178.0,2016,450.8
018057,MOUNT WUDINNA,-32.99,135.55,178.0,2017,315.0
018057,MOUNT WUDINNA,-32.99,135.55,178.0,2018,252.0
018057,MOUNT WUDINNA,-32.99,135.55,178.0,2019,229.7
018057,MOUNT WUDINNA,-32.99,135.55,178.0,2020,300.4
018057,MOUNT WUDINNA,-32.99,135.55,178.0,2021,402.4
018057,MOUNT WUDINNA,-32.99,135.55,178.0,2022,442.4
018057,MOUNT WUDINNA,-32.99,135.55,178.0,2023,291.4
018057,MOUNT WUDINNA,-32.99,135.55,178.0,2024,200.6
018057,MOUNT WUDINNA,-32.99,135.55,178.0,2025,296.2
018058,MULLAQUANA,-33.21,137.36,50.0,1911,248.0
018058,MULLAQUANA,-33.21,137.36,50.0,1912,240.2
018058,MULLAQUANA,-33.21,137.36,50.0,1913,151.0
018058,MULLAQUANA,-33.21,137.36,50.0,1914,188.1
018058,MULLAQUANA,-33.21,137.36,50.0,1915,199.6
018058,MULLAQUANA,-33.21,137.36,50.0,1916,317.6
018058,MULLAQUANA,-33.21,137.36,50.0,1917,364.3
018058,MULLAQUANA,-33.21,137.36,50.0,1918,168.4
018058,MULLAQUANA,-33.21,137.36,50.0,1919,246.2
018058,MULLAQUANA,-33.21,137.36,50.0,1920,327.5
018058,MULLAQUANA,-33.21,137.36,50.0,1921,381.8
018058,MULLAQUANA,-33.21,137.36,50.0,1922,154.8
018058,MULLAQUANA,-33.21,137.36,50.0,1923,207.8
018058,MULLAQUANA,-33.21,137.36,50.0,1924,236.8
018058,MULLAQUANA,-33.21,137.36,50.0,1925,243.2
018058,MULLAQUANA,-33.21,137.36,50.0,1926,269.7
018058,MULLAQUANA,-33.21,137.36,50.0,1927,144.4
018058,MULLAQUANA,-33.21,137.36,50.0,1928,214.8
018058,MULLAQUANA,-33.21,137.36,50.0,1929,135.2
018058,MULLAQUANA,-33.21,137.36,50.0,1930,264.1
018058,MULLAQUANA,-33.21,137.36,50.0,1931,178.4
018058,MULLAQUANA,-33.21,137.36,50.0,1932,220.9
018058,MULLAQUANA,-33.21,137.36,50.0,1933,195.2
018058,MULLAQUANA,-33.21,137.36,50.0,1934,213.3
018058,MULLAQUANA,-33.21,137.36,50.0,1935,240.4
018058,MULLAQUANA,-33.21,137.36,50.0,1936,173.0
018058,MULLAQUANA,-33.21,137.36,50.0,1937,264.5
018058,MULLAQUANA,-33.21,137.36,50.0,1938,242.4
018058,MULLAQUANA,-33.21,137.36,50.0,1939,231.8
018058,MULLAQUANA,-33.21,137.36,50.0,1940,98.4
018058,MULLAQUANA,-33.21,137.36,50.0,1941,271.5
018058,MULLAQUANA,-33.21,137.36,50.0,1942,317.7
018058,MULLAQUANA,-33.21,137.36,50.0,1943,129.1
018058,MULLAQUANA,-33.21,137.36,50.0,1944,162.0
018058,MULLAQUANA,-33.21,137.36,50.0,1945,201.1
018058,MULLAQUANA,-33.21,137.36,50.0,1946,436.9
018058,MULLAQUANA,-33.21,137.36,50.0,1947,275.2
018058,MULLAQUANA,-33.21,137.36,50.0,1948,144.4
018058,MULLAQUANA,-33.21,137.36,50.0,1949,246.5
018058,MULLAQUANA,-33.21,137.36,50.0,1950,211.1
018058,MULLAQUANA,-33.21,137.36,50.0,1951,202.1
018058,MULLAQUANA,-33.21,137.36,50.0,1952,327.4
018058,MULLAQUANA,-33.21,137.36,50.0,1953,119.5
018058,MULLAQUANA,-33.21,137.36,50.0,1954,205.9
018058,MULLAQUANA,-33.21,137.36,50.0,1955,276.2
018058,MULLAQUANA,-33.21,137.36,50.0,1956,212.5
018058,MULLAQUANA,-33.21,137.36,50.0,1957,134.1
018058,MULLAQUANA,-33.21,137.36,50.0,1958,211.3
018058,MULLAQUANA,-33.21,137.36,50.0,1959,120.9
018058,MULLAQUANA,-33.21,137.36,50.0,1960,254.9
018058,MULLAQUANA,-33.21,137.36,50.0,1961,292.3
018058,MULLAQUANA,-33.21,137.36,50.0,1962,228.0
018058,MULLAQUANA,-33.21,137.36,50.0,1963,396.5
018058,MULLAQUANA,-33.21,137.36,50.0,1964,185.8
018058,MULLAQUANA,-33.21,137.36,50.0,1965,186.0
018058,MULLAQUANA,-33.21,137.36,50.0,1966,306.0
018058,MULLAQUANA,-33.21,137.36,50.0,1967,138.7
018058,MULLAQUANA,-33.21,137.36,50.0,1968,349.5
018058,MULLAQUANA,-33.21,137.36,50.0,1969,314.5
018058,MULLAQUANA,-33.21,137.36,50.0,1970,179.3
018058,MULLAQUANA,-33.21,137.36,50.0,1971,256.8
018058,MULLAQUANA,-33.21,137.36,50.0,1972,178.8
018058,MULLAQUANA,-33.21,137.36,50.0,1973,530.3
018058,MULLAQUANA,-33.21,137.36,50.0,1974,550.4
018058,MULLAQUANA,-33.21,137.36,50.0,1975,287.0
018058,MULLAQUANA,-33.21,137.36,50.0,1976,204.8
018058,MULLAQUANA,-33.21,137.36,50.0,1977,134.9
018058,MULLAQUANA,-33.21,137.36,50.0,1978,311.3
018058,MULLAQUANA,-33.21,137.36,50.0,1979,476.0
018058,MULLAQUANA,-33.21,137.36,50.0,1980,190.9
018058,MULLAQUANA,-33.21,137.36,50.0,1981,169.3
018058,MULLAQUANA,-33.21,137.36,50.0,1982,142.5
018058,MULLAQUANA,-33.21,137.36,50.0,1983,280.8
018058,MULLAQUANA,-33.21,137.36,50.0,1984,226.8
018058,MULLAQUANA,-33.21,137.36,50.0,1985,235.3
018058,MULLAQUANA,-33.21,137.36,50.0,1986,
018058,MULLAQUANA,-33.21,137.36,50.0,1987,
018058,MULLAQUANA,-33.21,137.36,50.0,1988,190.5
018058,MULLAQUANA,-33.21,137.36,50.0,1989,317.0
018058,MULLAQUANA,-33.21,137.36,50.0,1990,211.3
018058,MULLAQUANA,-33.21,137.36,50.0,1991,208.0
018058,MULLAQUANA,-33.21,137.36,50.0,1992,456.4
018058,MULLAQUANA,-33.21,137.36,50.0,1993,364.8
018058,MULLAQUANA,-33.21,137.36,50.0,1994,172.9
018058,MULLAQUANA,-33.21,137.36,50.0,1995,304.8
018058,MULLAQUANA,-33.21,137.36,50.0,1996,250.1
018058,MULLAQUANA,-33.21,137.36,50.0,1997,393.9
018058,MULLAQUANA,-33.21,137.36,50.0,1998,337.2
018058,MULLAQUANA,-33.21,137.36,50.0,1999,
018058,MULLAQUANA,-33.21,137.36,50.0,2000,230.8
018058,MULLAQUANA,-33.21,137.36,50.0,2001,378.1
018058,MULLAQUANA,-33.21,137.36,50.0,2002,127.8
018058,MULLAQUANA,-33.21,137.36,50.0,2003,304.0
018058,MULLAQUANA,-33.21,137.36,50.0,2004,154.6
018058,MULLAQUANA,-33.21,137.36,50.0,2005,288.9
018058,MULLAQUANA,-33.21,137.36,50.0,2006,192.3
018058,MULLAQUANA,-33.21,137.36,50.0,2007,247.2
018058,MULLAQUANA,-33.21,137.36,50.0,2008,190.9
018058,MULLAQUANA,-33.21,137.36,50.0,2009,244.8
018058,MULLAQUANA,-33.21,137.36,50.0,2010,403.2
018058,MULLAQUANA,-33.21,137.36,50.0,2011,400.2
018058,MULLAQUANA,-33.21,137.36,50.0,2012,
018058,MULLAQUANA,-33.21,137.36,50.0,2013,278.6
018058,MULLAQUANA,-33.21,137.36,50.0,2014,342.2
018058,MULLAQUANA,-33.21,137.36,50.0,2015,303.4
018058,MULLAQUANA,-33.21,137.36,50.0,2016,457.2
018058,MULLAQUANA,-33.21,137.36,50.0,2017,245.2
018058,MULLAQUANA,-33.21,137.36,50.0,2018,
018058,MULLAQUANA,-33.21,137.36,50.0,2019,165.6
018058,MULLAQUANA,-33.21,137.36,50.0,2020,299.4
018063,PENONG,-31.93,133.0,13.7,1907,262.6
018063,PENONG,-31.93,133.0,13.7,1908,325.9
018063,PENONG,-31.93,133.0,13.7,1909,300.5
018063,PENONG,-31.93,133.0,13.7,1910,256.7
018063,PENONG,-31.93,133.0,13.7,1911,302.7
018063,PENONG,-31.93,133.0,13.7,1912,293.4
018063,PENONG,-31.93,133.0,13.7,1913,388.9
018063,PENONG,-31.93,133.0,13.7,1914,183.1
018063,PENONG,-31.93,133.0,13.7,1915,328.6
018063,PENONG,-31.93,133.0,13.7,1916,490.8
018063,PENONG,-31.93,133.0,13.7,1917,454.0
018063,PENONG,-31.93,133.0,13.7,1918,247.9
018063,PENONG,-31.93,133.0,13.7,1919,266.8
018063,PENONG,-31.93,133.0,13.7,1920,349.4
018063,PENONG,-31.93,133.0,13.7,1921,456.8
018063,PENONG,-31.93,133.0,13.7,1922,339.9
018063,PENONG,-31.93,133.0,13.7,1923,373.2
018063,PENONG,-31.93,133.0,13.7,1924,327.2
018063,PENONG,-31.93,133.0,13.7,1925,257.2
018063,PENONG,-31.93,133.0,13.7,1926,167.4
018063,PENONG,-31.93,133.0,13.7,1927,242.0
018063,PENONG,-31.93,133.0,13.7,1928,181.3
018063,PENONG,-31.93,133.0,13.7,1929,205.4
018063,PENONG,-31.93,133.0,13.7,1930,219.2
018063,PENONG,-31.93,133.0,13.7,1931,539.8
018063,PENONG,-31.93,133.0,13.7,1932,426.9
018063,PENONG,-31.93,133.0,13.7,1933,324.1
018063,PENONG,-31.93,133.0,13.7,1934,268.9
018063,PENONG,-31.93,133.0,13.7,1935,364.2
018063,PENONG,-31.93,133.0,13.7,1936,261.6
018063,PENONG,-31.93,133.0,13.7,1937,351.1
018063,PENONG,-31.93,133.0,13.7,1938,363.1
018063,PENONG,-31.93,133.0,13.7,1939,365.1
018063,PENONG,-31.93,133.0,13.7,1940,288.6
018063,PENONG,-31.93,133.0,13.7,1941,350.7
018063,PENONG,-31.93,133.0,13.7,1942,404.1
018063,PENONG,-31.93,133.0,13.7,1943,240.2
018063,PENONG,-31.93,133.0,13.7,1944,251.0
018063,PENONG,-31.93,133.0,13.7,1945,323.6
018063,PENONG,-31.93,133.0,13.7,1946,289.0
018063,PENONG,-31.93,133.0,13.7,1947,371.7
018063,PENONG,-31.93,133.0,13.7,1948,279.8
018063,PENONG,-31.93,133.0,13.7,1949,349.0
018063,PENONG,-31.93,133.0,13.7,1950,359.7
018063,PENONG,-31.93,133.0,13.7,1951,424.8
018063,PENONG,-31.93,133.0,13.7,1952,369.3
018063,PENONG,-31.93,133.0,13.7,1953,372.6
018063,PENONG,-31.93,133.0,13.7,1954,344.1
018063,PENONG,-31.93,133.0,13.7,1955,391.7
018063,PENONG,-31.93,133.0,13.7,1956,506.4
018063,PENONG,-31.93,133.0,13.7,1957,274.5
018063,PENONG,-31.93,133.0,13.7,1958,393.2
018063,PENONG,-31.93,133.0,13.7,1959,175.5
018063,PENONG,-31.93,133.0,13.7,1960,435.5
018063,PENONG,-31.93,133.0,13.7,1961,236.8
018063,PENONG,-31.93,133.0,13.7,1962,269.8
018063,PENONG,-31.93,133.0,13.7,1963,288.8
018063,PENONG,-31.93,133.0,13.7,1964,358.3
018063,PENONG,-31.93,133.0,13.7,1965,186.5
018063,PENONG,-31.93,133.0,13.7,1966,458.1
018063,PENONG,-31.93,133.0,13.7,1967,210.4
018063,PENONG,-31.93,133.0,13.7,1968,547.0
018063,PENONG,-31.93,133.0,13.7,1969,349.5
018063,PENONG,-31.93,133.0,13.7,1970,227.0
018063,PENONG,-31.93,133.0,13.7,1971,470.9
018063,PENONG,-31.93,133.0,13.7,1972,265.9
018063,PENONG,-31.93,133.0,13.7,1973,501.8
018063,PENONG,-31.93,133.0,13.7,1974,449.0
018063,PENONG,-31.93,133.0,13.7,1975,389.8
018063,PENONG,-31.93,133.0,13.7,1976,324.5
018063,PENONG,-31.93,133.0,13.7,1977,210.8
018063,PENONG,-31.93,133.0,13.7,1978,449.6
018063,PENONG,-31.93,133.0,13.7,1979,427.3
018063,PENONG,-31.93,133.0,13.7,1980,290.8
018063,PENONG,-31.93,133.0,13.7,1981,368.0
018063,PENONG,-31.93,133.0,13.7,1982,192.3
018063,PENONG,-31.93,133.0,13.7,1983,416.0
018063,PENONG,-31.93,133.0,13.7,1984,332.4
018063,PENONG,-31.93,133.0,13.7,1985,206.3
018063,PENONG,-31.93,133.0,13.7,1986,331.6
018063,PENONG,-31.93,133.0,13.7,1987,
018063,PENONG,-31.93,133.0,13.7,1988,203.2
018063,PENONG,-31.93,133.0,13.7,1989,361.4
018063,PENONG,-31.93,133.0,13.7,1990,265.3
018063,PENONG,-31.93,133.0,13.7,1991,247.0
018063,PENONG,-31.93,133.0,13.7,1992,465.1
018063,PENONG,-31.93,133.0,13.7,1993,308.2
018063,PENONG,-31.93,133.0,13.7,1994,156.9
018063,PENONG,-31.93,133.0,13.7,1995,312.2
018063,PENONG,-31.93,133.0,13.7,1996,283.4
018063,PENONG,-31.93,133.0,13.7,1997,345.1
018063,PENONG,-31.93,133.0,13.7,1998,280.0
018063,PENONG,-31.93,133.0,13.7,1999,231.7
018063,PENONG,-31.93,133.0,13.7,2000,284.5
018063,PENONG,-31.93,133.0,13.7,2001,
018063,PENONG,-31.93,133.0,13.7,2002,173.8
018063,PENONG,-31.93,133.0,13.7,2003,311.2
018063,PENONG,-31.93,133.0,13.7,2004,309.0
018063,PENONG,-31.93,133.0,13.7,2005,
018063,PENONG,-31.93,133.0,13.7,2006,246.0
018063,PENONG,-31.93,133.0,13.7,2007,
018063,PENONG,-31.93,133.0,13.7,2008,
018063,PENONG,-31.93,133.0,13.7,2009,
018063,PENONG,-31.93,133.0,13.7,2010,365.0
018063,PENONG,-31.93,133.0,13.7,2011,
018063,PENONG,-31.93,133.0,13.7,2012,
018063,PENONG,-31.93,133.0,13.7,2013,286.4
018063,PENONG,-31.93,133.0,13.7,2014,333.6
018063,PENONG,-31.93,133.0,13.7,2015,241.0
018063,PENONG,-31.93,133.0,13.7,2016,362.6
018063,PENONG,-31.93,133.0,13.7,2017,313.4
018063,PENONG,-31.93,133.0,13.7,2018,282.4
018063,PENONG,-31.93,133.0,13.7,2019,151.2
018063,PENONG,-31.93,133.0,13.7,2020,314.0
018063,PENONG,-31.93,133.0,13.7,2021,330.4
018063,PENONG,-31.93,133.0,13.7,2022,403.8
018063,PENONG,-31.93,133.0,13.7,2023,265.6
018063,PENONG,-31.93,133.0,13.7,2024,247.6
018063,PENONG,-31.93,133.0,13.7,2025,275.2
018065,PINESIDE,-33.87,136.38,76.0,1910,383.9
018065,PINESIDE,-33.87,136.38,76.0,1911,330.5
018065,PINESIDE,-33.87,136.38,76.0,1912,344.3
018065,PINESIDE,-33.87,136.38,76.0,1913,287.6
018065,PINESIDE,-33.87,136.38,76.0,1914,249.0
018065,PINESIDE,-33.87,136.38,76.0,1915,374.6
018065,PINESIDE,-33.87,136.38,76.0,1916,399.5
018065,PINESIDE,-33.87,136.38,76.0,1917,409.1
018065,PINESIDE,-33.87,136.38,76.0,1918,206.7
018065,PINESIDE,-33.87,136.38,76.0,1919,249.0
018065,PINESIDE,-33.87,136.38,76.0,1920,381.0
018065,PINESIDE,-33.87,136.38,76.0,1921,430.1
018065,PINESIDE,-33.87,136.38,76.0,1922,229.8
018065,PINESIDE,-33.87,136.38,76.0,1923,291.1
018065,PINESIDE,-33.87,136.38,76.0,1924,300.5
018065,PINESIDE,-33.87,136.38,76.0,1925,299.9
018065,PINESIDE,-33.87,136.38,76.0,1926,393.3
018065,PINESIDE,-33.87,136.38,76.0,1927,278.2
018065,PINESIDE,-33.87,136.38,76.0,1928,272.2
018065,PINESIDE,-33.87,136.38,76.0,1929,292.6
018065,PINESIDE,-33.87,136.38,76.0,1930,278.4
018065,PINESIDE,-33.87,136.38,76.0,1931,291.9
018065,PINESIDE,-33.87,136.38,76.0,1932,421.8
018065,PINESIDE,-33.87,136.38,76.0,1933,361.0
018065,PINESIDE,-33.87,136.38,76.0,1934,312.2
018065,PINESIDE,-33.87,136.38,76.0,1935,400.9
018065,PINESIDE,-33.87,136.38,76.0,1936,227.9
018065,PINESIDE,-33.87,136.38,76.0,1937,356.7
018065,PINESIDE,-33.87,136.38,76.0,1938,276.6
018065,PINESIDE,-33.87,136.38,76.0,1939,409.2
018065,PINESIDE,-33.87,136.38,76.0,1940,212.0
018065,PINESIDE,-33.87,136.38,76.0,1941,295.3
018065,PINESIDE,-33.87,136.38,76.0,1942,338.3
018065,PINESIDE,-33.87,136.38,76.0,1943,231.1
018065,PINESIDE,-33.87,136.38,76.0,1944,240.2
018065,PINESIDE,-33.87,136.38,76.0,1945,316.7
018065,PINESIDE,-33.87,136.38,76.0,1946,356.8
018065,PINESIDE,-33.87,136.38,76.0,1947,339.1
018065,PINESIDE,-33.87,136.38,76.0,1948,199.6
018065,PINESIDE,-33.87,136.38,76.0,1949,346.0
018065,PINESIDE,-33.87,136.38,76.0,1950,369.0
018065,PINESIDE,-33.87,136.38,76.0,1951,354.9
018065,PINESIDE,-33.87,136.38,76.0,1952,369.2
018065,PINESIDE,-33.87,136.38,76.0,1953,353.5
018065,PINESIDE,-33.87,136.38,76.0,1954,268.9
018065,PINESIDE,-33.87,136.38,76.0,1955,387.6
018065,PINESIDE,-33.87,136.38,76.0,1956,427.9
018065,PINESIDE,-33.87,136.38,76.0,1957,163.8
018065,PINESIDE,-33.87,136.38,76.0,1958,341.0
018065,PINESIDE,-33.87,136.38,76.0,1959,193.6
018065,PINESIDE,-33.87,136.38,76.0,1960,318.0
018065,PINESIDE,-33.87,136.38,76.0,1961,242.4
018065,PINESIDE,-33.87,136.38,76.0,1962,288.6
018065,PINESIDE,-33.87,136.38,76.0,1963,361.2
018065,PINESIDE,-33.87,136.38,76.0,1964,423.0
018065,PINESIDE,-33.87,136.38,76.0,1965,259.9
018065,PINESIDE,-33.87,136.38,76.0,1966,385.6
018065,PINESIDE,-33.87,136.38,76.0,1967,148.9
018065,PINESIDE,-33.87,136.38,76.0,1968,580.7
018065,PINESIDE,-33.87,136.38,76.0,1969,403.4
018065,PINESIDE,-33.87,136.38,76.0,1970,292.0
018065,PINESIDE,-33.87,136.38,76.0,1971,353.1
018065,PINESIDE,-33.87,136.38,76.0,1972,393.8
018065,PINESIDE,-33.87,136.38,76.0,1973,439.0
018065,PINESIDE,-33.87,136.38,76.0,1974,519.9
018065,PINESIDE,-33.87,136.38,76.0,1975,361.8
018065,PINESIDE,-33.87,136.38,76.0,1976,298.0
018065,PINESIDE,-33.87,136.38,76.0,1977,263.2
018065,PINESIDE,-33.87,136.38,76.0,1978,405.6
018065,PINESIDE,-33.87,136.38,76.0,1979,515.6
018065,PINESIDE,-33.87,136.38,76.0,1980,252.0
018065,PINESIDE,-33.87,136.38,76.0,1981,371.6
018065,PINESIDE,-33.87,136.38,76.0,1982,179.2
018065,PINESIDE,-33.87,136.38,76.0,1983,447.6
018065,PINESIDE,-33.87,136.38,76.0,1984,290.4
018065,PINESIDE,-33.87,136.38,76.0,1985,307.0
018065,PINESIDE,-33.87,136.38,76.0,1986,285.8
018065,PINESIDE,-33.87,136.38,76.0,1987,250.4
018065,PINESIDE,-33.87,136.38,76.0,1988,250.8
018065,PINESIDE,-33.87,136.38,76.0,1989,422.4
018065,PINESIDE,-33.87,136.38,76.0,1990,346.6
018065,PINESIDE,-33.87,136.38,76.0,1991,275.2
018065,PINESIDE,-33.87,136.38,76.0,1992,666.7
018065,PINESIDE,-33.87,136.38,76.0,1993,326.2
018065,PINESIDE,-33.87,136.38,76.0,1994,175.2
018065,PINESIDE,-33.87,136.38,76.0,1995,324.8
018065,PINESIDE,-33.87,136.38,76.0,1996,337.6
018065,PINESIDE,-33.87,136.38,76.0,1997,409.6
018065,PINESIDE,-33.87,136.38,76.0,1998,247.8
018065,PINESIDE,-33.87,136.38,76.0,1999,304.0
018065,PINESIDE,-33.87,136.38,76.0,2000,401.2
018065,PINESIDE,-33.87,136.38,76.0,2001,304.0
018065,PINESIDE,-33.87,136.38,76.0,2002,245.0
018065,PINESIDE,-33.87,136.38,76.0,2003,330.7
018069,ELLISTON,-33.65,134.89,4.0,1882,364.1
018069,ELLISTON,-33.65,134.89,4.0,1883,439.0
018069,ELLISTON,-33.65,134.89,4.0,1884,338.1
018069,ELLISTON,-33.65,134.89,4.0,1885,398.2
018069,ELLISTON,-33.65,134.89,4.0,1886,314.6
018069,ELLISTON,-33.65,134.89,4.0,1887,420.9
018069,ELLISTON,-33.65,134.89,4.0,1888,352.9
018069,ELLISTON,-33.65,134.89,4.0,1889,570.4
018069,ELLISTON,-33.65,134.89,4.0,1890,539.1
018069,ELLISTON,-33.65,134.89,4.0,1891,309.3
018069,ELLISTON,-33.65,134.89,4.0,1892,469.3
018069,ELLISTON,-33.65,134.89,4.0,1893,456.6
018069,ELLISTON,-33.65,134.89,4.0,1894,433.4
018069,ELLISTON,-33.65,134.89,4.0,1895,365.8
018069,ELLISTON,-33.65,134.89,4.0,1896,497.3
018069,ELLISTON,-33.65,134.89,4.0,1897,266.2
018069,ELLISTON,-33.65,134.89,4.0,1898,317.9
018069,ELLISTON,-33.65,134.89,4.0,1899,376.2
018069,ELLISTON,-33.65,134.89,4.0,1900,481.9
018069,ELLISTON,-33.65,134.89,4.0,1901,482.6
018069,ELLISTON,-33.65,134.89,4.0,1902,326.2
018069,ELLISTON,-33.65,134.89,4.0,1903,472.8
018069,ELLISTON,-33.65,134.89,4.0,1904,369.2
018069,ELLISTON,-33.65,134.89,4.0,1905,430.4
018069,ELLISTON,-33.65,134.89,4.0,1906,440.1
018069,ELLISTON,-33.65,134.89,4.0,1907,337.7
018069,ELLISTON,-33.65,134.89,4.0,1908,459.5
018069,ELLISTON,-33.65,134.89,4.0,1909,464.2
018069,ELLISTON,-33.65,134.89,4.0,1910,532.2
018069,ELLISTON,-33.65,134.89,4.0,1911,502.7
018069,ELLISTON,-33.65,134.89,4.0,1912,475.5
018069,ELLISTON,-33.65,134.89,4.0,1913,274.1
018069,ELLISTON,-33.65,134.89,4.0,1914,276.8
018069,ELLISTON,-33.65,134.89,4.0,1915,431.1
018069,ELLISTON,-33.65,134.89,4.0,1916,481.9
018069,ELLISTON,-33.65,134.89,4.0,1917,599.6
018069,ELLISTON,-33.65,134.89,4.0,1918,338.2
018069,ELLISTON,-33.65,134.89,4.0,1919,312.9
018069,ELLISTON,-33.65,134.89,4.0,1920,674.0
018069,ELLISTON,-33.65,134.89,4.0,1921,440.3
018069,ELLISTON,-33.65,134.89,4.0,1922,438.0
018069,ELLISTON,-33.65,134.89,4.0,1923,523.7
018069,ELLISTON,-33.65,134.89,4.0,1924,388.5
018069,ELLISTON,-33.65,134.89,4.0,1925,418.6
018069,ELLISTON,-33.65,134.89,4.0,1926,460.9
018069,ELLISTON,-33.65,134.89,4.0,1927,381.4
018069,ELLISTON,-33.65,134.89,4.0,1928,310.2
018069,ELLISTON,-33.65,134.89,4.0,1929,341.4
018069,ELLISTON,-33.65,134.89,4.0,1930,260.9
018069,ELLISTON,-33.65,134.89,4.0,1931,474.2
018069,ELLISTON,-33.65,134.89,4.0,1932,567.1
018069,ELLISTON,-33.65,134.89,4.0,1933,469.4
018069,ELLISTON,-33.65,134.89,4.0,1934,377.7
018069,ELLISTON,-33.65,134.89,4.0,1935,447.7
018069,ELLISTON,-33.65,134.89,4.0,1936,300.9
018069,ELLISTON,-33.65,134.89,4.0,1937,444.2
018069,ELLISTON,-33.65,134.89,4.0,1938,447.8
018069,ELLISTON,-33.65,134.89,4.0,1939,597.8
018069,ELLISTON,-33.65,134.89,4.0,1940,435.6
018069,ELLISTON,-33.65,134.89,4.0,1941,433.0
018069,ELLISTON,-33.65,134.89,4.0,1942,503.7
018069,ELLISTON,-33.65,134.89,4.0,1943,497.2
018069,ELLISTON,-33.65,134.89,4.0,1944,351.8
018069,ELLISTON,-33.65,134.89,4.0,1945,342.7
018069,ELLISTON,-33.65,134.89,4.0,1946,463.4
018069,ELLISTON,-33.65,134.89,4.0,1947,515.4
018069,ELLISTON,-33.65,134.89,4.0,1948,393.9
018069,ELLISTON,-33.65,134.89,4.0,1949,409.7
018069,ELLISTON,-33.65,134.89,4.0,1950,443.9
018069,ELLISTON,-33.65,134.89,4.0,1951,574.9
018069,ELLISTON,-33.65,134.89,4.0,1952,479.0
018069,ELLISTON,-33.65,134.89,4.0,1953,458.7
018069,ELLISTON,-33.65,134.89,4.0,1954,361.2
018069,ELLISTON,-33.65,134.89,4.0,1955,459.0
018069,ELLISTON,-33.65,134.89,4.0,1956,642.4
018069,ELLISTON,-33.65,134.89,4.0,1957,299.9
018069,ELLISTON,-33.65,134.89,4.0,1958,418.8
018069,ELLISTON,-33.65,134.89,4.0,1959,183.8
018069,ELLISTON,-33.65,134.89,4.0,1960,473.3
018069,ELLISTON,-33.65,134.89,4.0,1961,316.5
018069,ELLISTON,-33.65,134.89,4.0,1962,441.6
018069,ELLISTON,-33.65,134.89,4.0,1963,481.7
018069,ELLISTON,-33.65,134.89,4.0,1964,512.1
018069,ELLISTON,-33.65,134.89,4.0,1965,365.5
018069,ELLISTON,-33.65,134.89,4.0,1966,493.4
018069,ELLISTON,-33.65,134.89,4.0,1967,349.5
018069,ELLISTON,-33.65,134.89,4.0,1968,645.9
018069,ELLISTON,-33.65,134.89,4.0,1969,323.7
018069,ELLISTON,-33.65,134.89,4.0,1970,382.4
018069,ELLISTON,-33.65,134.89,4.0,1971,619.3
018069,ELLISTON,-33.65,134.89,4.0,1972,346.3
018069,ELLISTON,-33.65,134.89,4.0,1973,480.5
018069,ELLISTON,-33.65,134.89,4.0,1974,530.7
018069,ELLISTON,-33.65,134.89,4.0,1975,509.8
018069,ELLISTON,-33.65,134.89,4.0,1976,476.3
018069,ELLISTON,-33.65,134.89,4.0,1977,341.0
018069,ELLISTON,-33.65,134.89,4.0,1978,590.2
018069,ELLISTON,-33.65,134.89,4.0,1979,562.6
018069,ELLISTON,-33.65,134.89,4.0,1980,406.3
018069,ELLISTON,-33.65,134.89,4.0,1981,503.4
018069,ELLISTON,-33.65,134.89,4.0,1982,311.8
018069,ELLISTON,-33.65,134.89,4.0,1983,525.7
018069,ELLISTON,-33.65,134.89,4.0,1984,459.9
018069,ELLISTON,-33.65,134.89,4.0,1985,396.1
018069,ELLISTON,-33.65,134.89,4.0,1986,451.9
018069,ELLISTON,-33.65,134.89,4.0,1987,336.4
018069,ELLISTON,-33.65,134.89,4.0,1988,313.7
018069,ELLISTON,-33.65,134.89,4.0,1989,471.3
018069,ELLISTON,-33.65,134.89,4.0,1990,399.8
018069,ELLISTON,-33.65,134.89,4.0,1991,290.6
018069,ELLISTON,-33.65,134.89,4.0,1992,641.8
018069,ELLISTON,-33.65,134.89,4.0,1993,386.2
018069,ELLISTON,-33.65,134.89,4.0,1994,
018069,ELLISTON,-33.65,134.89,4.0,1995,438.6
018069,ELLISTON,-33.65,134.89,4.0,1996,415.2
018069,ELLISTON,-33.65,134.89,4.0,1997,447.6
018069,ELLISTON,-33.65,134.89,4.0,1998,313.0
018069,ELLISTON,-33.65,134.89,4.0,1999,322.1
018069,ELLISTON,-33.65,134.89,4.0,2000,468.7
018069,ELLISTON,-33.65,134.89,4.0,2001,436.7
018069,ELLISTON,-33.65,134.89,4.0,2002,306.4
018069,ELLISTON,-33.65,134.89,4.0,2003,477.5
018069,ELLISTON,-33.65,134.89,4.0,2004,379.9
018069,ELLISTON,-33.65,134.89,4.0,2005,453.5
018069,ELLISTON,-33.65,134.89,4.0,2006,322.1
018069,ELLISTON,-33.65,134.89,4.0,2007,365.4
018069,ELLISTON,-33.65,134.89,4.0,2008,361.9
018069,ELLISTON,-33.65,134.89,4.0,2009,502.4
018069,ELLISTON,-33.65,134.89,4.0,2010,551.6
018069,ELLISTON,-33.65,134.89,4.0,2011,451.8
018069,ELLISTON,-33.65,134.89,4.0,2012,378.3
018069,ELLISTON,-33.65,134.89,4.0,2013,483.8
018069,ELLISTON,-33.65,134.89,4.0,2014,377.7
018069,ELLISTON,-33.65,134.89,4.0,2015,300.8
018069,ELLISTON,-33.65,134.89,4.0,2016,543.9
018069,ELLISTON,-33.65,134.89,4.0,2017,449.4
018069,ELLISTON,-33.65,134.89,4.0,2018,360.6
018069,ELLISTON,-33.65,134.89,4.0,2019,298.6
018069,ELLISTON,-33.65,134.89,4.0,2020,339.0
018069,ELLISTON,-33.65,134.89,4.0,2021,517.2
018069,ELLISTON,-33.65,134.89,4.0,2022,564.8
018069,ELLISTON,-33.65,134.89,4.0,2023,358.2
018069,ELLISTON,-33.65,134.89,4.0,2024,344.8
018069,ELLISTON,-33.65,134.89,4.0,2025,406.4
018073,PUNTABIE,-32.2,134.13,57.0,1910,309.7
018073,PUNTABIE,-32.2,134.13,57.0,1911,291.3
018073,PUNTABIE,-32.2,134.13,57.0,1912,264.1
018073,PUNTABIE,-32.2,134.13,57.0,1913,322.9
018073,PUNTABIE,-32.2,134.13,57.0,1914,185.4
018073,PUNTABIE,-32.2,134.13,57.0,1915,248.5
018073,PUNTABIE,-32.2,134.13,57.0,1916,415.2
018073,PUNTABIE,-32.2,134.13,57.0,1917,449.2
018073,PUNTABIE,-32.2,134.13,57.0,1918,247.9
018073,PUNTABIE,-32.2,134.13,57.0,1919,269.2
018073,PUNTABIE,-32.2,134.13,57.0,1920,365.4
018073,PUNTABIE,-32.2,134.13,57.0,1921,360.4
018073,PUNTABIE,-32.2,134.13,57.0,1922,244.9
018073,PUNTABIE,-32.2,134.13,57.0,1923,369.0
018073,PUNTABIE,-32.2,134.13,57.0,1924,276.0
018073,PUNTABIE,-32.2,134.13,57.0,1925,309.0
018073,PUNTABIE,-32.2,134.13,57.0,1926,325.9
018073,PUNTABIE,-32.2,134.13,57.0,1927,220.4
018073,PUNTABIE,-32.2,134.13,57.0,1928,198.5
018073,PUNTABIE,-32.2,134.13,57.0,1929,219.6
018073,PUNTABIE,-32.2,134.13,57.0,1930,189.6
018073,PUNTABIE,-32.2,134.13,57.0,1931,359.6
018073,PUNTABIE,-32.2,134.13,57.0,1932,307.2
018073,PUNTABIE,-32.2,134.13,57.0,1933,286.8
018073,PUNTABIE,-32.2,134.13,57.0,1934,200.4
018073,PUNTABIE,-32.2,134.13,57.0,1935,334.9
018073,PUNTABIE,-32.2,134.13,57.0,1936,199.4
018073,PUNTABIE,-32.2,134.13,57.0,1937,320.6
018073,PUNTABIE,-32.2,134.13,57.0,1938,352.9
018073,PUNTABIE,-32.2,134.13,57.0,1939,301.4
018073,PUNTABIE,-32.2,134.13,57.0,1940,93.0
018073,PUNTABIE,-32.2,134.13,57.0,1941,301.5
018073,PUNTABIE,-32.2,134.13,57.0,1942,328.4
018073,PUNTABIE,-32.2,134.13,57.0,1943,241.1
018073,PUNTABIE,-32.2,134.13,57.0,1944,172.6
018073,PUNTABIE,-32.2,134.13,57.0,1945,190.7
018073,PUNTABIE,-32.2,134.13,57.0,1946,237.2
018073,PUNTABIE,-32.2,134.13,57.0,1947,226.0
018073,PUNTABIE,-32.2,134.13,57.0,1948,173.9
018073,PUNTABIE,-32.2,134.13,57.0,1949,272.5
018073,PUNTABIE,-32.2,134.13,57.0,1950,325.7
018073,PUNTABIE,-32.2,134.13,57.0,1951,352.4
018073,PUNTABIE,-32.2,134.13,57.0,1952,300.8
018073,PUNTABIE,-32.2,134.13,57.0,1953,274.7
018073,PUNTABIE,-32.2,134.13,57.0,1954,218.0
018073,PUNTABIE,-32.2,134.13,57.0,1955,279.8
018073,PUNTABIE,-32.2,134.13,57.0,1956,453.6
018073,PUNTABIE,-32.2,134.13,57.0,1957,160.8
018073,PUNTABIE,-32.2,134.13,57.0,1958,347.1
018073,PUNTABIE,-32.2,134.13,57.0,1959,146.8
018073,PUNTABIE,-32.2,134.13,57.0,1960,369.2
018073,PUNTABIE,-32.2,134.13,57.0,1961,240.1
018073,PUNTABIE,-32.2,134.13,57.0,1962,255.2
018073,PUNTABIE,-32.2,134.13,57.0,1963,318.0
018073,PUNTABIE,-32.2,134.13,57.0,1964,370.7
018073,PUNTABIE,-32.2,134.13,57.0,1965,146.5
018073,PUNTABIE,-32.2,134.13,57.0,1966,464.2
018073,PUNTABIE,-32.2,134.13,57.0,1967,168.1
018073,PUNTABIE,-32.2,134.13,57.0,1968,465.3
018073,PUNTABIE,-32.2,134.13,57.0,1969,294.4
018073,PUNTABIE,-32.2,134.13,57.0,1970,156.8
018073,PUNTABIE,-32.2,134.13,57.0,1971,310.0
018073,PUNTABIE,-32.2,134.13,57.0,1972,219.4
018073,PUNTABIE,-32.2,134.13,57.0,1973,392.2
018073,PUNTABIE,-32.2,134.13,57.0,1974,368.7
018073,PUNTABIE,-32.2,134.13,57.0,1975,232.8
018073,PUNTABIE,-32.2,134.13,57.0,1976,197.2
018073,PUNTABIE,-32.2,134.13,57.0,1977,187.6
018073,PUNTABIE,-32.2,134.13,57.0,1978,338.8
018073,PUNTABIE,-32.2,134.13,57.0,1979,340.4
018073,PUNTABIE,-32.2,134.13,57.0,1980,229.6
018073,PUNTABIE,-32.2,134.13,57.0,1981,307.6
018073,PUNTABIE,-32.2,134.13,57.0,1982,210.8
018073,PUNTABIE,-32.2,134.13,57.0,1983,359.8
018073,PUNTABIE,-32.2,134.13,57.0,1984,276.0
018073,PUNTABIE,-32.2,134.13,57.0,1985,201.2
018073,PUNTABIE,-32.2,134.13,57.0,1986,293.2
018073,PUNTABIE,-32.2,134.13,57.0,1987,193.2
018073,PUNTABIE,-32.2,134.13,57.0,1988,199.7
018073,PUNTABIE,-32.2,134.13,57.0,1989,287.2
018073,PUNTABIE,-32.2,134.13,57.0,1990,336.8
018073,PUNTABIE,-32.2,134.13,57.0,1991,274.0
018073,PUNTABIE,-32.2,134.13,57.0,1992,516.2
018073,PUNTABIE,-32.2,134.13,57.0,1993,306.8
018073,PUNTABIE,-32.2,134.13,57.0,1994,146.0
018073,PUNTABIE,-32.2,134.13,57.0,1995,246.2
018073,PUNTABIE,-32.2,134.13,57.0,1996,250.8
018073,PUNTABIE,-32.2,134.13,57.0,1997,356.2
018073,PUNTABIE,-32.2,134.13,57.0,1998,280.4
018073,PUNTABIE,-32.2,134.13,57.0,1999,
018073,PUNTABIE,-32.2,134.13,57.0,2000,332.8
018073,PUNTABIE,-32.2,134.13,57.0,2001,368.4
018073,PUNTABIE,-32.2,134.13,57.0,2002,207.2
018073,PUNTABIE,-32.2,134.13,57.0,2003,251.8
018073,PUNTABIE,-32.2,134.13,57.0,2004,282.8
018073,PUNTABIE,-32.2,134.13,57.0,2005,331.4
018106,NULLARBOR ROADHOUSE,-31.45,130.9,64.0,1888,174.7
018106,NULLARBOR ROADHOUSE,-31.45,130.9,64.0,1889,481.1
018106,NULLARBOR ROADHOUSE,-31.45,130.9,64.0,1890,282.4
018106,NULLARBOR ROADHOUSE,-31.45,130.9,64.0,1891,156.2
018106,NULLARBOR ROADHOUSE,-31.45,130.9,64.0,1892,322.7
018106,NULLARBOR ROADHOUSE,-31.45,130.9,64.0,1893,301.5
018106,NULLARBOR ROADHOUSE,-31.45,130.9,64.0,1894,158.1
018106,NULLARBOR ROADHOUSE,-31.45,130.9,64.0,1895,148.3
018106,NULLARBOR ROADHOUSE,-31.45,130.9,64.0,1896,227.3
018106,NULLARBOR ROADHOUSE,-31.45,130.9,64.0,1897,211.7
018106,NULLARBOR ROADHOUSE,-31.45,130.9,64.0,1898,171.4
018106,NULLARBOR ROADHOUSE,-31.45,130.9,64.0,1899,188.9
018106,NULLARBOR ROADHOUSE,-31.45,130.9,64.0,1900,343.9
018106,NULLARBOR ROADHOUSE,-31.45,130.9,64.0,1901,275.0
018106,NULLARBOR ROADHOUSE,-31.45,130.9,64.0,1902,296.2
018106,NULLARBOR ROADHOUSE,-31.45,130.9,64.0,1903,197.5
018106,NULLARBOR ROADHOUSE,-31.45,130.9,64.0,1904,275.3
018106,NULLARBOR ROADHOUSE,-31.45,130.9,64.0,1905,91.8
018106,NULLARBOR ROADHOUSE,-31.45,130.9,64.0,1906,205.4
018106,NULLARBOR ROADHOUSE,-31.45,130.9,64.0,1907,176.0
018106,NULLARBOR ROADHOUSE,-31.45,130.9,64.0,1908,295.3
018106,NULLARBOR ROADHOUSE,-31.45,130.9,64.0,1909,321.9
018106,NULLARBOR ROADHOUSE,-31.45,130.9,64.0,1910,251.8
018106,NULLARBOR ROADHOUSE,-31.45,130.9,64.0,1911,240.2
018106,NULLARBOR ROADHOUSE,-31.45,130.9,64.0,1912,218.1
018106,NULLARBOR ROADHOUSE,-31.45,130.9,64.0,1913,167.4
018106,NULLARBOR ROADHOUSE,-31.45,130.9,64.0,1914,166.7
018106,NULLARBOR ROADHOUSE,-31.45,130.9,64.0,1915,162.5
018106,NULLARBOR ROADHOUSE,-31.45,130.9,64.0,1916,283.9
018106,NULLARBOR ROADHOUSE,-31.45,130.9,64.0,1917,310.2
018106,NULLARBOR ROADHOUSE,-31.45,130.9,64.0,1918,167.8
018106,NULLARBOR ROADHOUSE,-31.45,130.9,64.0,1919,249.8
018106,NULLARBOR ROADHOUSE,-31.45,130.9,64.0,1920,145.7
018106,NULLARBOR ROADHOUSE,-31.45,130.9,64.0,1921,194.9
018106,NULLARBOR ROADHOUSE,-31.45,130.9,64.0,1922,292.2
018106,NULLARBOR ROADHOUSE,-31.45,130.9,64.0,1923,146.6
018106,NULLARBOR ROADHOUSE,-31.45,130.9,64.0,1924,145.8
018106,NULLARBOR ROADHOUSE,-31.45,130.9,64.0,1925,180.2
018106,NULLARBOR ROADHOUSE,-31.45,130.9,64.0,1926,155.3
018106,NULLARBOR ROADHOUSE,-31.45,130.9,64.0,1927,203.4
018106,NULLARBOR ROADHOUSE,-31.45,130.9,64.0,1928,94.0
018106,NULLARBOR ROADHOUSE,-31.45,130.9,64.0,1929,119.9
018106,NULLARBOR ROADHOUSE,-31.45,130.9,64.0,1930,259.8
018106,NULLARBOR ROADHOUSE,-31.45,130.9,64.0,1931,302.6
018106,NULLARBOR ROADHOUSE,-31.45,130.9,64.0,1932,345.2
018106,NULLARBOR ROADHOUSE,-31.45,130.9,64.0,1933,197.7
018106,NULLARBOR ROADHOUSE,-31.45,130.9,64.0,1934,272.0
018106,NULLARBOR ROADHOUSE,-31.45,130.9,64.0,1935,248.4
018106,NULLARBOR ROADHOUSE,-31.45,130.9,64.0,1936,124.4
018106,NULLARBOR ROADHOUSE,-31.45,130.9,64.0,1937,175.8
018106,NULLARBOR ROADHOUSE,-31.45,130.9,64.0,1938,198.9
018106,NULLARBOR ROADHOUSE,-31.45,130.9,64.0,1939,220.2
018106,NULLARBOR ROADHOUSE,-31.45,130.9,64.0,1940,269.5
018106,NULLARBOR ROADHOUSE,-31.45,130.9,64.0,1941,281.2
018106,NULLARBOR ROADHOUSE,-31.45,130.9,64.0,1942,313.9
018106,NULLARBOR ROADHOUSE,-31.45,130.9,64.0,1943,111.2
018106,NULLARBOR ROADHOUSE,-31.45,130.9,64.0,1944,117.3
018106,NULLARBOR ROADHOUSE,-31.45,130.9,64.0,1945,253.2
018106,NULLARBOR ROADHOUSE,-31.45,130.9,64.0,1946,265.6
018106,NULLARBOR ROADHOUSE,-31.45,130.9,64.0,1947,410.9
018106,NULLARBOR ROADHOUSE,-31.45,130.9,64.0,1948,109.5
018106,NULLARBOR ROADHOUSE,-31.45,130.9,64.0,1949,202.8
018106,NULLARBOR ROADHOUSE,-31.45,130.9,64.0,1950,263.0
018106,NULLARBOR ROADHOUSE,-31.45,130.9,64.0,1951,155.5
018106,NULLARBOR ROADHOUSE,-31.45,130.9,64.0,1952,177.9
018106,NULLARBOR ROADHOUSE,-31.45,130.9,64.0,1953,334.3
018106,NULLARBOR ROADHOUSE,-31.45,130.9,64.0,1954,215.6
018106,NULLARBOR ROADHOUSE,-31.45,130.9,64.0,1955,403.8
018106,NULLARBOR ROADHOUSE,-31.45,130.9,64.0,1956,232.5
018106,NULLARBOR ROADHOUSE,-31.45,130.9,64.0,1957,122.1
018106,NULLARBOR ROADHOUSE,-31.45,130.9,64.0,1958,443.3
018106,NULLARBOR ROADHOUSE,-31.45,130.9,64.0,1959,176.4
018106,NULLARBOR ROADHOUSE,-31.45,130.9,64.0,1960,255.1
018106,NULLARBOR ROADHOUSE,-31.45,130.9,64.0,1961,145.2
018106,NULLARBOR ROADHOUSE,-31.45,130.9,64.0,1962,214.9
018106,NULLARBOR ROADHOUSE,-31.45,130.9,64.0,1963,109.1
018106,NULLARBOR ROADHOUSE,-31.45,130.9,64.0,1964,163.3
018106,NULLARBOR ROADHOUSE,-31.45,130.9,64.0,1965,119.0
018106,NULLARBOR ROADHOUSE,-31.45,130.9,64.0,1966,285.1
018106,NULLARBOR ROADHOUSE,-31.45,130.9,64.0,1967,224.3
018106,NULLARBOR ROADHOUSE,-31.45,130.9,64.0,1968,499.6
018106,NULLARBOR ROADHOUSE,-31.45,130.9,64.0,1969,330.9
018106,NULLARBOR ROADHOUSE,-31.45,130.9,64.0,1970,162.1
018106,NULLARBOR ROADHOUSE,-31.45,130.9,64.0,1971,286.5
018106,NULLARBOR ROADHOUSE,-31.45,130.9,64.0,1972,126.4
018106,NULLARBOR ROADHOUSE,-31.45,130.9,64.0,1973,431.8
018106,NULLARBOR ROADHOUSE,-31.45,130.9,64.0,1974,522.0
018106,NULLARBOR ROADHOUSE,-31.45,130.9,64.0,1975,407.4
018106,NULLARBOR ROADHOUSE,-31.45,130.9,64.0,1976,336.0
018106,NULLARBOR ROADHOUSE,-31.45,130.9,64.0,1977,195.8
018106,NULLARBOR ROADHOUSE,-31.45,130.9,64.0,1978,283.5
018106,NULLARBOR ROADHOUSE,-31.45,130.9,64.0,1979,307.0
018106,NULLARBOR ROADHOUSE,-31.45,130.9,64.0,1980,329.7
018106,NULLARBOR ROADHOUSE,-31.45,130.9,64.0,1981,224.6
018106,NULLARBOR ROADHOUSE,-31.45,130.9,64.0,1982,135.0
018106,NULLARBOR ROADHOUSE,-31.45,130.9,64.0,1983,481.6
018106,NULLARBOR ROADHOUSE,-31.45,130.9,64.0,1984,238.6
018106,NULLARBOR ROADHOUSE,-31.45,130.9,64.0,1985,155.1
018106,NULLARBOR ROADHOUSE,-31.45,130.9,64.0,1986,203.3
018106,NULLARBOR ROADHOUSE,-31.45,130.9,64.0,1987,264.3
018106,NULLARBOR ROADHOUSE,-31.45,130.9,64.0,1988,244.2
018106,NULLARBOR ROADHOUSE,-31.45,130.9,64.0,1989,341.1
018106,NULLARBOR ROADHOUSE,-31.45,130.9,64.0,1990,368.2
018106,NULLARBOR ROADHOUSE,-31.45,130.9,64.0,1991,229.5
018106,NULLARBOR ROADHOUSE,-31.45,130.9,64.0,1992,466.5
018106,NULLARBOR ROADHOUSE,-31.45,130.9,64.0,1993,396.1
018106,NULLARBOR ROADHOUSE,-31.45,130.9,64.0,1994,
018106,NULLARBOR ROADHOUSE,-31.45,130.9,64.0,1995,346.4
018106,NULLARBOR ROADHOUSE,-31.45,130.9,64.0,1996,241.7
018106,NULLARBOR ROADHOUSE,-31.45,130.9,64.0,1997,220.2
018106,NULLARBOR ROADHOUSE,-31.45,130.9,64.0,1998,298.4
018106,NULLARBOR ROADHOUSE,-31.45,130.9,64.0,1999,225.6
018106,NULLARBOR ROADHOUSE,-31.45,130.9,64.0,2000,234.0
018106,NULLARBOR ROADHOUSE,-31.45,130.9,64.0,2001,367.2
018106,NULLARBOR ROADHOUSE,-31.45,130.9,64.0,2002,232.0
018106,NULLARBOR ROADHOUSE,-31.45,130.9,64.0,2003,254.2
018106,NULLARBOR ROADHOUSE,-31.45,130.9,64.0,2004,252.2
018106,NULLARBOR ROADHOUSE,-31.45,130.9,64.0,2005,212.4
018106,NULLARBOR ROADHOUSE,-31.45,130.9,64.0,2006,440.2
018106,NULLARBOR ROADHOUSE,-31.45,130.9,64.0,2007,272.2
018106,NULLARBOR ROADHOUSE,-31.45,130.9,64.0,2008,186.8
018106,NULLARBOR ROADHOUSE,-31.45,130.9,64.0,2009,219.4
018106,NULLARBOR ROADHOUSE,-31.45,130.9,64.0,2010,402.0
018106,NULLARBOR ROADHOUSE,-31.45,130.9,64.0,2011,397.2
018106,NULLARBOR ROADHOUSE,-31.45,130.9,64.0,2012,135.2
018106,NULLARBOR ROADHOUSE,-31.45,130.9,64.0,2013,293.2
018106,NULLARBOR ROADHOUSE,-31.45,130.9,64.0,2014,309.2
018106,NULLARBOR ROADHOUSE,-31.45,130.9,64.0,2015,205.2
018106,NULLARBOR ROADHOUSE,-31.45,130.9,64.0,2016,384.6
018106,NULLARBOR ROADHOUSE,-31.45,130.9,64.0,2017,348.4
018106,NULLARBOR ROADHOUSE,-31.45,130.9,64.0,2018,308.4
018106,NULLARBOR ROADHOUSE,-31.45,130.9,64.0,2019,107.4
018106,NULLARBOR ROADHOUSE,-31.45,130.9,64.0,2020,282.8
018106,NULLARBOR ROADHOUSE,-31.45,130.9,64.0,2021,304.2
018106,NULLARBOR ROADHOUSE,-31.45,130.9,64.0,2022,308.0
018106,NULLARBOR ROADHOUSE,-31.45,130.9,64.0,2023,213.2
018106,NULLARBOR ROADHOUSE,-31.45,130.9,64.0,2024,193.6
018106,NULLARBOR ROADHOUSE,-31.45,130.9,64.0,2025,238.8
019001,APPILA,-33.05,138.43,370.0,1874,293.4
019001,APPILA,-33.05,138.43,370.0,1875,536.8
019001,APPILA,-33.05,138.43,370.0,1876,265.0
019001,APPILA,-33.05,138.43,370.0,1877,426.6
019001,APPILA,-33.05,138.43,370.0,1878,393.9
019001,APPILA,-33.05,138.43,370.0,1879,343.4
019001,APPILA,-33.05,138.43,370.0,1880,306.0
019001,APPILA,-33.05,138.43,370.0,1881,239.2
019001,APPILA,-33.05,138.43,370.0,1882,280.6
019001,APPILA,-33.05,138.43,370.0,1883,383.9
019001,APPILA,-33.05,138.43,370.0,1884,452.4
019001,APPILA,-33.05,138.43,370.0,1885,294.5
019001,APPILA,-33.05,138.43,370.0,1886,362.3
019001,APPILA,-33.05,138.43,370.0,1887,458.2
019001,APPILA,-33.05,138.43,370.0,1888,260.4
019001,APPILA,-33.05,138.43,370.0,1889,611.1
019001,APPILA,-33.05,138.43,370.0,1890,510.7
019001,APPILA,-33.05,138.43,370.0,1891,267.8
019001,APPILA,-33.05,138.43,370.0,1892,435.1
019001,APPILA,-33.05,138.43,370.0,1893,445.0
019001,APPILA,-33.05,138.43,370.0,1894,527.9
019001,APPILA,-33.05,138.43,370.0,1895,291.0
019001,APPILA,-33.05,138.43,370.0,1896,268.8
019001,APPILA,-33.05,138.43,370.0,1897,306.1
019001,APPILA,-33.05,138.43,370.0,1898,330.5
019001,APPILA,-33.05,138.43,370.0,1899,378.0
019001,APPILA,-33.05,138.43,370.0,1900,404.2
019001,APPILA,-33.05,138.43,370.0,1901,301.9
019001,APPILA,-33.05,138.43,370.0,1902,240.7
019001,APPILA,-33.05,138.43,370.0,1903,492.3
019001,APPILA,-33.05,138.43,370.0,1904,359.2
019001,APPILA,-33.05,138.43,370.0,1905,369.3
019001,APPILA,-33.05,138.43,370.0,1906,416.0
019001,APPILA,-33.05,138.43,370.0,1907,391.7
019001,APPILA,-33.05,138.43,370.0,1908,531.2
019001,APPILA,-33.05,138.43,370.0,1909,434.8
019001,APPILA,-33.05,138.43,370.0,1910,653.6
019001,APPILA,-33.05,138.43,370.0,1911,341.6
019001,APPILA,-33.05,138.43,370.0,1912,345.9
019001,APPILA,-33.05,138.43,370.0,1913,244.7
019001,APPILA,-33.05,138.43,370.0,1914,200.8
019001,APPILA,-33.05,138.43,370.0,1915,328.9
019001,APPILA,-33.05,138.43,370.0,1916,468.8
019001,APPILA,-33.05,138.43,370.0,1917,585.1
019001,APPILA,-33.05,138.43,370.0,1918,271.1
019001,APPILA,-33.05,138.43,370.0,1919,375.5
019001,APPILA,-33.05,138.43,370.0,1920,475.5
019001,APPILA,-33.05,138.43,370.0,1921,421.7
019001,APPILA,-33.05,138.43,370.0,1922,363.3
019001,APPILA,-33.05,138.43,370.0,1923,447.0
019001,APPILA,-33.05,138.43,370.0,1924,492.4
019001,APPILA,-33.05,138.43,370.0,1925,282.2
019001,APPILA,-33.05,138.43,370.0,1926,313.7
019001,APPILA,-33.05,138.43,370.0,1927,194.6
019001,APPILA,-33.05,138.43,370.0,1928,240.2
019001,APPILA,-33.05,138.43,370.0,1929,229.1
019001,APPILA,-33.05,138.43,370.0,1930,278.9
019001,APPILA,-33.05,138.43,370.0,1931,326.9
019001,APPILA,-33.05,138.43,370.0,1932,488.5
019001,APPILA,-33.05,138.43,370.0,1933,317.5
019001,APPILA,-33.05,138.43,370.0,1934,386.9
019001,APPILA,-33.05,138.43,370.0,1935,334.2
019001,APPILA,-33.05,138.43,370.0,1936,307.9
019001,APPILA,-33.05,138.43,370.0,1937,474.9
019001,APPILA,-33.05,138.43,370.0,1938,340.2
019001,APPILA,-33.05,138.43,370.0,1939,429.6
019001,APPILA,-33.05,138.43,370.0,1940,218.8
019001,APPILA,-33.05,138.43,370.0,1941,449.2
019001,APPILA,-33.05,138.43,370.0,1942,426.6
019001,APPILA,-33.05,138.43,370.0,1943,346.7
019001,APPILA,-33.05,138.43,370.0,1944,300.2
019001,APPILA,-33.05,138.43,370.0,1945,343.3
019001,APPILA,-33.05,138.43,370.0,1946,507.3
019001,APPILA,-33.05,138.43,370.0,1947,548.7
019001,APPILA,-33.05,138.43,370.0,1948,346.8
019001,APPILA,-33.05,138.43,370.0,1949,463.2
019001,APPILA,-33.05,138.43,370.0,1950,391.7
019001,APPILA,-33.05,138.43,370.0,1951,473.9
019001,APPILA,-33.05,138.43,370.0,1952,577.7
019001,APPILA,-33.05,138.43,370.0,1953,415.3
019001,APPILA,-33.05,138.43,370.0,1954,390.4
019001,APPILA,-33.05,138.43,370.0,1955,397.9
019001,APPILA,-33.05,138.43,370.0,1956,489.3
019001,APPILA,-33.05,138.43,370.0,1957,258.7
019001,APPILA,-33.05,138.43,370.0,1958,385.7
019001,APPILA,-33.05,138.43,370.0,1959,278.1
019001,APPILA,-33.05,138.43,370.0,1960,518.6
019001,APPILA,-33.05,138.43,370.0,1961,344.2
019001,APPILA,-33.05,138.43,370.0,1962,253.8
019001,APPILA,-33.05,138.43,370.0,1963,402.3
019001,APPILA,-33.05,138.43,370.0,1964,364.7
019001,APPILA,-33.05,138.43,370.0,1965,302.8
019001,APPILA,-33.05,138.43,370.0,1966,395.6
019001,APPILA,-33.05,138.43,370.0,1967,216.4
019001,APPILA,-33.05,138.43,370.0,1968,478.1
019001,APPILA,-33.05,138.43,370.0,1969,369.2
019001,APPILA,-33.05,138.43,370.0,1970,415.7
019001,APPILA,-33.05,138.43,370.0,1971,487.6
019001,APPILA,-33.05,138.43,370.0,1972,314.2
019001,APPILA,-33.05,138.43,370.0,1973,650.1
019001,APPILA,-33.05,138.43,370.0,1974,592.5
019001,APPILA,-33.05,138.43,370.0,1975,435.6
019001,APPILA,-33.05,138.43,370.0,1976,339.5
019001,APPILA,-33.05,138.43,370.0,1977,313.5
019001,APPILA,-33.05,138.43,370.0,1978,399.6
019001,APPILA,-33.05,138.43,370.0,1979,474.0
019001,APPILA,-33.05,138.43,370.0,1980,362.0
019001,APPILA,-33.05,138.43,370.0,1981,410.0
019001,APPILA,-33.05,138.43,370.0,1982,225.9
019001,APPILA,-33.05,138.43,370.0,1983,360.4
019001,APPILA,-33.05,138.43,370.0,1984,350.6
019001,APPILA,-33.05,138.43,370.0,1985,423.6
019001,APPILA,-33.05,138.43,370.0,1986,413.0
019001,APPILA,-33.05,138.43,370.0,1987,354.2
019001,APPILA,-33.05,138.43,370.0,1988,382.2
019001,APPILA,-33.05,138.43,370.0,1989,476.2
019001,APPILA,-33.05,138.43,370.0,1990,384.2
019001,APPILA,-33.05,138.43,370.0,1991,356.2
019001,APPILA,-33.05,138.43,370.0,1992,706.4
019001,APPILA,-33.05,138.43,370.0,1993,491.8
019001,APPILA,-33.05,138.43,370.0,1994,238.8
019001,APPILA,-33.05,138.43,370.0,1995,492.6
019001,APPILA,-33.05,138.43,370.0,1996,300.4
019001,APPILA,-33.05,138.43,370.0,1997,400.7
019001,APPILA,-33.05,138.43,370.0,1998,350.9
019001,APPILA,-33.05,138.43,370.0,1999,374.4
019001,APPILA,-33.05,138.43,370.0,2000,477.1
019001,APPILA,-33.05,138.43,370.0,2001,452.4
019001,APPILA,-33.05,138.43,370.0,2002,235.4
019001,APPILA,-33.05,138.43,370.0,2003,311.6
019001,APPILA,-33.05,138.43,370.0,2004,369.8
019001,APPILA,-33.05,138.43,370.0,2005,378.6
019001,APPILA,-33.05,138.43,370.0,2006,286.0
019001,APPILA,-33.05,138.43,370.0,2007,364.4
019001,APPILA,-33.05,138.43,370.0,2008,296.6
019001,APPILA,-33.05,138.43,370.0,2009,486.8
019001,APPILA,-33.05,138.43,370.0,2010,488.9
019001,APPILA,-33.05,138.43,370.0,2011,459.2
019001,APPILA,-33.05,138.43,370.0,2012,343.8
019001,APPILA,-33.05,138.43,370.0,2013,376.4
019001,APPILA,-33.05,138.43,370.0,2014,392.0
019001,APPILA,-33.05,138.43,370.0,2015,373.8
019001,APPILA,-33.05,138.43,370.0,2016,618.8
019001,APPILA,-33.05,138.43,370.0,2017,370.4
019001,APPILA,-33.05,138.43,370.0,2018,246.6
019001,APPILA,-33.05,138.43,370.0,2019,206.2
019001,APPILA,-33.05,138.43,370.0,2020,507.4
019001,APPILA,-33.05,138.43,370.0,2021,362.2
019001,APPILA,-33.05,138.43,370.0,2022,489.0
019001,APPILA,-33.05,138.43,370.0,2023,282.8
019001,APPILA,-33.05,138.43,370.0,2024,
019001,APPILA,-33.05,138.43,370.0,2025,285.8
019032,ORROROO,-32.74,138.61,418.0,1868,297.1
019032,ORROROO,-32.74,138.61,418.0,1869,285.8
019032,ORROROO,-32.74,138.61,418.0,1870,638.6
019032,ORROROO,-32.74,138.61,418.0,1871,379.7
019032,ORROROO,-32.74,138.61,418.0,1872,541.1
019032,ORROROO,-32.74,138.61,418.0,1873,372.8
019032,ORROROO,-32.74,138.61,418.0,1874,332.3
019032,ORROROO,-32.74,138.61,418.0,1875,432.6
019032,ORROROO,-32.74,138.61,418.0,1876,
019032,ORROROO,-32.74,138.61,418.0,1877,
019032,ORROROO,-32.74,138.61,418.0,1878,
019032,ORROROO,-32.74,138.61,418.0,1879,
019032,ORROROO,-32.74,138.61,418.0,1880,
019032,ORROROO,-32.74,138.61,418.0,1881,228.0
019032,ORROROO,-32.74,138.61,418.0,1882,342.8
019032,ORROROO,-32.74,138.61,418.0,1883,346.5
019032,ORROROO,-32.74,138.61,418.0,1884,376.4
019032,ORROROO,-32.74,138.61,418.0,1885,246.2
019032,ORROROO,-32.74,138.61,418.0,1886,355.1
019032,ORROROO,-32.74,138.61,418.0,1887,427.3
019032,ORROROO,-32.74,138.61,418.0,1888,188.4
019032,ORROROO,-32.74,138.61,418.0,1889,577.0
019032,ORROROO,-32.74,138.61,418.0,1890,538.4
019032,ORROROO,-32.74,138.61,418.0,1891,359.0
019032,ORROROO,-32.74,138.61,418.0,1892,417.0
019032,ORROROO,-32.74,138.61,418.0,1893,331.1
019032,ORROROO,-32.74,138.61,418.0,1894,410.8
019032,ORROROO,-32.74,138.61,418.0,1895,277.6
019032,ORROROO,-32.74,138.61,418.0,1896,225.3
019032,ORROROO,-32.74,138.61,418.0,1897,186.8
019032,ORROROO,-32.74,138.61,418.0,1898,234.7
019032,ORROROO,-32.74,138.61,418.0,1899,247.6
019032,ORROROO,-32.74,138.61,418.0,1900,250.4
019032,ORROROO,-32.74,138.61,418.0,1901,243.3
019032,ORROROO,-32.74,138.61,418.0,1902,174.9
019032,ORROROO,-32.74,138.61,418.0,1903,377.3
019032,ORROROO,-32.74,138.61,418.0,1904,276.8
019032,ORROROO,-32.74,138.61,418.0,1905,256.3
019032,ORROROO,-32.74,138.61,418.0,1906,355.4
019032,ORROROO,-32.74,138.61,418.0,1907,331.4
019032,ORROROO,-32.74,138.61,418.0,1908,404.5
019032,ORROROO,-32.74,138.61,418.0,1909,354.2
019032,ORROROO,-32.74,138.61,418.0,1910,479.6
019032,ORROROO,-32.74,138.61,418.0,1911,217.6
019032,ORROROO,-32.74,138.61,418.0,1912,333.8
019032,ORROROO,-32.74,138.61,418.0,1913,218.2
019032,ORROROO,-32.74,138.61,418.0,1914,228.2
019032,ORROROO,-32.74,138.61,418.0,1915,313.6
019032,ORROROO,-32.74,138.61,418.0,1916,451.2
019032,ORROROO,-32.74,138.61,418.0,1917,562.3
019032,ORROROO,-32.74,138.61,418.0,1918,276.0
019032,ORROROO,-32.74,138.61,418.0,1919,327.7
019032,ORROROO,-32.74,138.61,418.0,1920,534.3
019032,ORROROO,-32.74,138.61,418.0,1921,570.1
019032,ORROROO,-32.74,138.61,418.0,1922,321.6
019032,ORROROO,-32.74,138.61,418.0,1923,343.5
019032,ORROROO,-32.74,138.61,418.0,1924,262.5
019032,ORROROO,-32.74,138.61,418.0,1925,211.4
019032,ORROROO,-32.74,138.61,418.0,1926,311.3
019032,ORROROO,-32.74,138.61,418.0,1927,204.0
019032,ORROROO,-32.74,138.61,418.0,1928,236.5
019032,ORROROO,-32.74,138.61,418.0,1929,221.0
019032,ORROROO,-32.74,138.61,418.0,1930,275.3
019032,ORROROO,-32.74,138.61,418.0,1931,304.3
019032,ORROROO,-32.74,138.61,418.0,1932,358.4
019032,ORROROO,-32.74,138.61,418.0,1933,285.5
019032,ORROROO,-32.74,138.61,418.0,1934,348.0
019032,ORROROO,-32.74,138.61,418.0,1935,208.3
019032,ORROROO,-32.74,138.61,418.0,1936,294.5
019032,ORROROO,-32.74,138.61,418.0,1937,452.0
019032,ORROROO,-32.74,138.61,418.0,1938,345.9
019032,ORROROO,-32.74,138.61,418.0,1939,425.0
019032,ORROROO,-32.74,138.61,418.0,1940,139.8
019032,ORROROO,-32.74,138.61,418.0,1941,332.8
019032,ORROROO,-32.74,138.61,418.0,1942,346.4
019032,ORROROO,-32.74,138.61,418.0,1943,259.7
019032,ORROROO,-32.74,138.61,418.0,1944,192.0
019032,ORROROO,-32.74,138.61,418.0,1945,268.3
019032,ORROROO,-32.74,138.61,418.0,1946,483.1
019032,ORROROO,-32.74,138.61,418.0,1947,391.2
019032,ORROROO,-32.74,138.61,418.0,1948,325.4
019032,ORROROO,-32.74,138.61,418.0,1949,343.9
019032,ORROROO,-32.74,138.61,418.0,1950,422.8
019032,ORROROO,-32.74,138.61,418.0,1951,398.8
019032,ORROROO,-32.74,138.61,418.0,1952,455.8
019032,ORROROO,-32.74,138.61,418.0,1953,345.7
019032,ORROROO,-32.74,138.61,418.0,1954,300.4
019032,ORROROO,-32.74,138.61,418.0,1955,461.4
019032,ORROROO,-32.74,138.61,418.0,1956,383.4
019032,ORROROO,-32.74,138.61,418.0,1957,240.7
019032,ORROROO,-32.74,138.61,418.0,1958,427.4
019032,ORROROO,-32.74,138.61,418.0,1959,189.8
019032,ORROROO,-32.74,138.61,418.0,1960,467.7
019032,ORROROO,-32.74,138.61,418.0,1961,309.6
019032,ORROROO,-32.74,138.61,418.0,1962,328.1
019032,ORROROO,-32.74,138.61,418.0,1963,324.3
019032,ORROROO,-32.74,138.61,418.0,1964,356.6
019032,ORROROO,-32.74,138.61,418.0,1965,258.8
019032,ORROROO,-32.74,138.61,418.0,1966,392.6
019032,ORROROO,-32.74,138.61,418.0,1967,151.6
019032,ORROROO,-32.74,138.61,418.0,1968,559.6
019032,ORROROO,-32.74,138.61,418.0,1969,370.3
019032,ORROROO,-32.74,138.61,418.0,1970,329.2
019032,ORROROO,-32.74,138.61,418.0,1971,346.5
019032,ORROROO,-32.74,138.61,418.0,1972,280.1
019032,ORROROO,-32.74,138.61,418.0,1973,590.2
019032,ORROROO,-32.74,138.61,418.0,1974,568.8
019032,ORROROO,-32.74,138.61,418.0,1975,384.6
019032,ORROROO,-32.74,138.61,418.0,1976,259.6
019032,ORROROO,-32.74,138.61,418.0,1977,334.3
019032,ORROROO,-32.74,138.61,418.0,1978,378.0
019032,ORROROO,-32.74,138.61,418.0,1979,452.2
019032,ORROROO,-32.74,138.61,418.0,1980,341.4
019032,ORROROO,-32.74,138.61,418.0,1981,401.6
019032,ORROROO,-32.74,138.61,418.0,1982,130.1
019032,ORROROO,-32.74,138.61,418.0,1983,288.4
019032,ORROROO,-32.74,138.61,418.0,1984,305.0
019032,ORROROO,-32.74,138.61,418.0,1985,405.6
019032,ORROROO,-32.74,138.61,418.0,1986,341.2
019032,ORROROO,-32.74,138.61,418.0,1987,381.0
019032,ORROROO,-32.74,138.61,418.0,1988,295.2
019032,ORROROO,-32.74,138.61,418.0,1989,490.4
019032,ORROROO,-32.74,138.61,418.0,1990,413.0
019032,ORROROO,-32.74,138.61,418.0,1991,296.8
019032,ORROROO,-32.74,138.61,418.0,1992,621.6
019032,ORROROO,-32.74,138.61,418.0,1993,367.0
019032,ORROROO,-32.74,138.61,418.0,1994,217.0
019032,ORROROO,-32.74,138.61,418.0,1995,431.8
019032,ORROROO,-32.74,138.61,418.0,1996,320.4
019032,ORROROO,-32.74,138.61,418.0,1997,406.2
019032,ORROROO,-32.74,138.61,418.0,1998,331.8
019032,ORROROO,-32.74,138.61,418.0,1999,252.6
019032,ORROROO,-32.74,138.61,418.0,2000,373.0
019032,ORROROO,-32.74,138.61,418.0,2001,334.2
019032,ORROROO,-32.74,138.61,418.0,2002,173.8
019032,ORROROO,-32.74,138.61,418.0,2003,
019032,ORROROO,-32.74,138.61,418.0,2004,275.6
019032,ORROROO,-32.74,138.61,418.0,2005,325.8
019032,ORROROO,-32.74,138.61,418.0,2006,227.2
019032,ORROROO,-32.74,138.61,418.0,2007,370.5
019032,ORROROO,-32.74,138.61,418.0,2008,285.8
019032,ORROROO,-32.74,138.61,418.0,2009,
019032,ORROROO,-32.74,138.61,418.0,2010,376.7
019032,ORROROO,-32.74,138.61,418.0,2011,401.0
019032,ORROROO,-32.74,138.61,418.0,2012,
019032,ORROROO,-32.74,138.61,418.0,2013,337.4
019032,ORROROO,-32.74,138.61,418.0,2014,
019032,ORROROO,-32.74,138.61,418.0,2015,391.8
019032,ORROROO,-32.74,138.61,418.0,2016,486.8
019032,ORROROO,-32.74,138.61,418.0,2017,281.7
019032,ORROROO,-32.74,138.61,418.0,2018,218.2
019032,ORROROO,-32.74,138.61,418.0,2019,146.6
019032,ORROROO,-32.74,138.61,418.0,2020,446.1
019032,ORROROO,-32.74,138.61,418.0,2021,285.9
019032,ORROROO,-32.74,138.61,418.0,2022,404.3
019032,ORROROO,-32.74,138.61,418.0,2023,220.2
019032,ORROROO,-32.74,138.61,418.0,2024,224.7
019032,ORROROO,-32.74,138.61,418.0,2025,269.0
019061,YEDNALUE,-32.06,138.64,540.0,1910,413.1
019061,YEDNALUE,-32.06,138.64,540.0,1911,251.8
019061,YEDNALUE,-32.06,138.64,540.0,1912,303.1
019061,YEDNALUE,-32.06,138.64,540.0,1913,227.1
019061,YEDNALUE,-32.06,138.64,540.0,1914,158.7
019061,YEDNALUE,-32.06,138.64,540.0,1915,222.5
019061,YEDNALUE,-32.06,138.64,540.0,1916,369.2
019061,YEDNALUE,-32.06,138.64,540.0,1917,433.6
019061,YEDNALUE,-32.06,138.64,540.0,1918,294.6
019061,YEDNALUE,-32.06,138.64,540.0,1919,341.3
019061,YEDNALUE,-32.06,138.64,540.0,1920,564.1
019061,YEDNALUE,-32.06,138.64,540.0,1921,499.8
019061,YEDNALUE,-32.06,138.64,540.0,1922,312.9
019061,YEDNALUE,-32.06,138.64,540.0,1923,263.8
019061,YEDNALUE,-32.06,138.64,540.0,1924,225.0
019061,YEDNALUE,-32.06,138.64,540.0,1925,225.5
019061,YEDNALUE,-32.06,138.64,540.0,1926,182.4
019061,YEDNALUE,-32.06,138.64,540.0,1927,157.2
019061,YEDNALUE,-32.06,138.64,540.0,1928,145.0
019061,YEDNALUE,-32.06,138.64,540.0,1929,151.4
019061,YEDNALUE,-32.06,138.64,540.0,1930,252.1
019061,YEDNALUE,-32.06,138.64,540.0,1931,300.1
019061,YEDNALUE,-32.06,138.64,540.0,1932,302.0
019061,YEDNALUE,-32.06,138.64,540.0,1933,180.6
019061,YEDNALUE,-32.06,138.64,540.0,1934,239.8
019061,YEDNALUE,-32.06,138.64,540.0,1935,131.4
019061,YEDNALUE,-32.06,138.64,540.0,1936,227.6
019061,YEDNALUE,-32.06,138.64,540.0,1937,391.7
019061,YEDNALUE,-32.06,138.64,540.0,1938,230.6
019061,YEDNALUE,-32.06,138.64,540.0,1939,349.5
019061,YEDNALUE,-32.06,138.64,540.0,1940,77.4
019061,YEDNALUE,-32.06,138.64,540.0,1941,260.7
019061,YEDNALUE,-32.06,138.64,540.0,1942,302.9
019061,YEDNALUE,-32.06,138.64,540.0,1943,207.5
019061,YEDNALUE,-32.06,138.64,540.0,1944,134.2
019061,YEDNALUE,-32.06,138.64,540.0,1945,257.6
019061,YEDNALUE,-32.06,138.64,540.0,1946,353.0
019061,YEDNALUE,-32.06,138.64,540.0,1947,418.3
019061,YEDNALUE,-32.06,138.64,540.0,1948,174.7
019061,YEDNALUE,-32.06,138.64,540.0,1949,360.9
019061,YEDNALUE,-32.06,138.64,540.0,1950,389.0
019061,YEDNALUE,-32.06,138.64,540.0,1951,247.2
019061,YEDNALUE,-32.06,138.64,540.0,1952,341.7
019061,YEDNALUE,-32.06,138.64,540.0,1953,239.9
019061,YEDNALUE,-32.06,138.64,540.0,1954,221.1
019061,YEDNALUE,-32.06,138.64,540.0,1955,331.4
019061,YEDNALUE,-32.06,138.64,540.0,1956,341.7
019061,YEDNALUE,-32.06,138.64,540.0,1957,178.6
019061,YEDNALUE,-32.06,138.64,540.0,1958,380.5
019061,YEDNALUE,-32.06,138.64,540.0,1959,157.7
019061,YEDNALUE,-32.06,138.64,540.0,1960,308.2
019061,YEDNALUE,-32.06,138.64,540.0,1961,185.9
019061,YEDNALUE,-32.06,138.64,540.0,1962,270.5
019061,YEDNALUE,-32.06,138.64,540.0,1963,235.3
019061,YEDNALUE,-32.06,138.64,540.0,1964,245.2
019061,YEDNALUE,-32.06,138.64,540.0,1965,174.6
019061,YEDNALUE,-32.06,138.64,540.0,1966,277.4
019061,YEDNALUE,-32.06,138.64,540.0,1967,112.4
019061,YEDNALUE,-32.06,138.64,540.0,1968,405.2
019061,YEDNALUE,-32.06,138.64,540.0,1969,307.8
019061,YEDNALUE,-32.06,138.64,540.0,1970,314.6
019061,YEDNALUE,-32.06,138.64,540.0,1971,323.6
019061,YEDNALUE,-32.06,138.64,540.0,1972,237.1
019061,YEDNALUE,-32.06,138.64,540.0,1973,536.5
019061,YEDNALUE,-32.06,138.64,540.0,1974,576.1
019061,YEDNALUE,-32.06,138.64,540.0,1975,378.0
019061,YEDNALUE,-32.06,138.64,540.0,1976,278.6
019061,YEDNALUE,-32.06,138.64,540.0,1977,174.7
019061,YEDNALUE,-32.06,138.64,540.0,1978,312.2
019061,YEDNALUE,-32.06,138.64,540.0,1979,438.6
019061,YEDNALUE,-32.06,138.64,540.0,1980,330.5
019061,YEDNALUE,-32.06,138.64,540.0,1981,326.7
019061,YEDNALUE,-32.06,138.64,540.0,1982,101.3
019061,YEDNALUE,-32.06,138.64,540.0,1983,340.0
019061,YEDNALUE,-32.06,138.64,540.0,1984,287.8
019061,YEDNALUE,-32.06,138.64,540.0,1985,301.7
019061,YEDNALUE,-32.06,138.64,540.0,1986,368.4
019061,YEDNALUE,-32.06,138.64,540.0,1987,312.4
019061,YEDNALUE,-32.06,138.64,540.0,1988,327.9
019061,YEDNALUE,-32.06,138.64,540.0,1989,534.0
019061,YEDNALUE,-32.06,138.64,540.0,1990,318.8
019061,YEDNALUE,-32.06,138.64,540.0,1991,163.7
019061,YEDNALUE,-32.06,138.64,540.0,1992,582.8
019061,YEDNALUE,-32.06,138.64,540.0,1993,341.3
019061,YEDNALUE,-32.06,138.64,540.0,1994,125.8
019061,YEDNALUE,-32.06,138.64,540.0,1995,337.2
019061,YEDNALUE,-32.06,138.64,540.0,1996,311.9
019061,YEDNALUE,-32.06,138.64,540.0,1997,
019061,YEDNALUE,-32.06,138.64,540.0,1998,292.9
019061,YEDNALUE,-32.06,138.64,540.0,1999,283.9
019061,YEDNALUE,-32.06,138.64,540.0,2000,416.4
019061,YEDNALUE,-32.06,138.64,540.0,2001,327.8
019061,YEDNALUE,-32.06,138.64,540.0,2002,132.1
019061,YEDNALUE,-32.06,138.64,540.0,2003,263.6
019061,YEDNALUE,-32.06,138.64,540.0,2004,265.9
019061,YEDNALUE,-32.06,138.64,540.0,2005,254.6
019061,YEDNALUE,-32.06,138.64,540.0,2006,221.0
019061,YEDNALUE,-32.06,138.64,540.0,2007,415.7
019061,YEDNALUE,-32.06,138.64,540.0,2008,250.2
019061,YEDNALUE,-32.06,138.64,540.0,2009,257.8
019061,YEDNALUE,-32.06,138.64,540.0,2010,390.7
019061,YEDNALUE,-32.06,138.64,540.0,2011,467.9
019061,YEDNALUE,-32.06,138.64,540.0,2012,241.3
019061,YEDNALUE,-32.06,138.64,540.0,2013,333.5
019061,YEDNALUE,-32.06,138.64,540.0,2014,328.4
019061,YEDNALUE,-32.06,138.64,540.0,2015,318.1
019061,YEDNALUE,-32.06,138.64,540.0,2016,449.4
019061,YEDNALUE,-32.06,138.64,540.0,2017,205.0
019061,YEDNALUE,-32.06,138.64,540.0,2018,173.9
019061,YEDNALUE,-32.06,138.64,540.0,2019,107.6
019061,YEDNALUE,-32.06,138.64,540.0,2020,298.9
019061,YEDNALUE,-32.06,138.64,540.0,2021,231.8
019061,YEDNALUE,-32.06,138.64,540.0,2022,378.1
019061,YEDNALUE,-32.06,138.64,540.0,2023,248.5
019061,YEDNALUE,-32.06,138.64,540.0,2024,320.0
019061,YEDNALUE,-32.06,138.64,540.0,2025,219.6
020005,ERUDINA,-31.48,139.38,85.0,1912,277.8
020005,ERUDINA,-31.48,139.38,85.0,1913,122.8
020005,ERUDINA,-31.48,139.38,85.0,1914,131.9
020005,ERUDINA,-31.48,139.38,85.0,1915,64.0
020005,ERUDINA,-31.48,139.38,85.0,1916,135.1
020005,ERUDINA,-31.48,139.38,85.0,1917,199.2
020005,ERUDINA,-31.48,139.38,85.0,1918,181.7
020005,ERUDINA,-31.48,139.38,85.0,1919,129.1
020005,ERUDINA,-31.48,139.38,85.0,1920,310.1
020005,ERUDINA,-31.48,139.38,85.0,1921,299.7
020005,ERUDINA,-31.48,139.38,85.0,1922,59.2
020005,ERUDINA,-31.48,139.38,85.0,1923,152.6
020005,ERUDINA,-31.48,139.38,85.0,1924,182.5
020005,ERUDINA,-31.48,139.38,85.0,1925,119.5
020005,ERUDINA,-31.48,139.38,85.0,1926,169.2
020005,ERUDINA,-31.48,139.38,85.0,1927,78.7
020005,ERUDINA,-31.48,139.38,85.0,1928,121.1
020005,ERUDINA,-31.48,139.38,85.0,1929,90.6
020005,ERUDINA,-31.48,139.38,85.0,1930,214.0
020005,ERUDINA,-31.48,139.38,85.0,1931,145.5
020005,ERUDINA,-31.48,139.38,85.0,1932,167.1
020005,ERUDINA,-31.48,139.38,85.0,1933,137.8
020005,ERUDINA,-31.48,139.38,85.0,1934,199.2
020005,ERUDINA,-31.48,139.38,85.0,1935,104.2
020005,ERUDINA,-31.48,139.38,85.0,1936,174.0
020005,ERUDINA,-31.48,139.38,85.0,1937,303.4
020005,ERUDINA,-31.48,139.38,85.0,1938,124.2
020005,ERUDINA,-31.48,139.38,85.0,1939,278.6
020005,ERUDINA,-31.48,139.38,85.0,1940,23.9
020005,ERUDINA,-31.48,139.38,85.0,1941,148.1
020005,ERUDINA,-31.48,139.38,85.0,1942,139.7
020005,ERUDINA,-31.48,139.38,85.0,1943,73.5
020005,ERUDINA,-31.48,139.38,85.0,1944,96.7
020005,ERUDINA,-31.48,139.38,85.0,1945,165.8
020005,ERUDINA,-31.48,139.38,85.0,1946,240.2
020005,ERUDINA,-31.48,139.38,85.0,1947,171.5
020005,ERUDINA,-31.48,139.38,85.0,1948,126.2
020005,ERUDINA,-31.48,139.38,85.0,1949,198.8
020005,ERUDINA,-31.48,139.38,85.0,1950,383.2
020005,ERUDINA,-31.48,139.38,85.0,1951,98.6
020005,ERUDINA,-31.48,139.38,85.0,1952,167.6
020005,ERUDINA,-31.48,139.38,85.0,1953,137.9
020005,ERUDINA,-31.48,139.38,85.0,1954,137.8
020005,ERUDINA,-31.48,139.38,85.0,1955,411.0
020005,ERUDINA,-31.48,139.38,85.0,1956,233.6
020005,ERUDINA,-31.48,139.38,85.0,1957,163.3
020005,ERUDINA,-31.48,139.38,85.0,1958,249.1
020005,ERUDINA,-31.48,139.38,85.0,1959,101.3
020005,ERUDINA,-31.48,139.38,85.0,1960,114.0
020005,ERUDINA,-31.48,139.38,85.0,1961,170.2
020005,ERUDINA,-31.48,139.38,85.0,1962,224.2
020005,ERUDINA,-31.48,139.38,85.0,1963,177.1
020005,ERUDINA,-31.48,139.38,85.0,1964,157.6
020005,ERUDINA,-31.48,139.38,85.0,1965,61.3
020005,ERUDINA,-31.48,139.38,85.0,1966,151.9
020005,ERUDINA,-31.48,139.38,85.0,1967,73.6
020005,ERUDINA,-31.48,139.38,85.0,1968,345.5
020005,ERUDINA,-31.48,139.38,85.0,1969,169.8
020005,ERUDINA,-31.48,139.38,85.0,1970,153.9
020005,ERUDINA,-31.48,139.38,85.0,1971,430.4
020005,ERUDINA,-31.48,139.38,85.0,1972,157.8
020005,ERUDINA,-31.48,139.38,85.0,1973,476.2
020005,ERUDINA,-31.48,139.38,85.0,1974,597.4
020005,ERUDINA,-31.48,139.38,85.0,1975,278.2
020005,ERUDINA,-31.48,139.38,85.0,1976,320.8
020005,ERUDINA,-31.48,139.38,85.0,1977,80.6
020005,ERUDINA,-31.48,139.38,85.0,1978,238.2
020005,ERUDINA,-31.48,139.38,85.0,1979,245.0
020005,ERUDINA,-31.48,139.38,85.0,1980,202.2
020005,ERUDINA,-31.48,139.38,85.0,1981,211.1
020005,ERUDINA,-31.48,139.38,85.0,1982,70.4
020005,ERUDINA,-31.48,139.38,85.0,1983,266.8
020005,ERUDINA,-31.48,139.38,85.0,1984,193.8
020005,ERUDINA,-31.48,139.38,85.0,1985,111.0
020005,ERUDINA,-31.48,139.38,85.0,1986,174.8
020005,ERUDINA,-31.48,139.38,85.0,1987,161.6
020005,ERUDINA,-31.48,139.38,85.0,1988,228.4
020005,ERUDINA,-31.48,139.38,85.0,1989,349.2
020005,ERUDINA,-31.48,139.38,85.0,1990,334.6
020005,ERUDINA,-31.48,139.38,85.0,1991,86.8
020005,ERUDINA,-31.48,139.38,85.0,1992,366.5
020005,ERUDINA,-31.48,139.38,85.0,1993,222.2
020005,ERUDINA,-31.48,139.38,85.0,1994,91.2
020005,ERUDINA,-31.48,139.38,85.0,1995,229.8
020005,ERUDINA,-31.48,139.38,85.0,1996,138.4
020005,ERUDINA,-31.48,139.38,85.0,1997,259.0
020005,ERUDINA,-31.48,139.38,85.0,1998,179.2
020005,ERUDINA,-31.48,139.38,85.0,1999,
020005,ERUDINA,-31.48,139.38,85.0,2000,
020005,ERUDINA,-31.48,139.38,85.0,2001,187.0
020005,ERUDINA,-31.48,139.38,85.0,2002,51.8
020005,ERUDINA,-31.48,139.38,85.0,2003,188.8
020005,ERUDINA,-31.48,139.38,85.0,2004,169.4
020005,ERUDINA,-31.48,139.38,85.0,2005,190.0
020005,ERUDINA,-31.48,139.38,85.0,2006,92.0
020005,ERUDINA,-31.48,139.38,85.0,2007,140.4
020005,ERUDINA,-31.48,139.38,85.0,2008,103.8
020005,ERUDINA,-31.48,139.38,85.0,2009,241.8
020005,ERUDINA,-31.48,139.38,85.0,2010,368.8
020005,ERUDINA,-31.48,139.38,85.0,2011,262.9
020005,ERUDINA,-31.48,139.38,85.0,2012,189.2
020005,ERUDINA,-31.48,139.38,85.0,2013,154.1
020005,ERUDINA,-31.48,139.38,85.0,2014,224.6
020020,PANARAMITEE,-32.64,139.65,275.0,1902,73.6
020020,PANARAMITEE,-32.64,139.65,275.0,1903,204.8
020020,PANARAMITEE,-32.64,139.65,275.0,1904,200.9
020020,PANARAMITEE,-32.64,139.65,275.0,1905,95.8
020020,PANARAMITEE,-32.64,139.65,275.0,1906,188.7
020020,PANARAMITEE,-32.64,139.65,275.0,1907,214.1
020020,PANARAMITEE,-32.64,139.65,275.0,1908,206.3
020020,PANARAMITEE,-32.64,139.65,275.0,1909,171.6
020020,PANARAMITEE,-32.64,139.65,275.0,1910,296.9
020020,PANARAMITEE,-32.64,139.65,275.0,1911,256.3
020020,PANARAMITEE,-32.64,139.65,275.0,1912,227.2
020020,PANARAMITEE,-32.64,139.65,275.0,1913,257.4
020020,PANARAMITEE,-32.64,139.65,275.0,1914,153.5
020020,PANARAMITEE,-32.64,139.65,275.0,1915,101.5
020020,PANARAMITEE,-32.64,139.65,275.0,1916,182.0
020020,PANARAMITEE,-32.64,139.65,275.0,1917,390.7
020020,PANARAMITEE,-32.64,139.65,275.0,1918,174.3
020020,PANARAMITEE,-32.64,139.65,275.0,1919,278.5
020020,PANARAMITEE,-32.64,139.65,275.0,1920,392.5
020020,PANARAMITEE,-32.64,139.65,275.0,1921,327.1
020020,PANARAMITEE,-32.64,139.65,275.0,1922,140.0
020020,PANARAMITEE,-32.64,139.65,275.0,1923,177.4
020020,PANARAMITEE,-32.64,139.65,275.0,1924,178.9
020020,PANARAMITEE,-32.64,139.65,275.0,1925,128.5
020020,PANARAMITEE,-32.64,139.65,275.0,1926,187.5
020020,PANARAMITEE,-32.64,139.65,275.0,1927,93.9
020020,PANARAMITEE,-32.64,139.65,275.0,1928,116.0
020020,PANARAMITEE,-32.64,139.65,275.0,1929,119.5
020020,PANARAMITEE,-32.64,139.65,275.0,1930,147.2
020020,PANARAMITEE,-32.64,139.65,275.0,1931,196.8
020020,PANARAMITEE,-32.64,139.65,275.0,1932,132.1
020020,PANARAMITEE,-32.64,139.65,275.0,1933,155.5
020020,PANARAMITEE,-32.64,139.65,275.0,1934,125.8
020020,PANARAMITEE,-32.64,139.65,275.0,1935,167.0
020020,PANARAMITEE,-32.64,139.65,275.0,1936,196.4
020020,PANARAMITEE,-32.64,139.65,275.0,1937,298.7
020020,PANARAMITEE,-32.64,139.65,275.0,1938,163.7
020020,PANARAMITEE,-32.64,139.65,275.0,1939,278.8
020020,PANARAMITEE,-32.64,139.65,275.0,1940,87.4
020020,PANARAMITEE,-32.64,139.65,275.0,1941,261.3
020020,PANARAMITEE,-32.64,139.65,275.0,1942,186.2
020020,PANARAMITEE,-32.64,139.65,275.0,1943,182.3
020020,PANARAMITEE,-32.64,139.65,275.0,1944,158.1
020020,PANARAMITEE,-32.64,139.65,275.0,1945,279.0
020020,PANARAMITEE,-32.64,139.65,275.0,1946,305.4
020020,PANARAMITEE,-32.64,139.65,275.0,1947,311.3
020020,PANARAMITEE,-32.64,139.65,275.0,1948,132.4
020020,PANARAMITEE,-32.64,139.65,275.0,1949,298.0
020020,PANARAMITEE,-32.64,139.65,275.0,1950,495.7
020020,PANARAMITEE,-32.64,139.65,275.0,1951,219.0
020020,PANARAMITEE,-32.64,139.65,275.0,1952,339.7
020020,PANARAMITEE,-32.64,139.65,275.0,1953,213.8
020020,PANARAMITEE,-32.64,139.65,275.0,1954,242.3
020020,PANARAMITEE,-32.64,139.65,275.0,1955,409.4
020020,PANARAMITEE,-32.64,139.65,275.0,1956,238.0
020020,PANARAMITEE,-32.64,139.65,275.0,1957,134.8
020020,PANARAMITEE,-32.64,139.65,275.0,1958,264.6
020020,PANARAMITEE,-32.64,139.65,275.0,1959,110.4
020020,PANARAMITEE,-32.64,139.65,275.0,1960,171.6
020020,PANARAMITEE,-32.64,139.65,275.0,1961,145.8
020020,PANARAMITEE,-32.64,139.65,275.0,1962,246.2
020020,PANARAMITEE,-32.64,139.65,275.0,1963,147.5
020020,PANARAMITEE,-32.64,139.65,275.0,1964,200.1
020020,PANARAMITEE,-32.64,139.65,275.0,1965,90.9
020020,PANARAMITEE,-32.64,139.65,275.0,1966,198.5
020020,PANARAMITEE,-32.64,139.65,275.0,1967,55.9
020020,PANARAMITEE,-32.64,139.65,275.0,1968,285.2
020020,PANARAMITEE,-32.64,139.65,275.0,1969,263.1
020020,PANARAMITEE,-32.64,139.65,275.0,1970,261.6
020020,PANARAMITEE,-32.64,139.65,275.0,1971,210.0
020020,PANARAMITEE,-32.64,139.65,275.0,1972,203.0
020020,PANARAMITEE,-32.64,139.65,275.0,1973,483.6
020020,PANARAMITEE,-32.64,139.65,275.0,1974,513.0
020020,PANARAMITEE,-32.64,139.65,275.0,1975,331.6
020020,PANARAMITEE,-32.64,139.65,275.0,1976,227.0
020020,PANARAMITEE,-32.64,139.65,275.0,1977,106.0
020020,PANARAMITEE,-32.64,139.65,275.0,1978,251.8
020020,PANARAMITEE,-32.64,139.65,275.0,1979,279.0
020020,PANARAMITEE,-32.64,139.65,275.0,1980,219.8
020020,PANARAMITEE,-32.64,139.65,275.0,1981,271.4
020020,PANARAMITEE,-32.64,139.65,275.0,1982,63.0
020020,PANARAMITEE,-32.64,139.65,275.0,1983,222.2
020020,PANARAMITEE,-32.64,139.65,275.0,1984,221.4
020020,PANARAMITEE,-32.64,139.65,275.0,1985,144.0
020020,PANARAMITEE,-32.64,139.65,275.0,1986,239.2
020020,PANARAMITEE,-32.64,139.65,275.0,1987,308.3
020020,PANARAMITEE,-32.64,139.65,275.0,1988,197.0
020020,PANARAMITEE,-32.64,139.65,275.0,1989,300.4
020020,PANARAMITEE,-32.64,139.65,275.0,1990,
020020,PANARAMITEE,-32.64,139.65,275.0,1991,189.0
020020,PANARAMITEE,-32.64,139.65,275.0,1992,436.6
020020,PANARAMITEE,-32.64,139.65,275.0,1993,333.6
020020,PANARAMITEE,-32.64,139.65,275.0,1994,154.4
020020,PANARAMITEE,-32.64,139.65,275.0,1995,
020020,PANARAMITEE,-32.64,139.65,275.0,1996,178.0
020020,PANARAMITEE,-32.64,139.65,275.0,1997,279.8
020020,PANARAMITEE,-32.64,139.65,275.0,1998,229.8
020020,PANARAMITEE,-32.64,139.65,275.0,1999,
020020,PANARAMITEE,-32.64,139.65,275.0,2000,361.0
020020,PANARAMITEE,-32.64,139.65,275.0,2001,170.8
020020,PANARAMITEE,-32.64,139.65,275.0,2002,88.2
020020,PANARAMITEE,-32.64,139.65,275.0,2003,
020020,PANARAMITEE,-32.64,139.65,275.0,2004,160.6
020020,PANARAMITEE,-32.64,139.65,275.0,2005,
020020,PANARAMITEE,-32.64,139.65,275.0,2006,147.0
020020,PANARAMITEE,-32.64,139.65,275.0,2007,328.8
020020,PANARAMITEE,-32.64,139.65,275.0,2008,138.4
020020,PANARAMITEE,-32.64,139.65,275.0,2009,
020020,PANARAMITEE,-32.64,139.65,275.0,2010,372.6
020020,PANARAMITEE,-32.64,139.65,275.0,2011,442.4
020020,PANARAMITEE,-32.64,139.65,275.0,2012,201.0
020020,PANARAMITEE,-32.64,139.65,275.0,2013,185.6
020020,PANARAMITEE,-32.64,139.65,275.0,2014,194.4
020020,PANARAMITEE,-32.64,139.65,275.0,2015,278.4
020020,PANARAMITEE,-32.64,139.65,275.0,2016,266.0
020020,PANARAMITEE,-32.64,139.65,275.0,2017,211.0
020020,PANARAMITEE,-32.64,139.65,275.0,2018,138.6
020020,PANARAMITEE,-32.64,139.65,275.0,2019,75.0
020020,PANARAMITEE,-32.64,139.65,275.0,2020,208.8
020020,PANARAMITEE,-32.64,139.65,275.0,2021,316.2
020020,PANARAMITEE,-32.64,139.65,275.0,2022,359.4
020020,PANARAMITEE,-32.64,139.65,275.0,2023,194.8
020020,PANARAMITEE,-32.64,139.65,275.0,2024,300.6
020020,PANARAMITEE,-32.64,139.65,275.0,2025,135.2
020053,TEPCO,-32.17,140.79,220.0,1910,201.6
020053,TEPCO,-32.17,140.79,220.0,1911,315.3
020053,TEPCO,-32.17,140.79,220.0,1912,208.1
020053,TEPCO,-32.17,140.79,220.0,1913,121.1
020053,TEPCO,-32.17,140.79,220.0,1914,164.7
020053,TEPCO,-32.17,140.79,220.0,1915,104.5
020053,TEPCO,-32.17,140.79,220.0,1916,223.1
020053,TEPCO,-32.17,140.79,220.0,1917,353.0
020053,TEPCO,-32.17,140.79,220.0,1918,218.6
020053,TEPCO,-32.17,140.79,220.0,1919,216.5
020053,TEPCO,-32.17,140.79,220.0,1920,312.0
020053,TEPCO,-32.17,140.79,220.0,1921,348.7
020053,TEPCO,-32.17,140.79,220.0,1922,119.3
020053,TEPCO,-32.17,140.79,220.0,1923,129.8
020053,TEPCO,-32.17,140.79,220.0,1924,166.4
020053,TEPCO,-32.17,140.79,220.0,1925,147.2
020053,TEPCO,-32.17,140.79,220.0,1926,185.4
020053,TEPCO,-32.17,140.79,220.0,1927,99.6
020053,TEPCO,-32.17,140.79,220.0,1928,138.6
020053,TEPCO,-32.17,140.79,220.0,1929,104.7
020053,TEPCO,-32.17,140.79,220.0,1930,167.2
020053,TEPCO,-32.17,140.79,220.0,1931,223.5
020053,TEPCO,-32.17,140.79,220.0,1932,180.1
020053,TEPCO,-32.17,140.79,220.0,1933,134.2
020053,TEPCO,-32.17,140.79,220.0,1934,111.8
020053,TEPCO,-32.17,140.79,220.0,1935,77.8
020053,TEPCO,-32.17,140.79,220.0,1936,169.9
020053,TEPCO,-32.17,140.79,220.0,1937,246.0
020053,TEPCO,-32.17,140.79,220.0,1938,194.7
020053,TEPCO,-32.17,140.79,220.0,1939,184.9
020053,TEPCO,-32.17,140.79,220.0,1940,20.1
020053,TEPCO,-32.17,140.79,220.0,1941,153.0
020053,TEPCO,-32.17,140.79,220.0,1942,156.0
020053,TEPCO,-32.17,140.79,220.0,1943,82.0
020053,TEPCO,-32.17,140.79,220.0,1944,80.1
020053,TEPCO,-32.17,140.79,220.0,1945,115.4
020053,TEPCO,-32.17,140.79,220.0,1946,255.9
020053,TEPCO,-32.17,140.79,220.0,1947,260.0
020053,TEPCO,-32.17,140.79,220.0,1948,163.2
020053,TEPCO,-32.17,140.79,220.0,1949,192.0
020053,TEPCO,-32.17,140.79,220.0,1950,376.8
020053,TEPCO,-32.17,140.79,220.0,1951,133.1
020053,TEPCO,-32.17,140.79,220.0,1952,153.9
020053,TEPCO,-32.17,140.79,220.0,1953,170.3
020053,TEPCO,-32.17,140.79,220.0,1954,183.7
020053,TEPCO,-32.17,140.79,220.0,1955,317.0
020053,TEPCO,-32.17,140.79,220.0,1956,296.4
020053,TEPCO,-32.17,140.79,220.0,1957,125.3
020053,TEPCO,-32.17,140.79,220.0,1958,362.0
020053,TEPCO,-32.17,140.79,220.0,1959,139.6
020053,TEPCO,-32.17,140.79,220.0,1960,193.8
020053,TEPCO,-32.17,140.79,220.0,1961,147.5
020053,TEPCO,-32.17,140.79,220.0,1962,254.3
020053,TEPCO,-32.17,140.79,220.0,1963,167.1
020053,TEPCO,-32.17,140.79,220.0,1964,175.1
020053,TEPCO,-32.17,140.79,220.0,1965,88.0
020053,TEPCO,-32.17,140.79,220.0,1966,147.5
020053,TEPCO,-32.17,140.79,220.0,1967,114.3
020053,TEPCO,-32.17,140.79,220.0,1968,307.0
020053,TEPCO,-32.17,140.79,220.0,1969,160.7
020053,TEPCO,-32.17,140.79,220.0,1970,129.5
020053,TEPCO,-32.17,140.79,220.0,1971,291.3
020053,TEPCO,-32.17,140.79,220.0,1972,139.5
020053,TEPCO,-32.17,140.79,220.0,1973,437.0
020053,TEPCO,-32.17,140.79,220.0,1974,458.6
020053,TEPCO,-32.17,140.79,220.0,1975,345.9
020053,TEPCO,-32.17,140.79,220.0,1976,294.0
020053,TEPCO,-32.17,140.79,220.0,1977,106.5
020053,TEPCO,-32.17,140.79,220.0,1978,256.5
020053,TEPCO,-32.17,140.79,220.0,1979,299.5
020053,TEPCO,-32.17,140.79,220.0,1980,198.3
020053,TEPCO,-32.17,140.79,220.0,1981,184.2
020053,TEPCO,-32.17,140.79,220.0,1982,72.3
020053,TEPCO,-32.17,140.79,220.0,1983,296.2
020053,TEPCO,-32.17,140.79,220.0,1984,212.2
020053,TEPCO,-32.17,140.79,220.0,1985,156.8
020053,TEPCO,-32.17,140.79,220.0,1986,199.7
020053,TEPCO,-32.17,140.79,220.0,1987,212.3
020053,TEPCO,-32.17,140.79,220.0,1988,318.3
020053,TEPCO,-32.17,140.79,220.0,1989,436.3
020053,TEPCO,-32.17,140.79,220.0,1990,182.2
020053,TEPCO,-32.17,140.79,220.0,1991,147.5
020053,TEPCO,-32.17,140.79,220.0,1992,444.8
020053,TEPCO,-32.17,140.79,220.0,1993,352.8
020053,TEPCO,-32.17,140.79,220.0,1994,90.9
020053,TEPCO,-32.17,140.79,220.0,1995,235.9
020053,TEPCO,-32.17,140.79,220.0,1996,295.4
020053,TEPCO,-32.17,140.79,220.0,1997,281.9
020053,TEPCO,-32.17,140.79,220.0,1998,164.0
020053,TEPCO,-32.17,140.79,220.0,1999,181.9
020053,TEPCO,-32.17,140.79,220.0,2000,290.5
020053,TEPCO,-32.17,140.79,220.0,2001,181.7
020053,TEPCO,-32.17,140.79,220.0,2002,80.1
020053,TEPCO,-32.17,140.79,220.0,2003,175.9
020053,TEPCO,-32.17,140.79,220.0,2004,135.8
020053,TEPCO,-32.17,140.79,220.0,2005,202.0
020053,TEPCO,-32.17,140.79,220.0,2006,118.0
020053,TEPCO,-32.17,140.79,220.0,2007,209.4
020053,TEPCO,-32.17,140.79,220.0,2008,170.2
020053,TEPCO,-32.17,140.79,220.0,2009,155.0
020053,TEPCO,-32.17,140.79,220.0,2010,516.2
020053,TEPCO,-32.17,140.79,220.0,2011,
020053,TEPCO,-32.17,140.79,220.0,2012,
020053,TEPCO,-32.17,140.79,220.0,2013,144.7
020053,TEPCO,-32.17,140.79,220.0,2014,175.0
020053,TEPCO,-32.17,140.79,220.0,2015,225.2
020053,TEPCO,-32.17,140.79,220.0,2016,393.6
020053,TEPCO,-32.17,140.79,220.0,2017,159.4
020053,TEPCO,-32.17,140.79,220.0,2018,98.4
020053,TEPCO,-32.17,140.79,220.0,2019,33.2
020053,TEPCO,-32.17,140.79,220.0,2020,
020053,TEPCO,-32.17,140.79,220.0,2021,252.7
020053,TEPCO,-32.17,140.79,220.0,2022,338.8
020053,TEPCO,-32.17,140.79,220.0,2023,147.7
020053,TEPCO,-32.17,140.79,220.0,2024,275.7
020053,TEPCO,-32.17,140.79,220.0,2025,95.4
021073,CLOVERLEA,-33.91,138.56,310.0,1910,715.0
021073,CLOVERLEA,-33.91,138.56,310.0,1911,475.3
021073,CLOVERLEA,-33.91,138.56,310.0,1912,475.6
021073,CLOVERLEA,-33.91,138.56,310.0,1913,465.1
021073,CLOVERLEA,-33.91,138.56,310.0,1914,247.6
021073,CLOVERLEA,-33.91,138.56,310.0,1915,520.9
021073,CLOVERLEA,-33.91,138.56,310.0,1916,775.6
021073,CLOVERLEA,-33.91,138.56,310.0,1917,869.3
021073,CLOVERLEA,-33.91,138.56,310.0,1918,433.7
021073,CLOVERLEA,-33.91,138.56,310.0,1919,493.7
021073,CLOVERLEA,-33.91,138.56,310.0,1920,723.2
021073,CLOVERLEA,-33.91,138.56,310.0,1921,609.9
021073,CLOVERLEA,-33.91,138.56,310.0,1922,557.4
021073,CLOVERLEA,-33.91,138.56,310.0,1923,601.8
021073,CLOVERLEA,-33.91,138.56,310.0,1924,579.3
021073,CLOVERLEA,-33.91,138.56,310.0,1925,503.6
021073,CLOVERLEA,-33.91,138.56,310.0,1926,511.8
021073,CLOVERLEA,-33.91,138.56,310.0,1927,328.3
021073,CLOVERLEA,-33.91,138.56,310.0,1928,359.8
021073,CLOVERLEA,-33.91,138.56,310.0,1929,356.3
021073,CLOVERLEA,-33.91,138.56,310.0,1930,393.6
021073,CLOVERLEA,-33.91,138.56,310.0,1931,512.5
021073,CLOVERLEA,-33.91,138.56,310.0,1932,612.6
021073,CLOVERLEA,-33.91,138.56,310.0,1933,497.9
021073,CLOVERLEA,-33.91,138.56,310.0,1934,417.0
021073,CLOVERLEA,-33.91,138.56,310.0,1935,494.7
021073,CLOVERLEA,-33.91,138.56,310.0,1936,363.3
021073,CLOVERLEA,-33.91,138.56,310.0,1937,618.6
021073,CLOVERLEA,-33.91,138.56,310.0,1938,358.8
021073,CLOVERLEA,-33.91,138.56,310.0,1939,625.1
021073,CLOVERLEA,-33.91,138.56,310.0,1940,302.8
021073,CLOVERLEA,-33.91,138.56,310.0,1941,622.9
021073,CLOVERLEA,-33.91,138.56,310.0,1942,604.4
021073,CLOVERLEA,-33.91,138.56,310.0,1943,478.8
021073,CLOVERLEA,-33.91,138.56,310.0,1944,340.2
021073,CLOVERLEA,-33.91,138.56,310.0,1945,516.0
021073,CLOVERLEA,-33.91,138.56,310.0,1946,611.5
021073,CLOVERLEA,-33.91,138.56,310.0,1947,691.5
021073,CLOVERLEA,-33.91,138.56,310.0,1948,454.0
021073,CLOVERLEA,-33.91,138.56,310.0,1949,561.2
021073,CLOVERLEA,-33.91,138.56,310.0,1950,450.5
021073,CLOVERLEA,-33.91,138.56,310.0,1951,563.7
021073,CLOVERLEA,-33.91,138.56,310.0,1952,660.1
021073,CLOVERLEA,-33.91,138.56,310.0,1953,529.1
021073,CLOVERLEA,-33.91,138.56,310.0,1954,464.9
021073,CLOVERLEA,-33.91,138.56,310.0,1955,571.2
021073,CLOVERLEA,-33.91,138.56,310.0,1956,696.4
021073,CLOVERLEA,-33.91,138.56,310.0,1957,347.0
021073,CLOVERLEA,-33.91,138.56,310.0,1958,531.2
021073,CLOVERLEA,-33.91,138.56,310.0,1959,315.6
021073,CLOVERLEA,-33.91,138.56,310.0,1960,683.9
021073,CLOVERLEA,-33.91,138.56,310.0,1961,500.6
021073,CLOVERLEA,-33.91,138.56,310.0,1962,519.0
021073,CLOVERLEA,-33.91,138.56,310.0,1963,566.9
021073,CLOVERLEA,-33.91,138.56,310.0,1964,557.8
021073,CLOVERLEA,-33.91,138.56,310.0,1965,411.4
021073,CLOVERLEA,-33.91,138.56,310.0,1966,601.4
021073,CLOVERLEA,-33.91,138.56,310.0,1967,250.4
021073,CLOVERLEA,-33.91,138.56,310.0,1968,709.1
021073,CLOVERLEA,-33.91,138.56,310.0,1969,590.8
021073,CLOVERLEA,-33.91,138.56,310.0,1970,525.1
021073,CLOVERLEA,-33.91,138.56,310.0,1971,679.8
021073,CLOVERLEA,-33.91,138.56,310.0,1972,351.2
021073,CLOVERLEA,-33.91,138.56,310.0,1973,837.8
021073,CLOVERLEA,-33.91,138.56,310.0,1974,787.9
021073,CLOVERLEA,-33.91,138.56,310.0,1975,524.9
021073,CLOVERLEA,-33.91,138.56,310.0,1976,386.1
021073,CLOVERLEA,-33.91,138.56,310.0,1977,404.4
021073,CLOVERLEA,-33.91,138.56,310.0,1978,641.6
021073,CLOVERLEA,-33.91,138.56,310.0,1979,586.5
021073,CLOVERLEA,-33.91,138.56,310.0,1980,460.4
021073,CLOVERLEA,-33.91,138.56,310.0,1981,551.2
021073,CLOVERLEA,-33.91,138.56,310.0,1982,312.6
021073,CLOVERLEA,-33.91,138.56,310.0,1983,595.8
021073,CLOVERLEA,-33.91,138.56,310.0,1984,474.2
021073,CLOVERLEA,-33.91,138.56,310.0,1985,545.4
021073,CLOVERLEA,-33.91,138.56,310.0,1986,460.6
021073,CLOVERLEA,-33.91,138.56,310.0,1987,454.0
021073,CLOVERLEA,-33.91,138.56,310.0,1988,
021073,CLOVERLEA,-33.91,138.56,310.0,1989,497.6
021073,CLOVERLEA,-33.91,138.56,310.0,1990,453.0
021073,CLOVERLEA,-33.91,138.56,310.0,1991,488.4
021073,CLOVERLEA,-33.91,138.56,310.0,1992,804.7
021073,CLOVERLEA,-33.91,138.56,310.0,1993,577.7
021073,CLOVERLEA,-33.91,138.56,310.0,1994,324.0
021073,CLOVERLEA,-33.91,138.56,310.0,1995,551.1
021073,CLOVERLEA,-33.91,138.56,310.0,1996,534.2
021073,CLOVERLEA,-33.91,138.56,310.0,1997,537.7
021073,CLOVERLEA,-33.91,138.56,310.0,1998,463.6
021073,CLOVERLEA,-33.91,138.56,310.0,1999,475.8
021073,CLOVERLEA,-33.91,138.56,310.0,2000,533.3
021073,CLOVERLEA,-33.91,138.56,310.0,2001,523.8
021073,CLOVERLEA,-33.91,138.56,310.0,2002,297.4
021073,CLOVERLEA,-33.91,138.56,310.0,2003,451.7
021073,CLOVERLEA,-33.91,138.56,310.0,2004,408.1
021073,CLOVERLEA,-33.91,138.56,310.0,2005,429.9
021073,CLOVERLEA,-33.91,138.56,310.0,2006,307.9
021073,CLOVERLEA,-33.91,138.56,310.0,2007,426.9
021073,CLOVERLEA,-33.91,138.56,310.0,2008,429.7
021073,CLOVERLEA,-33.91,138.56,310.0,2009,489.0
021073,CLOVERLEA,-33.91,138.56,310.0,2010,598.4
021073,CLOVERLEA,-33.91,138.56,310.0,2011,436.5
021073,CLOVERLEA,-33.91,138.56,310.0,2012,
021073,CLOVERLEA,-33.91,138.56,310.0,2013,410.5
021073,CLOVERLEA,-33.91,138.56,310.0,2014,
021073,CLOVERLEA,-33.91,138.56,310.0,2015,414.6
022000,ARDROSSAN,-34.42,137.92,22.0,1880,481.2
022000,ARDROSSAN,-34.42,137.92,22.0,1881,300.9
022000,ARDROSSAN,-34.42,137.92,22.0,1882,314.5
022000,ARDROSSAN,-34.42,137.92,22.0,1883,429.0
022000,ARDROSSAN,-34.42,137.92,22.0,1884,397.9
022000,ARDROSSAN,-34.42,137.92,22.0,1885,345.2
022000,ARDROSSAN,-34.42,137.92,22.0,1886,243.5
022000,ARDROSSAN,-34.42,137.92,22.0,1887,370.4
022000,ARDROSSAN,-34.42,137.92,22.0,1888,203.5
022000,ARDROSSAN,-34.42,137.92,22.0,1889,489.1
022000,ARDROSSAN,-34.42,137.92,22.0,1890,430.7
022000,ARDROSSAN,-34.42,137.92,22.0,1891,229.9
022000,ARDROSSAN,-34.42,137.92,22.0,1892,363.6
022000,ARDROSSAN,-34.42,137.92,22.0,1893,420.5
022000,ARDROSSAN,-34.42,137.92,22.0,1894,328.7
022000,ARDROSSAN,-34.42,137.92,22.0,1895,275.8
022000,ARDROSSAN,-34.42,137.92,22.0,1896,243.6
022000,ARDROSSAN,-34.42,137.92,22.0,1897,260.6
022000,ARDROSSAN,-34.42,137.92,22.0,1898,431.7
022000,ARDROSSAN,-34.42,137.92,22.0,1899,259.6
022000,ARDROSSAN,-34.42,137.92,22.0,1900,408.0
022000,ARDROSSAN,-34.42,137.92,22.0,1901,299.2
022000,ARDROSSAN,-34.42,137.92,22.0,1902,276.4
022000,ARDROSSAN,-34.42,137.92,22.0,1903,394.7
022000,ARDROSSAN,-34.42,137.92,22.0,1904,391.4
022000,ARDROSSAN,-34.42,137.92,22.0,1905,405.4
022000,ARDROSSAN,-34.42,137.92,22.0,1906,399.4
022000,ARDROSSAN,-34.42,137.92,22.0,1907,313.2
022000,ARDROSSAN,-34.42,137.92,22.0,1908,389.4
022000,ARDROSSAN,-34.42,137.92,22.0,1909,449.9
022000,ARDROSSAN,-34.42,137.92,22.0,1910,451.8
022000,ARDROSSAN,-34.42,137.92,22.0,1911,324.0
022000,ARDROSSAN,-34.42,137.92,22.0,1912,334.4
022000,ARDROSSAN,-34.42,137.92,22.0,1913,352.2
022000,ARDROSSAN,-34.42,137.92,22.0,1914,218.7
022000,ARDROSSAN,-34.42,137.92,22.0,1915,348.9
022000,ARDROSSAN,-34.42,137.92,22.0,1916,495.1
022000,ARDROSSAN,-34.42,137.92,22.0,1917,462.3
022000,ARDROSSAN,-34.42,137.92,22.0,1918,283.8
022000,ARDROSSAN,-34.42,137.92,22.0,1919,273.5
022000,ARDROSSAN,-34.42,137.92,22.0,1920,424.7
022000,ARDROSSAN,-34.42,137.92,22.0,1921,525.8
022000,ARDROSSAN,-34.42,137.92,22.0,1922,437.7
022000,ARDROSSAN,-34.42,137.92,22.0,1923,438.6
022000,ARDROSSAN,-34.42,137.92,22.0,1924,345.3
022000,ARDROSSAN,-34.42,137.92,22.0,1925,256.3
022000,ARDROSSAN,-34.42,137.92,22.0,1926,301.2
022000,ARDROSSAN,-34.42,137.92,22.0,1927,288.4
022000,ARDROSSAN,-34.42,137.92,22.0,1928,336.8
022000,ARDROSSAN,-34.42,137.92,22.0,1929,324.9
022000,ARDROSSAN,-34.42,137.92,22.0,1930,294.6
022000,ARDROSSAN,-34.42,137.92,22.0,1931,329.8
022000,ARDROSSAN,-34.42,137.92,22.0,1932,423.9
022000,ARDROSSAN,-34.42,137.92,22.0,1933,338.1
022000,ARDROSSAN,-34.42,137.92,22.0,1934,332.2
022000,ARDROSSAN,-34.42,137.92,22.0,1935,371.3
022000,ARDROSSAN,-34.42,137.92,22.0,1936,276.4
022000,ARDROSSAN,-34.42,137.92,22.0,1937,476.5
022000,ARDROSSAN,-34.42,137.92,22.0,1938,300.4
022000,ARDROSSAN,-34.42,137.92,22.0,1939,382.3
022000,ARDROSSAN,-34.42,137.92,22.0,1940,219.3
022000,ARDROSSAN,-34.42,137.92,22.0,1941,372.6
022000,ARDROSSAN,-34.42,137.92,22.0,1942,497.1
022000,ARDROSSAN,-34.42,137.92,22.0,1943,237.4
022000,ARDROSSAN,-34.42,137.92,22.0,1944,277.0
022000,ARDROSSAN,-34.42,137.92,22.0,1945,246.1
022000,ARDROSSAN,-34.42,137.92,22.0,1946,604.6
022000,ARDROSSAN,-34.42,137.92,22.0,1947,385.5
022000,ARDROSSAN,-34.42,137.92,22.0,1948,323.2
022000,ARDROSSAN,-34.42,137.92,22.0,1949,348.4
022000,ARDROSSAN,-34.42,137.92,22.0,1950,356.4
022000,ARDROSSAN,-34.42,137.92,22.0,1951,408.8
022000,ARDROSSAN,-34.42,137.92,22.0,1952,354.7
022000,ARDROSSAN,-34.42,137.92,22.0,1953,332.3
022000,ARDROSSAN,-34.42,137.92,22.0,1954,327.7
022000,ARDROSSAN,-34.42,137.92,22.0,1955,414.6
022000,ARDROSSAN,-34.42,137.92,22.0,1956,395.6
022000,ARDROSSAN,-34.42,137.92,22.0,1957,260.2
022000,ARDROSSAN,-34.42,137.92,22.0,1958,336.1
022000,ARDROSSAN,-34.42,137.92,22.0,1959,178.1
022000,ARDROSSAN,-34.42,137.92,22.0,1960,428.6
022000,ARDROSSAN,-34.42,137.92,22.0,1961,299.7
022000,ARDROSSAN,-34.42,137.92,22.0,1962,301.4
022000,ARDROSSAN,-34.42,137.92,22.0,1963,395.5
022000,ARDROSSAN,-34.42,137.92,22.0,1964,385.6
022000,ARDROSSAN,-34.42,137.92,22.0,1965,211.6
022000,ARDROSSAN,-34.42,137.92,22.0,1966,325.6
022000,ARDROSSAN,-34.42,137.92,22.0,1967,232.1
022000,ARDROSSAN,-34.42,137.92,22.0,1968,521.6
022000,ARDROSSAN,-34.42,137.92,22.0,1969,370.7
022000,ARDROSSAN,-34.42,137.92,22.0,1970,315.3
022000,ARDROSSAN,-34.42,137.92,22.0,1971,449.2
022000,ARDROSSAN,-34.42,137.92,22.0,1972,296.0
022000,ARDROSSAN,-34.42,137.92,22.0,1973,404.2
022000,ARDROSSAN,-34.42,137.92,22.0,1974,523.1
022000,ARDROSSAN,-34.42,137.92,22.0,1975,381.6
022000,ARDROSSAN,-34.42,137.92,22.0,1976,207.8
022000,ARDROSSAN,-34.42,137.92,22.0,1977,251.4
022000,ARDROSSAN,-34.42,137.92,22.0,1978,396.1
022000,ARDROSSAN,-34.42,137.92,22.0,1979,479.8
022000,ARDROSSAN,-34.42,137.92,22.0,1980,289.4
022000,ARDROSSAN,-34.42,137.92,22.0,1981,320.8
022000,ARDROSSAN,-34.42,137.92,22.0,1982,183.8
022000,ARDROSSAN,-34.42,137.92,22.0,1983,353.0
022000,ARDROSSAN,-34.42,137.92,22.0,1984,270.8
022000,ARDROSSAN,-34.42,137.92,22.0,1985,243.6
022000,ARDROSSAN,-34.42,137.92,22.0,1986,315.6
022000,ARDROSSAN,-34.42,137.92,22.0,1987,309.0
022000,ARDROSSAN,-34.42,137.92,22.0,1988,286.0
022000,ARDROSSAN,-34.42,137.92,22.0,1989,330.2
022000,ARDROSSAN,-34.42,137.92,22.0,1990,284.4
022000,ARDROSSAN,-34.42,137.92,22.0,1991,327.0
022000,ARDROSSAN,-34.42,137.92,22.0,1992,513.6
022000,ARDROSSAN,-34.42,137.92,22.0,1993,356.2
022000,ARDROSSAN,-34.42,137.92,22.0,1994,
022000,ARDROSSAN,-34.42,137.92,22.0,1995,312.2
022000,ARDROSSAN,-34.42,137.92,22.0,1996,397.0
022000,ARDROSSAN,-34.42,137.92,22.0,1997,484.8
022000,ARDROSSAN,-34.42,137.92,22.0,1998,331.4
022000,ARDROSSAN,-34.42,137.92,22.0,1999,308.3
022000,ARDROSSAN,-34.42,137.92,22.0,2000,368.2
022000,ARDROSSAN,-34.42,137.92,22.0,2001,386.2
022000,ARDROSSAN,-34.42,137.92,22.0,2002,223.4
022000,ARDROSSAN,-34.42,137.92,22.0,2003,352.0
022000,ARDROSSAN,-34.42,137.92,22.0,2004,276.2
022000,ARDROSSAN,-34.42,137.92,22.0,2005,346.8
022000,ARDROSSAN,-34.42,137.92,22.0,2006,264.4
022000,ARDROSSAN,-34.42,137.92,22.0,2007,362.0
022000,ARDROSSAN,-34.42,137.92,22.0,2008,249.4
022000,ARDROSSAN,-34.42,137.92,22.0,2009,329.4
022000,ARDROSSAN,-34.42,137.92,22.0,2010,384.0
022000,ARDROSSAN,-34.42,137.92,22.0,2011,372.4
022000,ARDROSSAN,-34.42,137.92,22.0,2012,300.2
022000,ARDROSSAN,-34.42,137.92,22.0,2013,377.8
022000,ARDROSSAN,-34.42,137.92,22.0,2014,323.0
022000,ARDROSSAN,-34.42,137.92,22.0,2015,272.8
022000,ARDROSSAN,-34.42,137.92,22.0,2016,478.8
022000,ARDROSSAN,-34.42,137.92,22.0,2017,
022000,ARDROSSAN,-34.42,137.92,22.0,2018,231.1
022000,ARDROSSAN,-34.42,137.92,22.0,2019,170.0
022009,MINLATON,-34.77,137.59,70.0,1880,535.6
022009,MINLATON,-34.77,137.59,70.0,1881,450.8
022009,MINLATON,-34.77,137.59,70.0,1882,410.0
022009,MINLATON,-34.77,137.59,70.0,1883,499.6
022009,MINLATON,-34.77,137.59,70.0,1884,381.9
022009,MINLATON,-34.77,137.59,70.0,1885,343.9
022009,MINLATON,-34.77,137.59,70.0,1886,329.0
022009,MINLATON,-34.77,137.59,70.0,1887,463.7
022009,MINLATON,-34.77,137.59,70.0,1888,309.8
022009,MINLATON,-34.77,137.59,70.0,1889,586.6
022009,MINLATON,-34.77,137.59,70.0,1890,758.7
022009,MINLATON,-34.77,137.59,70.0,1891,352.2
022009,MINLATON,-34.77,137.59,70.0,1892,497.4
022009,MINLATON,-34.77,137.59,70.0,1893,576.1
022009,MINLATON,-34.77,137.59,70.0,1894,446.4
022009,MINLATON,-34.77,137.59,70.0,1895,434.0
022009,MINLATON,-34.77,137.59,70.0,1896,401.8
022009,MINLATON,-34.77,137.59,70.0,1897,284.5
022009,MINLATON,-34.77,137.59,70.0,1898,444.9
022009,MINLATON,-34.77,137.59,70.0,1899,347.9
022009,MINLATON,-34.77,137.59,70.0,1900,432.8
022009,MINLATON,-34.77,137.59,70.0,1901,435.8
022009,MINLATON,-34.77,137.59,70.0,1902,363.6
022009,MINLATON,-34.77,137.59,70.0,1903,446.3
022009,MINLATON,-34.77,137.59,70.0,1904,399.0
022009,MINLATON,-34.77,137.59,70.0,1905,443.9
022009,MINLATON,-34.77,137.59,70.0,1906,539.9
022009,MINLATON,-34.77,137.59,70.0,1907,418.3
022009,MINLATON,-34.77,137.59,70.0,1908,400.8
022009,MINLATON,-34.77,137.59,70.0,1909,547.3
022009,MINLATON,-34.77,137.59,70.0,1910,562.0
022009,MINLATON,-34.77,137.59,70.0,1911,404.7
022009,MINLATON,-34.77,137.59,70.0,1912,357.3
022009,MINLATON,-34.77,137.59,70.0,1913,340.6
022009,MINLATON,-34.77,137.59,70.0,1914,352.4
022009,MINLATON,-34.77,137.59,70.0,1915,519.4
022009,MINLATON,-34.77,137.59,70.0,1916,653.0
022009,MINLATON,-34.77,137.59,70.0,1917,725.9
022009,MINLATON,-34.77,137.59,70.0,1918,356.7
022009,MINLATON,-34.77,137.59,70.0,1919,452.1
022009,MINLATON,-34.77,137.59,70.0,1920,540.9
022009,MINLATON,-34.77,137.59,70.0,1921,581.9
022009,MINLATON,-34.77,137.59,70.0,1922,445.0
022009,MINLATON,-34.77,137.59,70.0,1923,630.0
022009,MINLATON,-34.77,137.59,70.0,1924,485.7
022009,MINLATON,-34.77,137.59,70.0,1925,390.0
022009,MINLATON,-34.77,137.59,70.0,1926,488.3
022009,MINLATON,-34.77,137.59,70.0,1927,432.1
022009,MINLATON,-34.77,137.59,70.0,1928,405.2
022009,MINLATON,-34.77,137.59,70.0,1929,345.8
022009,MINLATON,-34.77,137.59,70.0,1930,356.8
022009,MINLATON,-34.77,137.59,70.0,1931,421.0
022009,MINLATON,-34.77,137.59,70.0,1932,525.6
022009,MINLATON,-34.77,137.59,70.0,1933,370.8
022009,MINLATON,-34.77,137.59,70.0,1934,377.6
022009,MINLATON,-34.77,137.59,70.0,1935,431.1
022009,MINLATON,-34.77,137.59,70.0,1936,341.8
022009,MINLATON,-34.77,137.59,70.0,1937,476.9
022009,MINLATON,-34.77,137.59,70.0,1938,397.6
022009,MINLATON,-34.77,137.59,70.0,1939,460.0
022009,MINLATON,-34.77,137.59,70.0,1940,344.3
022009,MINLATON,-34.77,137.59,70.0,1941,514.3
022009,MINLATON,-34.77,137.59,70.0,1942,573.2
022009,MINLATON,-34.77,137.59,70.0,1943,374.8
022009,MINLATON,-34.77,137.59,70.0,1944,324.3
022009,MINLATON,-34.77,137.59,70.0,1945,395.6
022009,MINLATON,-34.77,137.59,70.0,1946,595.6
022009,MINLATON,-34.77,137.59,70.0,1947,495.5
022009,MINLATON,-34.77,137.59,70.0,1948,375.6
022009,MINLATON,-34.77,137.59,70.0,1949,362.6
022009,MINLATON,-34.77,137.59,70.0,1950,376.2
022009,MINLATON,-34.77,137.59,70.0,1951,533.1
022009,MINLATON,-34.77,137.59,70.0,1952,485.4
022009,MINLATON,-34.77,137.59,70.0,1953,414.0
022009,MINLATON,-34.77,137.59,70.0,1954,388.7
022009,MINLATON,-34.77,137.59,70.0,1955,560.6
022009,MINLATON,-34.77,137.59,70.0,1956,458.6
022009,MINLATON,-34.77,137.59,70.0,1957,327.6
022009,MINLATON,-34.77,137.59,70.0,1958,394.8
022009,MINLATON,-34.77,137.59,70.0,1959,266.7
022009,MINLATON,-34.77,137.59,70.0,1960,483.3
022009,MINLATON,-34.77,137.59,70.0,1961,294.0
022009,MINLATON,-34.77,137.59,70.0,1962,316.7
022009,MINLATON,-34.77,137.59,70.0,1963,486.5
022009,MINLATON,-34.77,137.59,70.0,1964,495.1
022009,MINLATON,-34.77,137.59,70.0,1965,322.2
022009,MINLATON,-34.77,137.59,70.0,1966,471.7
022009,MINLATON,-34.77,137.59,70.0,1967,291.8
022009,MINLATON,-34.77,137.59,70.0,1968,612.6
022009,MINLATON,-34.77,137.59,70.0,1969,431.7
022009,MINLATON,-34.77,137.59,70.0,1970,406.6
022009,MINLATON,-34.77,137.59,70.0,1971,500.7
022009,MINLATON,-34.77,137.59,70.0,1972,365.2
022009,MINLATON,-34.77,137.59,70.0,1973,562.6
022009,MINLATON,-34.77,137.59,70.0,1974,524.9
022009,MINLATON,-34.77,137.59,70.0,1975,408.7
022009,MINLATON,-34.77,137.59,70.0,1976,324.9
022009,MINLATON,-34.77,137.59,70.0,1977,328.4
022009,MINLATON,-34.77,137.59,70.0,1978,504.5
022009,MINLATON,-34.77,137.59,70.0,1979,536.4
022009,MINLATON,-34.77,137.59,70.0,1980,405.2
022009,MINLATON,-34.77,137.59,70.0,1981,393.2
022009,MINLATON,-34.77,137.59,70.0,1982,265.0
022009,MINLATON,-34.77,137.59,70.0,1983,431.8
022009,MINLATON,-34.77,137.59,70.0,1984,391.8
022009,MINLATON,-34.77,137.59,70.0,1985,338.8
022009,MINLATON,-34.77,137.59,70.0,1986,415.0
022009,MINLATON,-34.77,137.59,70.0,1987,337.0
022009,MINLATON,-34.77,137.59,70.0,1988,337.7
022009,MINLATON,-34.77,137.59,70.0,1989,395.2
022009,MINLATON,-34.77,137.59,70.0,1990,367.0
022009,MINLATON,-34.77,137.59,70.0,1991,311.8
022009,MINLATON,-34.77,137.59,70.0,1992,718.4
022009,MINLATON,-34.77,137.59,70.0,1993,384.6
022009,MINLATON,-34.77,137.59,70.0,1994,277.2
022009,MINLATON,-34.77,137.59,70.0,1995,367.6
022009,MINLATON,-34.77,137.59,70.0,1996,398.5
022009,MINLATON,-34.77,137.59,70.0,1997,467.6
022009,MINLATON,-34.77,137.59,70.0,1998,375.0
022009,MINLATON,-34.77,137.59,70.0,1999,379.7
022009,MINLATON,-34.77,137.59,70.0,2000,498.7
022009,MINLATON,-34.77,137.59,70.0,2001,430.8
022009,MINLATON,-34.77,137.59,70.0,2002,319.6
022009,MINLATON,-34.77,137.59,70.0,2003,
022009,MINLATON,-34.77,137.59,70.0,2004,399.0
022009,MINLATON,-34.77,137.59,70.0,2005,447.8
022009,MINLATON,-34.77,137.59,70.0,2006,
022009,MINLATON,-34.77,137.59,70.0,2007,419.4
022009,MINLATON,-34.77,137.59,70.0,2008,278.5
022009,MINLATON,-34.77,137.59,70.0,2009,445.2
022009,MINLATON,-34.77,137.59,70.0,2010,491.3
022009,MINLATON,-34.77,137.59,70.0,2011,489.1
022009,MINLATON,-34.77,137.59,70.0,2012,343.2
022009,MINLATON,-34.77,137.59,70.0,2013,
022009,MINLATON,-34.77,137.59,70.0,2014,392.9
022009,MINLATON,-34.77,137.59,70.0,2015,348.0
022009,MINLATON,-34.77,137.59,70.0,2016,
022009,MINLATON,-34.77,137.59,70.0,2017,497.2
022009,MINLATON,-34.77,137.59,70.0,2018,348.2
022009,MINLATON,-34.77,137.59,70.0,2019,276.2
022009,MINLATON,-34.77,137.59,70.0,2020,408.0
022009,MINLATON,-34.77,137.59,70.0,2021,358.8
022009,MINLATON,-34.77,137.59,70.0,2022,497.9
022009,MINLATON,-34.77,137.59,70.0,2023,379.0
022009,MINLATON,-34.77,137.59,70.0,2024,189.2
022009,MINLATON,-34.77,137.59,70.0,2025,367.2
022020,WALLAROO,-33.93,137.63,10.0,1864,309.6
022020,WALLAROO,-33.93,137.63,10.0,1865,203.9
022020,WALLAROO,-33.93,137.63,10.0,1866,335.8
022020,WALLAROO,-33.93,137.63,10.0,1867,358.5
022020,WALLAROO,-33.93,137.63,10.0,1868,317.3
022020,WALLAROO,-33.93,137.63,10.0,1869,311.4
022020,WALLAROO,-33.93,137.63,10.0,1870,422.7
022020,WALLAROO,-33.93,137.63,10.0,1871,339.4
022020,WALLAROO,-33.93,137.63,10.0,1872,437.2
022020,WALLAROO,-33.93,137.63,10.0,1873,291.9
022020,WALLAROO,-33.93,137.63,10.0,1874,289.1
022020,WALLAROO,-33.93,137.63,10.0,1875,512.5
022020,WALLAROO,-33.93,137.63,10.0,1876,224.8
022020,WALLAROO,-33.93,137.63,10.0,1877,449.6
022020,WALLAROO,-33.93,137.63,10.0,1878,334.7
022020,WALLAROO,-33.93,137.63,10.0,1879,350.0
022020,WALLAROO,-33.93,137.63,10.0,1880,454.5
022020,WALLAROO,-33.93,137.63,10.0,1881,254.0
022020,WALLAROO,-33.93,137.63,10.0,1882,260.6
022020,WALLAROO,-33.93,137.63,10.0,1883,492.7
022020,WALLAROO,-33.93,137.63,10.0,1884,331.2
022020,WALLAROO,-33.93,137.63,10.0,1885,273.8
022020,WALLAROO,-33.93,137.63,10.0,1886,222.2
022020,WALLAROO,-33.93,137.63,10.0,1887,397.5
022020,WALLAROO,-33.93,137.63,10.0,1888,198.6
022020,WALLAROO,-33.93,137.63,10.0,1889,575.6
022020,WALLAROO,-33.93,137.63,10.0,1890,397.1
022020,WALLAROO,-33.93,137.63,10.0,1891,292.3
022020,WALLAROO,-33.93,137.63,10.0,1892,442.9
022020,WALLAROO,-33.93,137.63,10.0,1893,416.3
022020,WALLAROO,-33.93,137.63,10.0,1894,337.0
022020,WALLAROO,-33.93,137.63,10.0,1895,341.3
022020,WALLAROO,-33.93,137.63,10.0,1896,318.2
022020,WALLAROO,-33.93,137.63,10.0,1897,218.2
022020,WALLAROO,-33.93,137.63,10.0,1898,371.2
022020,WALLAROO,-33.93,137.63,10.0,1899,248.2
022020,WALLAROO,-33.93,137.63,10.0,1900,296.3
022020,WALLAROO,-33.93,137.63,10.0,1901,362.4
022020,WALLAROO,-33.93,137.63,10.0,1902,288.4
022020,WALLAROO,-33.93,137.63,10.0,1903,415.8
022020,WALLAROO,-33.93,137.63,10.0,1904,333.6
022020,WALLAROO,-33.93,137.63,10.0,1905,455.3
022020,WALLAROO,-33.93,137.63,10.0,1906,424.3
022020,WALLAROO,-33.93,137.63,10.0,1907,385.2
022020,WALLAROO,-33.93,137.63,10.0,1908,448.8
022020,WALLAROO,-33.93,137.63,10.0,1909,461.2
022020,WALLAROO,-33.93,137.63,10.0,1910,519.7
022020,WALLAROO,-33.93,137.63,10.0,1911,397.1
022020,WALLAROO,-33.93,137.63,10.0,1912,387.0
022020,WALLAROO,-33.93,137.63,10.0,1913,353.7
022020,WALLAROO,-33.93,137.63,10.0,1914,277.8
022020,WALLAROO,-33.93,137.63,10.0,1915,327.8
022020,WALLAROO,-33.93,137.63,10.0,1916,482.8
022020,WALLAROO,-33.93,137.63,10.0,1917,492.4
022020,WALLAROO,-33.93,137.63,10.0,1918,277.3
022020,WALLAROO,-33.93,137.63,10.0,1919,296.8
022020,WALLAROO,-33.93,137.63,10.0,1920,400.2
022020,WALLAROO,-33.93,137.63,10.0,1921,488.2
022020,WALLAROO,-33.93,137.63,10.0,1922,324.3
022020,WALLAROO,-33.93,137.63,10.0,1923,412.1
022020,WALLAROO,-33.93,137.63,10.0,1924,367.6
022020,WALLAROO,-33.93,137.63,10.0,1925,254.0
022020,WALLAROO,-33.93,137.63,10.0,1926,311.7
022020,WALLAROO,-33.93,137.63,10.0,1927,242.7
022020,WALLAROO,-33.93,137.63,10.0,1928,308.2
022020,WALLAROO,-33.93,137.63,10.0,1929,266.9
022020,WALLAROO,-33.93,137.63,10.0,1930,291.8
022020,WALLAROO,-33.93,137.63,10.0,1931,358.2
022020,WALLAROO,-33.93,137.63,10.0,1932,494.8
022020,WALLAROO,-33.93,137.63,10.0,1933,340.7
022020,WALLAROO,-33.93,137.63,10.0,1934,338.4
022020,WALLAROO,-33.93,137.63,10.0,1935,350.3
022020,WALLAROO,-33.93,137.63,10.0,1936,290.4
022020,WALLAROO,-33.93,137.63,10.0,1937,392.3
022020,WALLAROO,-33.93,137.63,10.0,1938,325.7
022020,WALLAROO,-33.93,137.63,10.0,1939,414.0
022020,WALLAROO,-33.93,137.63,10.0,1940,244.8
022020,WALLAROO,-33.93,137.63,10.0,1941,462.7
022020,WALLAROO,-33.93,137.63,10.0,1942,493.3
022020,WALLAROO,-33.93,137.63,10.0,1943,293.8
022020,WALLAROO,-33.93,137.63,10.0,1944,295.6
022020,WALLAROO,-33.93,137.63,10.0,1945,345.4
022020,WALLAROO,-33.93,137.63,10.0,1946,584.8
022020,WALLAROO,-33.93,137.63,10.0,1947,402.1
022020,WALLAROO,-33.93,137.63,10.0,1948,344.2
022020,WALLAROO,-33.93,137.63,10.0,1949,305.9
022020,WALLAROO,-33.93,137.63,10.0,1950,297.3
022020,WALLAROO,-33.93,137.63,10.0,1951,461.0
022020,WALLAROO,-33.93,137.63,10.0,1952,460.3
022020,WALLAROO,-33.93,137.63,10.0,1953,314.5
022020,WALLAROO,-33.93,137.63,10.0,1954,314.5
022020,WALLAROO,-33.93,137.63,10.0,1955,456.0
022020,WALLAROO,-33.93,137.63,10.0,1956,518.4
022020,WALLAROO,-33.93,137.63,10.0,1957,263.8
022020,WALLAROO,-33.93,137.63,10.0,1958,357.4
022020,WALLAROO,-33.93,137.63,10.0,1959,281.1
022020,WALLAROO,-33.93,137.63,10.0,1960,450.5
022020,WALLAROO,-33.93,137.63,10.0,1961,334.9
022020,WALLAROO,-33.93,137.63,10.0,1962,293.4
022020,WALLAROO,-33.93,137.63,10.0,1963,408.6
022020,WALLAROO,-33.93,137.63,10.0,1964,356.0
022020,WALLAROO,-33.93,137.63,10.0,1965,267.6
022020,WALLAROO,-33.93,137.63,10.0,1966,425.4
022020,WALLAROO,-33.93,137.63,10.0,1967,220.7
022020,WALLAROO,-33.93,137.63,10.0,1968,490.0
022020,WALLAROO,-33.93,137.63,10.0,1969,425.5
022020,WALLAROO,-33.93,137.63,10.0,1970,274.1
022020,WALLAROO,-33.93,137.63,10.0,1971,461.9
022020,WALLAROO,-33.93,137.63,10.0,1972,274.1
022020,WALLAROO,-33.93,137.63,10.0,1973,572.1
022020,WALLAROO,-33.93,137.63,10.0,1974,474.5
022020,WALLAROO,-33.93,137.63,10.0,1975,396.4
022020,WALLAROO,-33.93,137.63,10.0,1976,291.5
022020,WALLAROO,-33.93,137.63,10.0,1977,237.2
022020,WALLAROO,-33.93,137.63,10.0,1978,448.2
022020,WALLAROO,-33.93,137.63,10.0,1979,424.1
022020,WALLAROO,-33.93,137.63,10.0,1980,337.4
022020,WALLAROO,-33.93,137.63,10.0,1981,369.5
022020,WALLAROO,-33.93,137.63,10.0,1982,233.2
022020,WALLAROO,-33.93,137.63,10.0,1983,453.6
022020,WALLAROO,-33.93,137.63,10.0,1984,353.3
022020,WALLAROO,-33.93,137.63,10.0,1985,333.2
022020,WALLAROO,-33.93,137.63,10.0,1986,317.6
022020,WALLAROO,-33.93,137.63,10.0,1987,313.0
022020,WALLAROO,-33.93,137.63,10.0,1988,317.0
022020,WALLAROO,-33.93,137.63,10.0,1989,368.8
022020,WALLAROO,-33.93,137.63,10.0,1990,352.5
022020,WALLAROO,-33.93,137.63,10.0,1991,339.6
022020,WALLAROO,-33.93,137.63,10.0,1992,546.9
022020,WALLAROO,-33.93,137.63,10.0,1993,404.5
022020,WALLAROO,-33.93,137.63,10.0,1994,204.8
022020,WALLAROO,-33.93,137.63,10.0,1995,316.7
022020,WALLAROO,-33.93,137.63,10.0,1996,323.6
022020,WALLAROO,-33.93,137.63,10.0,1997,420.0
022020,WALLAROO,-33.93,137.63,10.0,1998,
022020,WALLAROO,-33.93,137.63,10.0,1999,333.4
022020,WALLAROO,-33.93,137.63,10.0,2000,420.6
022020,WALLAROO,-33.93,137.63,10.0,2001,403.8
022020,WALLAROO,-33.93,137.63,10.0,2002,284.8
022020,WALLAROO,-33.93,137.63,10.0,2003,305.2
022020,WALLAROO,-33.93,137.63,10.0,2004,370.2
022020,WALLAROO,-33.93,137.63,10.0,2005,355.8
022020,WALLAROO,-33.93,137.63,10.0,2006,278.6
022020,WALLAROO,-33.93,137.63,10.0,2007,316.4
022020,WALLAROO,-33.93,137.63,10.0,2008,257.8
022020,WALLAROO,-33.93,137.63,10.0,2009,333.8
022020,WALLAROO,-33.93,137.63,10.0,2010,488.5
022020,WALLAROO,-33.93,137.63,10.0,2011,
022020,WALLAROO,-33.93,137.63,10.0,2012,300.4
022020,WALLAROO,-33.93,137.63,10.0,2013,417.5
022020,WALLAROO,-33.93,137.63,10.0,2014,314.0
022020,WALLAROO,-33.93,137.63,10.0,2015,
022020,WALLAROO,-33.93,137.63,10.0,2016,
022020,WALLAROO,-33.93,137.63,10.0,2017,
022020,WALLAROO,-33.93,137.63,10.0,2018,
022020,WALLAROO,-33.93,137.63,10.0,2019,
022020,WALLAROO,-33.93,137.63,10.0,2020,336.8
022020,WALLAROO,-33.93,137.63,10.0,2021,290.8
022020,WALLAROO,-33.93,137.63,10.0,2022,433.8
022020,WALLAROO,-33.93,137.63,10.0,2023,375.6
022020,WALLAROO,-33.93,137.63,10.0,2024,208.0
022020,WALLAROO,-33.93,137.63,10.0,2025,292.6
022801,CAPE BORDA,-35.75,136.59,143.0,1874,509.8
022801,CAPE BORDA,-35.75,136.59,143.0,1875,715.0
022801,CAPE BORDA,-35.75,136.59,143.0,1876,429.8
022801,CAPE BORDA,-35.75,136.59,143.0,1877,489.4
022801,CAPE BORDA,-35.75,136.59,143.0,1878,490.8
022801,CAPE BORDA,-35.75,136.59,143.0,1879,686.7
022801,CAPE BORDA,-35.75,136.59,143.0,1880,712.8
022801,CAPE BORDA,-35.75,136.59,143.0,1881,574.1
022801,CAPE BORDA,-35.75,136.59,143.0,1882,627.8
022801,CAPE BORDA,-35.75,136.59,143.0,1883,671.5
022801,CAPE BORDA,-35.75,136.59,143.0,1884,584.8
022801,CAPE BORDA,-35.75,136.59,143.0,1885,618.9
022801,CAPE BORDA,-35.75,136.59,143.0,1886,616.8
022801,CAPE BORDA,-35.75,136.59,143.0,1887,723.2
022801,CAPE BORDA,-35.75,136.59,143.0,1888,548.8
022801,CAPE BORDA,-35.75,136.59,143.0,1889,916.5
022801,CAPE BORDA,-35.75,136.59,143.0,1890,811.5
022801,CAPE BORDA,-35.75,136.59,143.0,1891,472.2
022801,CAPE BORDA,-35.75,136.59,143.0,1892,702.0
022801,CAPE BORDA,-35.75,136.59,143.0,1893,849.1
022801,CAPE BORDA,-35.75,136.59,143.0,1894,652.1
022801,CAPE BORDA,-35.75,136.59,143.0,1895,596.3
022801,CAPE BORDA,-35.75,136.59,143.0,1896,604.6
022801,CAPE BORDA,-35.75,136.59,143.0,1897,514.5
022801,CAPE BORDA,-35.75,136.59,143.0,1898,591.9
022801,CAPE BORDA,-35.75,136.59,143.0,1899,571.4
022801,CAPE BORDA,-35.75,136.59,143.0,1900,682.2
022801,CAPE BORDA,-35.75,136.59,143.0,1901,542.3
022801,CAPE BORDA,-35.75,136.59,143.0,1902,594.0
022801,CAPE BORDA,-35.75,136.59,143.0,1903,639.9
022801,CAPE BORDA,-35.75,136.59,143.0,1904,581.0
022801,CAPE BORDA,-35.75,136.59,143.0,1905,724.5
022801,CAPE BORDA,-35.75,136.59,143.0,1906,755.0
022801,CAPE BORDA,-35.75,136.59,143.0,1907,589.9
022801,CAPE BORDA,-35.75,136.59,143.0,1908,579.7
022801,CAPE BORDA,-35.75,136.59,143.0,1909,795.2
022801,CAPE BORDA,-35.75,136.59,143.0,1910,914.6
022801,CAPE BORDA,-35.75,136.59,143.0,1911,598.7
022801,CAPE BORDA,-35.75,136.59,143.0,1912,597.0
022801,CAPE BORDA,-35.75,136.59,143.0,1913,470.2
022801,CAPE BORDA,-35.75,136.59,143.0,1914,421.9
022801,CAPE BORDA,-35.75,136.59,143.0,1915,640.1
022801,CAPE BORDA,-35.75,136.59,143.0,1916,746.2
022801,CAPE BORDA,-35.75,136.59,143.0,1917,796.5
022801,CAPE BORDA,-35.75,136.59,143.0,1918,591.5
022801,CAPE BORDA,-35.75,136.59,143.0,1919,500.6
022801,CAPE BORDA,-35.75,136.59,143.0,1920,840.5
022801,CAPE BORDA,-35.75,136.59,143.0,1921,749.0
022801,CAPE BORDA,-35.75,136.59,143.0,1922,613.0
022801,CAPE BORDA,-35.75,136.59,143.0,1923,706.5
022801,CAPE BORDA,-35.75,136.59,143.0,1924,553.5
022801,CAPE BORDA,-35.75,136.59,143.0,1925,515.3
022801,CAPE BORDA,-35.75,136.59,143.0,1926,585.5
022801,CAPE BORDA,-35.75,136.59,143.0,1927,551.0
022801,CAPE BORDA,-35.75,136.59,143.0,1928,503.3
022801,CAPE BORDA,-35.75,136.59,143.0,1929,544.6
022801,CAPE BORDA,-35.75,136.59,143.0,1930,656.2
022801,CAPE BORDA,-35.75,136.59,143.0,1931,719.1
022801,CAPE BORDA,-35.75,136.59,143.0,1932,687.9
022801,CAPE BORDA,-35.75,136.59,143.0,1933,568.0
022801,CAPE BORDA,-35.75,136.59,143.0,1934,595.8
022801,CAPE BORDA,-35.75,136.59,143.0,1935,739.4
022801,CAPE BORDA,-35.75,136.59,143.0,1936,577.2
022801,CAPE BORDA,-35.75,136.59,143.0,1937,745.0
022801,CAPE BORDA,-35.75,136.59,143.0,1938,601.0
022801,CAPE BORDA,-35.75,136.59,143.0,1939,808.9
022801,CAPE BORDA,-35.75,136.59,143.0,1940,526.9
022801,CAPE BORDA,-35.75,136.59,143.0,1941,546.6
022801,CAPE BORDA,-35.75,136.59,143.0,1942,814.3
022801,CAPE BORDA,-35.75,136.59,143.0,1943,712.2
022801,CAPE BORDA,-35.75,136.59,143.0,1944,615.5
022801,CAPE BORDA,-35.75,136.59,143.0,1945,522.3
022801,CAPE BORDA,-35.75,136.59,143.0,1946,656.8
022801,CAPE BORDA,-35.75,136.59,143.0,1947,745.5
022801,CAPE BORDA,-35.75,136.59,143.0,1948,616.6
022801,CAPE BORDA,-35.75,136.59,143.0,1949,639.2
022801,CAPE BORDA,-35.75,136.59,143.0,1950,568.4
022801,CAPE BORDA,-35.75,136.59,143.0,1951,722.0
022801,CAPE BORDA,-35.75,136.59,143.0,1952,549.4
022801,CAPE BORDA,-35.75,136.59,143.0,1953,582.2
022801,CAPE BORDA,-35.75,136.59,143.0,1954,700.4
022801,CAPE BORDA,-35.75,136.59,143.0,1955,722.6
022801,CAPE BORDA,-35.75,136.59,143.0,1956,917.9
022801,CAPE BORDA,-35.75,136.59,143.0,1957,581.8
022801,CAPE BORDA,-35.75,136.59,143.0,1958,640.9
022801,CAPE BORDA,-35.75,136.59,143.0,1959,464.7
022801,CAPE BORDA,-35.75,136.59,143.0,1960,702.7
022801,CAPE BORDA,-35.75,136.59,143.0,1961,513.4
022801,CAPE BORDA,-35.75,136.59,143.0,1962,480.9
022801,CAPE BORDA,-35.75,136.59,143.0,1963,540.8
022801,CAPE BORDA,-35.75,136.59,143.0,1964,633.0
022801,CAPE BORDA,-35.75,136.59,143.0,1965,464.8
022801,CAPE BORDA,-35.75,136.59,143.0,1966,674.2
022801,CAPE BORDA,-35.75,136.59,143.0,1967,436.9
022801,CAPE BORDA,-35.75,136.59,143.0,1968,722.5
022801,CAPE BORDA,-35.75,136.59,143.0,1969,586.8
022801,CAPE BORDA,-35.75,136.59,143.0,1970,644.9
022801,CAPE BORDA,-35.75,136.59,143.0,1971,854.3
022801,CAPE BORDA,-35.75,136.59,143.0,1972,526.9
022801,CAPE BORDA,-35.75,136.59,143.0,1973,624.7
022801,CAPE BORDA,-35.75,136.59,143.0,1974,641.1
022801,CAPE BORDA,-35.75,136.59,143.0,1975,710.6
022801,CAPE BORDA,-35.75,136.59,143.0,1976,586.0
022801,CAPE BORDA,-35.75,136.59,143.0,1977,519.0
022801,CAPE BORDA,-35.75,136.59,143.0,1978,628.9
022801,CAPE BORDA,-35.75,136.59,143.0,1979,693.1
022801,CAPE BORDA,-35.75,136.59,143.0,1980,552.2
022801,CAPE BORDA,-35.75,136.59,143.0,1981,718.2
022801,CAPE BORDA,-35.75,136.59,143.0,1982,512.6
022801,CAPE BORDA,-35.75,136.59,143.0,1983,797.5
022801,CAPE BORDA,-35.75,136.59,143.0,1984,720.4
022801,CAPE BORDA,-35.75,136.59,143.0,1985,568.8
022801,CAPE BORDA,-35.75,136.59,143.0,1986,612.0
022801,CAPE BORDA,-35.75,136.59,143.0,1987,521.0
022801,CAPE BORDA,-35.75,136.59,143.0,1988,698.4
022801,CAPE BORDA,-35.75,136.59,143.0,1989,632.5
022801,CAPE BORDA,-35.75,136.59,143.0,1990,651.2
022801,CAPE BORDA,-35.75,136.59,143.0,1991,483.0
022801,CAPE BORDA,-35.75,136.59,143.0,1992,767.6
022801,CAPE BORDA,-35.75,136.59,143.0,1993,595.6
022801,CAPE BORDA,-35.75,136.59,143.0,1994,
022801,CAPE BORDA,-35.75,136.59,143.0,1995,533.9
022801,CAPE BORDA,-35.75,136.59,143.0,1996,597.6
022801,CAPE BORDA,-35.75,136.59,143.0,1997,534.0
022801,CAPE BORDA,-35.75,136.59,143.0,1998,447.0
022801,CAPE BORDA,-35.75,136.59,143.0,1999,469.7
022801,CAPE BORDA,-35.75,136.59,143.0,2000,694.0
022801,CAPE BORDA,-35.75,136.59,143.0,2001,606.3
022801,CAPE BORDA,-35.75,136.59,143.0,2002,434.5
022801,CAPE BORDA,-35.75,136.59,143.0,2003,654.0
022801,CAPE BORDA,-35.75,136.59,143.0,2004,586.0
022801,CAPE BORDA,-35.75,136.59,143.0,2005,609.9
022801,CAPE BORDA,-35.75,136.59,143.0,2006,435.9
022809,PENNESHAW,-35.72,137.94,24.0,1912,438.0
022809,PENNESHAW,-35.72,137.94,24.0,1913,437.6
022809,PENNESHAW,-35.72,137.94,24.0,1914,355.0
022809,PENNESHAW,-35.72,137.94,24.0,1915,433.2
022809,PENNESHAW,-35.72,137.94,24.0,1916,580.6
022809,PENNESHAW,-35.72,137.94,24.0,1917,615.6
022809,PENNESHAW,-35.72,137.94,24.0,1918,408.0
022809,PENNESHAW,-35.72,137.94,24.0,1919,424.1
022809,PENNESHAW,-35.72,137.94,24.0,1920,573.2
022809,PENNESHAW,-35.72,137.94,24.0,1921,576.7
022809,PENNESHAW,-35.72,137.94,24.0,1922,511.2
022809,PENNESHAW,-35.72,137.94,24.0,1923,510.8
022809,PENNESHAW,-35.72,137.94,24.0,1924,405.5
022809,PENNESHAW,-35.72,137.94,24.0,1925,437.2
022809,PENNESHAW,-35.72,137.94,24.0,1926,546.9
022809,PENNESHAW,-35.72,137.94,24.0,1927,392.4
022809,PENNESHAW,-35.72,137.94,24.0,1928,384.1
022809,PENNESHAW,-35.72,137.94,24.0,1929,431.9
022809,PENNESHAW,-35.72,137.94,24.0,1930,457.6
022809,PENNESHAW,-35.72,137.94,24.0,1931,587.2
022809,PENNESHAW,-35.72,137.94,24.0,1932,565.0
022809,PENNESHAW,-35.72,137.94,24.0,1933,431.1
022809,PENNESHAW,-35.72,137.94,24.0,1934,528.7
022809,PENNESHAW,-35.72,137.94,24.0,1935,587.7
022809,PENNESHAW,-35.72,137.94,24.0,1936,433.3
022809,PENNESHAW,-35.72,137.94,24.0,1937,523.1
022809,PENNESHAW,-35.72,137.94,24.0,1938,438.5
022809,PENNESHAW,-35.72,137.94,24.0,1939,677.1
022809,PENNESHAW,-35.72,137.94,24.0,1940,439.9
022809,PENNESHAW,-35.72,137.94,24.0,1941,530.9
022809,PENNESHAW,-35.72,137.94,24.0,1942,634.6
022809,PENNESHAW,-35.72,137.94,24.0,1943,508.3
022809,PENNESHAW,-35.72,137.94,24.0,1944,477.1
022809,PENNESHAW,-35.72,137.94,24.0,1945,462.7
022809,PENNESHAW,-35.72,137.94,24.0,1946,667.0
022809,PENNESHAW,-35.72,137.94,24.0,1947,545.6
022809,PENNESHAW,-35.72,137.94,24.0,1948,545.2
022809,PENNESHAW,-35.72,137.94,24.0,1949,498.7
022809,PENNESHAW,-35.72,137.94,24.0,1950,530.1
022809,PENNESHAW,-35.72,137.94,24.0,1951,655.1
022809,PENNESHAW,-35.72,137.94,24.0,1952,607.3
022809,PENNESHAW,-35.72,137.94,24.0,1953,545.3
022809,PENNESHAW,-35.72,137.94,24.0,1954,505.2
022809,PENNESHAW,-35.72,137.94,24.0,1955,662.2
022809,PENNESHAW,-35.72,137.94,24.0,1956,608.3
022809,PENNESHAW,-35.72,137.94,24.0,1957,438.5
022809,PENNESHAW,-35.72,137.94,24.0,1958,552.4
022809,PENNESHAW,-35.72,137.94,24.0,1959,392.8
022809,PENNESHAW,-35.72,137.94,24.0,1960,571.1
022809,PENNESHAW,-35.72,137.94,24.0,1961,355.9
022809,PENNESHAW,-35.72,137.94,24.0,1962,348.9
022809,PENNESHAW,-35.72,137.94,24.0,1963,515.9
022809,PENNESHAW,-35.72,137.94,24.0,1964,674.4
022809,PENNESHAW,-35.72,137.94,24.0,1965,432.3
022809,PENNESHAW,-35.72,137.94,24.0,1966,483.2
022809,PENNESHAW,-35.72,137.94,24.0,1967,295.5
022809,PENNESHAW,-35.72,137.94,24.0,1968,640.3
022809,PENNESHAW,-35.72,137.94,24.0,1969,520.6
022809,PENNESHAW,-35.72,137.94,24.0,1970,498.3
022809,PENNESHAW,-35.72,137.94,24.0,1971,571.2
022809,PENNESHAW,-35.72,137.94,24.0,1972,458.9
022809,PENNESHAW,-35.72,137.94,24.0,1973,538.2
022809,PENNESHAW,-35.72,137.94,24.0,1974,636.0
022809,PENNESHAW,-35.72,137.94,24.0,1975,534.8
022809,PENNESHAW,-35.72,137.94,24.0,1976,418.0
022809,PENNESHAW,-35.72,137.94,24.0,1977,399.4
022809,PENNESHAW,-35.72,137.94,24.0,1978,630.5
022809,PENNESHAW,-35.72,137.94,24.0,1979,631.1
022809,PENNESHAW,-35.72,137.94,24.0,1980,487.6
022809,PENNESHAW,-35.72,137.94,24.0,1981,498.0
022809,PENNESHAW,-35.72,137.94,24.0,1982,307.1
022809,PENNESHAW,-35.72,137.94,24.0,1983,623.4
022809,PENNESHAW,-35.72,137.94,24.0,1984,498.9
022809,PENNESHAW,-35.72,137.94,24.0,1985,497.9
022809,PENNESHAW,-35.72,137.94,24.0,1986,407.1
022809,PENNESHAW,-35.72,137.94,24.0,1987,456.8
022809,PENNESHAW,-35.72,137.94,24.0,1988,462.5
022809,PENNESHAW,-35.72,137.94,24.0,1989,484.4
022809,PENNESHAW,-35.72,137.94,24.0,1990,406.6
022809,PENNESHAW,-35.72,137.94,24.0,1991,456.6
022809,PENNESHAW,-35.72,137.94,24.0,1992,694.7
022809,PENNESHAW,-35.72,137.94,24.0,1993,488.5
022809,PENNESHAW,-35.72,137.94,24.0,1994,342.6
022809,PENNESHAW,-35.72,137.94,24.0,1995,480.6
022809,PENNESHAW,-35.72,137.94,24.0,1996,442.2
022809,PENNESHAW,-35.72,137.94,24.0,1997,477.2
022809,PENNESHAW,-35.72,137.94,24.0,1998,441.0
022809,PENNESHAW,-35.72,137.94,24.0,1999,467.0
022809,PENNESHAW,-35.72,137.94,24.0,2000,665.8
022809,PENNESHAW,-35.72,137.94,24.0,2001,554.0
022809,PENNESHAW,-35.72,137.94,24.0,2002,385.5
022809,PENNESHAW,-35.72,137.94,24.0,2003,599.9
022809,PENNESHAW,-35.72,137.94,24.0,2004,500.2
022809,PENNESHAW,-35.72,137.94,24.0,2005,488.7
022809,PENNESHAW,-35.72,137.94,24.0,2006,355.8
022809,PENNESHAW,-35.72,137.94,24.0,2007,506.9
022809,PENNESHAW,-35.72,137.94,24.0,2008,448.4
022809,PENNESHAW,-35.72,137.94,24.0,2009,498.0
022809,PENNESHAW,-35.72,137.94,24.0,2010,536.5
022809,PENNESHAW,-35.72,137.94,24.0,2011,546.5
022809,PENNESHAW,-35.72,137.94,24.0,2012,515.1
022809,PENNESHAW,-35.72,137.94,24.0,2013,671.6
022809,PENNESHAW,-35.72,137.94,24.0,2014,457.7
022809,PENNESHAW,-35.72,137.94,24.0,2015,355.3
022809,PENNESHAW,-35.72,137.94,24.0,2016,704.9
022809,PENNESHAW,-35.72,137.94,24.0,2017,515.1
022809,PENNESHAW,-35.72,137.94,24.0,2018,371.0
022815,PIONEER BEND,-35.73,137.26,102.0,1910,919.3
022815,PIONEER BEND,-35.73,137.26,102.0,1911,601.6
022815,PIONEER BEND,-35.73,137.26,102.0,1912,599.9
022815,PIONEER BEND,-35.73,137.26,102.0,1913,472.6
022815,PIONEER BEND,-35.73,137.26,102.0,1914,423.9
022815,PIONEER BEND,-35.73,137.26,102.0,1915,643.3
022815,PIONEER BEND,-35.73,137.26,102.0,1916,749.8
022815,PIONEER BEND,-35.73,137.26,102.0,1917,800.5
022815,PIONEER BEND,-35.73,137.26,102.0,1918,594.4
022815,PIONEER BEND,-35.73,137.26,102.0,1919,503.2
022815,PIONEER BEND,-35.73,137.26,102.0,1920,844.7
022815,PIONEER BEND,-35.73,137.26,102.0,1921,752.8
022815,PIONEER BEND,-35.73,137.26,102.0,1922,616.0
022815,PIONEER BEND,-35.73,137.26,102.0,1923,709.9
022815,PIONEER BEND,-35.73,137.26,102.0,1924,556.2
022815,PIONEER BEND,-35.73,137.26,102.0,1925,517.7
022815,PIONEER BEND,-35.73,137.26,102.0,1926,588.3
022815,PIONEER BEND,-35.73,137.26,102.0,1927,553.8
022815,PIONEER BEND,-35.73,137.26,102.0,1928,505.9
022815,PIONEER BEND,-35.73,137.26,102.0,1929,547.2
022815,PIONEER BEND,-35.73,137.26,102.0,1930,659.5
022815,PIONEER BEND,-35.73,137.26,102.0,1931,722.6
022815,PIONEER BEND,-35.73,137.26,102.0,1932,691.3
022815,PIONEER BEND,-35.73,137.26,102.0,1933,571.0
022815,PIONEER BEND,-35.73,137.26,102.0,1934,598.7
022815,PIONEER BEND,-35.73,137.26,102.0,1935,617.4
022815,PIONEER BEND,-35.73,137.26,102.0,1936,507.4
022815,PIONEER BEND,-35.73,137.26,102.0,1937,616.6
022815,PIONEER BEND,-35.73,137.26,102.0,1938,621.9
022815,PIONEER BEND,-35.73,137.26,102.0,1939,699.0
022815,PIONEER BEND,-35.73,137.26,102.0,1940,506.3
022815,PIONEER BEND,-35.73,137.26,102.0,1941,507.2
022815,PIONEER BEND,-35.73,137.26,102.0,1942,805.0
022815,PIONEER BEND,-35.73,137.26,102.0,1943,653.0
022815,PIONEER BEND,-35.73,137.26,102.0,1944,486.1
022815,PIONEER BEND,-35.73,137.26,102.0,1945,482.9
022815,PIONEER BEND,-35.73,137.26,102.0,1946,658.7
022815,PIONEER BEND,-35.73,137.26,102.0,1947,728.6
022815,PIONEER BEND,-35.73,137.26,102.0,1948,579.4
022815,PIONEER BEND,-35.73,137.26,102.0,1949,566.2
022815,PIONEER BEND,-35.73,137.26,102.0,1950,579.1
022815,PIONEER BEND,-35.73,137.26,102.0,1951,822.6
022815,PIONEER BEND,-35.73,137.26,102.0,1952,675.7
022815,PIONEER BEND,-35.73,137.26,102.0,1953,632.3
022815,PIONEER BEND,-35.73,137.26,102.0,1954,588.6
022815,PIONEER BEND,-35.73,137.26,102.0,1955,839.7
022815,PIONEER BEND,-35.73,137.26,102.0,1956,832.8
022815,PIONEER BEND,-35.73,137.26,102.0,1957,516.7
022815,PIONEER BEND,-35.73,137.26,102.0,1958,654.0
022815,PIONEER BEND,-35.73,137.26,102.0,1959,420.6
022815,PIONEER BEND,-35.73,137.26,102.0,1960,715.4
022815,PIONEER BEND,-35.73,137.26,102.0,1961,402.6
022815,PIONEER BEND,-35.73,137.26,102.0,1962,521.7
022815,PIONEER BEND,-35.73,137.26,102.0,1963,631.6
022815,PIONEER BEND,-35.73,137.26,102.0,1964,817.0
022815,PIONEER BEND,-35.73,137.26,102.0,1965,546.0
022815,PIONEER BEND,-35.73,137.26,102.0,1966,638.8
022815,PIONEER BEND,-35.73,137.26,102.0,1967,468.4
022815,PIONEER BEND,-35.73,137.26,102.0,1968,897.3
022815,PIONEER BEND,-35.73,137.26,102.0,1969,600.6
022815,PIONEER BEND,-35.73,137.26,102.0,1970,567.6
022815,PIONEER BEND,-35.73,137.26,102.0,1971,835.5
022815,PIONEER BEND,-35.73,137.26,102.0,1972,643.5
022815,PIONEER BEND,-35.73,137.26,102.0,1973,727.5
022815,PIONEER BEND,-35.73,137.26,102.0,1974,785.4
022815,PIONEER BEND,-35.73,137.26,102.0,1975,628.2
022815,PIONEER BEND,-35.73,137.26,102.0,1976,552.0
022815,PIONEER BEND,-35.73,137.26,102.0,1977,462.1
022815,PIONEER BEND,-35.73,137.26,102.0,1978,644.4
022815,PIONEER BEND,-35.73,137.26,102.0,1979,673.0
022815,PIONEER BEND,-35.73,137.26,102.0,1980,588.4
022815,PIONEER BEND,-35.73,137.26,102.0,1981,716.7
022815,PIONEER BEND,-35.73,137.26,102.0,1982,414.7
022815,PIONEER BEND,-35.73,137.26,102.0,1983,797.5
022815,PIONEER BEND,-35.73,137.26,102.0,1984,734.5
022815,PIONEER BEND,-35.73,137.26,102.0,1985,555.0
022815,PIONEER BEND,-35.73,137.26,102.0,1986,587.3
022815,PIONEER BEND,-35.73,137.26,102.0,1987,508.0
022815,PIONEER BEND,-35.73,137.26,102.0,1988,590.2
022815,PIONEER BEND,-35.73,137.26,102.0,1989,646.7
022815,PIONEER BEND,-35.73,137.26,102.0,1990,656.1
022815,PIONEER BEND,-35.73,137.26,102.0,1991,541.9
022815,PIONEER BEND,-35.73,137.26,102.0,1992,886.8
022815,PIONEER BEND,-35.73,137.26,102.0,1993,577.1
022815,PIONEER BEND,-35.73,137.26,102.0,1994,411.2
022815,PIONEER BEND,-35.73,137.26,102.0,1995,649.9
022815,PIONEER BEND,-35.73,137.26,102.0,1996,613.1
022815,PIONEER BEND,-35.73,137.26,102.0,1997,565.6
022815,PIONEER BEND,-35.73,137.26,102.0,1998,541.2
022815,PIONEER BEND,-35.73,137.26,102.0,1999,517.4
022815,PIONEER BEND,-35.73,137.26,102.0,2000,854.8
022815,PIONEER BEND,-35.73,137.26,102.0,2001,627.7
022815,PIONEER BEND,-35.73,137.26,102.0,2002,544.4
022815,PIONEER BEND,-35.73,137.26,102.0,2003,678.4
022815,PIONEER BEND,-35.73,137.26,102.0,2004,587.0
022815,PIONEER BEND,-35.73,137.26,102.0,2005,620.8
022815,PIONEER BEND,-35.73,137.26,102.0,2006,425.4
022815,PIONEER BEND,-35.73,137.26,102.0,2007,556.2
022815,PIONEER BEND,-35.73,137.26,102.0,2008,530.2
022815,PIONEER BEND,-35.73,137.26,102.0,2009,695.8
022815,PIONEER BEND,-35.73,137.26,102.0,2010,636.8
022815,PIONEER BEND,-35.73,137.26,102.0,2011,645.0
022815,PIONEER BEND,-35.73,137.26,102.0,2012,467.5
022815,PIONEER BEND,-35.73,137.26,102.0,2013,834.1
022815,PIONEER BEND,-35.73,137.26,102.0,2014,
022815,PIONEER BEND,-35.73,137.26,102.0,2015,467.5
022815,PIONEER BEND,-35.73,137.26,102.0,2016,
022815,PIONEER BEND,-35.73,137.26,102.0,2017,
022815,PIONEER BEND,-35.73,137.26,102.0,2018,
022815,PIONEER BEND,-35.73,137.26,102.0,2019,440.3
022815,PIONEER BEND,-35.73,137.26,102.0,2020,639.2
022815,PIONEER BEND,-35.73,137.26,102.0,2021,737.6
022815,PIONEER BEND,-35.73,137.26,102.0,2022,731.5
022815,PIONEER BEND,-35.73,137.26,102.0,2023,625.3
022815,PIONEER BEND,-35.73,137.26,102.0,2024,520.0
022815,PIONEER BEND,-35.73,137.26,102.0,2025,563.1
023721,HAPPY VALLEY RESERVOIR E&WS,-35.06,138.56,170.0,1863,758.4
023721,HAPPY VALLEY RESERVOIR E&WS,-35.06,138.56,170.0,1864,576.2
023721,HAPPY VALLEY RESERVOIR E&WS,-35.06,138.56,170.0,1865,444.7
023721,HAPPY VALLEY RESERVOIR E&WS,-35.06,138.56,170.0,1866,606.4
023721,HAPPY VALLEY RESERVOIR E&WS,-35.06,138.56,170.0,1867,578.1
023721,HAPPY VALLEY RESERVOIR E&WS,-35.06,138.56,170.0,1868,564.5
023721,HAPPY VALLEY RESERVOIR E&WS,-35.06,138.56,170.0,1869,458.6
023721,HAPPY VALLEY RESERVOIR E&WS,-35.06,138.56,170.0,1870,720.5
023721,HAPPY VALLEY RESERVOIR E&WS,-35.06,138.56,170.0,1871,632.8
023721,HAPPY VALLEY RESERVOIR E&WS,-35.06,138.56,170.0,1872,666.0
023721,HAPPY VALLEY RESERVOIR E&WS,-35.06,138.56,170.0,1873,611.2
023721,HAPPY VALLEY RESERVOIR E&WS,-35.06,138.56,170.0,1874,526.8
023721,HAPPY VALLEY RESERVOIR E&WS,-35.06,138.56,170.0,1875,921.6
023721,HAPPY VALLEY RESERVOIR E&WS,-35.06,138.56,170.0,1876,445.5
023721,HAPPY VALLEY RESERVOIR E&WS,-35.06,138.56,170.0,1877,724.1
023721,HAPPY VALLEY RESERVOIR E&WS,-35.06,138.56,170.0,1878,
023721,HAPPY VALLEY RESERVOIR E&WS,-35.06,138.56,170.0,1879,
023721,HAPPY VALLEY RESERVOIR E&WS,-35.06,138.56,170.0,1880,
023721,HAPPY VALLEY RESERVOIR E&WS,-35.06,138.56,170.0,1881,
023721,HAPPY VALLEY RESERVOIR E&WS,-35.06,138.56,170.0,1882,
023721,HAPPY VALLEY RESERVOIR E&WS,-35.06,138.56,170.0,1883,
023721,HAPPY VALLEY RESERVOIR E&WS,-35.06,138.56,170.0,1884,
023721,HAPPY VALLEY RESERVOIR E&WS,-35.06,138.56,170.0,1885,
023721,HAPPY VALLEY RESERVOIR E&WS,-35.06,138.56,170.0,1886,
023721,HAPPY VALLEY RESERVOIR E&WS,-35.06,138.56,170.0,1887,
023721,HAPPY VALLEY RESERVOIR E&WS,-35.06,138.56,170.0,1888,
023721,HAPPY VALLEY RESERVOIR E&WS,-35.06,138.56,170.0,1889,
023721,HAPPY VALLEY RESERVOIR E&WS,-35.06,138.56,170.0,1890,
023721,HAPPY VALLEY RESERVOIR E&WS,-35.06,138.56,170.0,1891,
023721,HAPPY VALLEY RESERVOIR E&WS,-35.06,138.56,170.0,1892,540.2
023721,HAPPY VALLEY RESERVOIR E&WS,-35.06,138.56,170.0,1893,649.0
023721,HAPPY VALLEY RESERVOIR E&WS,-35.06,138.56,170.0,1894,595.9
023721,HAPPY VALLEY RESERVOIR E&WS,-35.06,138.56,170.0,1895,579.6
023721,HAPPY VALLEY RESERVOIR E&WS,-35.06,138.56,170.0,1896,450.6
023721,HAPPY VALLEY RESERVOIR E&WS,-35.06,138.56,170.0,1897,441.7
023721,HAPPY VALLEY RESERVOIR E&WS,-35.06,138.56,170.0,1898,603.1
023721,HAPPY VALLEY RESERVOIR E&WS,-35.06,138.56,170.0,1899,540.3
023721,HAPPY VALLEY RESERVOIR E&WS,-35.06,138.56,170.0,1900,667.2
023721,HAPPY VALLEY RESERVOIR E&WS,-35.06,138.56,170.0,1901,464.7
023721,HAPPY VALLEY RESERVOIR E&WS,-35.06,138.56,170.0,1902,502.4
023721,HAPPY VALLEY RESERVOIR E&WS,-35.06,138.56,170.0,1903,713.4
023721,HAPPY VALLEY RESERVOIR E&WS,-35.06,138.56,170.0,1904,577.4
023721,HAPPY VALLEY RESERVOIR E&WS,-35.06,138.56,170.0,1905,597.2
023721,HAPPY VALLEY RESERVOIR E&WS,-35.06,138.56,170.0,1906,794.1
023721,HAPPY VALLEY RESERVOIR E&WS,-35.06,138.56,170.0,1907,466.1
023721,HAPPY VALLEY RESERVOIR E&WS,-35.06,138.56,170.0,1908,636.0
023721,HAPPY VALLEY RESERVOIR E&WS,-35.06,138.56,170.0,1909,863.2
023721,HAPPY VALLEY RESERVOIR E&WS,-35.06,138.56,170.0,1910,744.6
023721,HAPPY VALLEY RESERVOIR E&WS,-35.06,138.56,170.0,1911,537.9
023721,HAPPY VALLEY RESERVOIR E&WS,-35.06,138.56,170.0,1912,520.6
023721,HAPPY VALLEY RESERVOIR E&WS,-35.06,138.56,170.0,1913,513.1
023721,HAPPY VALLEY RESERVOIR E&WS,-35.06,138.56,170.0,1914,313.7
023721,HAPPY VALLEY RESERVOIR E&WS,-35.06,138.56,170.0,1915,650.7
023721,HAPPY VALLEY RESERVOIR E&WS,-35.06,138.56,170.0,1916,836.7
023721,HAPPY VALLEY RESERVOIR E&WS,-35.06,138.56,170.0,1917,921.7
023721,HAPPY VALLEY RESERVOIR E&WS,-35.06,138.56,170.0,1918,558.5
023721,HAPPY VALLEY RESERVOIR E&WS,-35.06,138.56,170.0,1919,490.2
023721,HAPPY VALLEY RESERVOIR E&WS,-35.06,138.56,170.0,1920,672.4
023721,HAPPY VALLEY RESERVOIR E&WS,-35.06,138.56,170.0,1921,679.5
023721,HAPPY VALLEY RESERVOIR E&WS,-35.06,138.56,170.0,1922,793.2
023721,HAPPY VALLEY RESERVOIR E&WS,-35.06,138.56,170.0,1923,887.5
023721,HAPPY VALLEY RESERVOIR E&WS,-35.06,138.56,170.0,1924,710.7
023721,HAPPY VALLEY RESERVOIR E&WS,-35.06,138.56,170.0,1925,529.5
023721,HAPPY VALLEY RESERVOIR E&WS,-35.06,138.56,170.0,1926,695.5
023721,HAPPY VALLEY RESERVOIR E&WS,-35.06,138.56,170.0,1927,566.8
023721,HAPPY VALLEY RESERVOIR E&WS,-35.06,138.56,170.0,1928,626.3
023721,HAPPY VALLEY RESERVOIR E&WS,-35.06,138.56,170.0,1929,523.1
023721,HAPPY VALLEY RESERVOIR E&WS,-35.06,138.56,170.0,1930,497.5
023721,HAPPY VALLEY RESERVOIR E&WS,-35.06,138.56,170.0,1931,616.5
023721,HAPPY VALLEY RESERVOIR E&WS,-35.06,138.56,170.0,1932,599.0
023721,HAPPY VALLEY RESERVOIR E&WS,-35.06,138.56,170.0,1933,480.1
023721,HAPPY VALLEY RESERVOIR E&WS,-35.06,138.56,170.0,1934,461.6
023721,HAPPY VALLEY RESERVOIR E&WS,-35.06,138.56,170.0,1935,665.5
023721,HAPPY VALLEY RESERVOIR E&WS,-35.06,138.56,170.0,1936,541.3
023721,HAPPY VALLEY RESERVOIR E&WS,-35.06,138.56,170.0,1937,623.0
023721,HAPPY VALLEY RESERVOIR E&WS,-35.06,138.56,170.0,1938,570.8
023721,HAPPY VALLEY RESERVOIR E&WS,-35.06,138.56,170.0,1939,688.6
023721,HAPPY VALLEY RESERVOIR E&WS,-35.06,138.56,170.0,1940,464.1
023721,HAPPY VALLEY RESERVOIR E&WS,-35.06,138.56,170.0,1941,677.9
023721,HAPPY VALLEY RESERVOIR E&WS,-35.06,138.56,170.0,1942,822.6
023721,HAPPY VALLEY RESERVOIR E&WS,-35.06,138.56,170.0,1943,562.3
023721,HAPPY VALLEY RESERVOIR E&WS,-35.06,138.56,170.0,1944,497.9
023721,HAPPY VALLEY RESERVOIR E&WS,-35.06,138.56,170.0,1945,573.6
023721,HAPPY VALLEY RESERVOIR E&WS,-35.06,138.56,170.0,1946,668.6
023721,HAPPY VALLEY RESERVOIR E&WS,-35.06,138.56,170.0,1947,723.5
023721,HAPPY VALLEY RESERVOIR E&WS,-35.06,138.56,170.0,1948,625.5
023721,HAPPY VALLEY RESERVOIR E&WS,-35.06,138.56,170.0,1949,560.2
023721,HAPPY VALLEY RESERVOIR E&WS,-35.06,138.56,170.0,1950,464.2
023721,HAPPY VALLEY RESERVOIR E&WS,-35.06,138.56,170.0,1951,748.2
023721,HAPPY VALLEY RESERVOIR E&WS,-35.06,138.56,170.0,1952,595.6
023721,HAPPY VALLEY RESERVOIR E&WS,-35.06,138.56,170.0,1953,662.5
023721,HAPPY VALLEY RESERVOIR E&WS,-35.06,138.56,170.0,1954,557.0
023721,HAPPY VALLEY RESERVOIR E&WS,-35.06,138.56,170.0,1955,850.5
023721,HAPPY VALLEY RESERVOIR E&WS,-35.06,138.56,170.0,1956,785.6
023721,HAPPY VALLEY RESERVOIR E&WS,-35.06,138.56,170.0,1957,462.5
023721,HAPPY VALLEY RESERVOIR E&WS,-35.06,138.56,170.0,1958,630.3
023721,HAPPY VALLEY RESERVOIR E&WS,-35.06,138.56,170.0,1959,360.2
023721,HAPPY VALLEY RESERVOIR E&WS,-35.06,138.56,170.0,1960,736.6
023721,HAPPY VALLEY RESERVOIR E&WS,-35.06,138.56,170.0,1961,483.0
023721,HAPPY VALLEY RESERVOIR E&WS,-35.06,138.56,170.0,1962,511.3
023721,HAPPY VALLEY RESERVOIR E&WS,-35.06,138.56,170.0,1963,786.3
023721,HAPPY VALLEY RESERVOIR E&WS,-35.06,138.56,170.0,1964,703.7
023721,HAPPY VALLEY RESERVOIR E&WS,-35.06,138.56,170.0,1965,447.9
023721,HAPPY VALLEY RESERVOIR E&WS,-35.06,138.56,170.0,1966,649.4
023721,HAPPY VALLEY RESERVOIR E&WS,-35.06,138.56,170.0,1967,373.7
023721,HAPPY VALLEY RESERVOIR E&WS,-35.06,138.56,170.0,1968,876.1
023721,HAPPY VALLEY RESERVOIR E&WS,-35.06,138.56,170.0,1969,638.6
023721,HAPPY VALLEY RESERVOIR E&WS,-35.06,138.56,170.0,1970,646.7
023721,HAPPY VALLEY RESERVOIR E&WS,-35.06,138.56,170.0,1971,939.9
023721,HAPPY VALLEY RESERVOIR E&WS,-35.06,138.56,170.0,1972,541.3
023721,HAPPY VALLEY RESERVOIR E&WS,-35.06,138.56,170.0,1973,810.3
023721,HAPPY VALLEY RESERVOIR E&WS,-35.06,138.56,170.0,1974,801.3
023721,HAPPY VALLEY RESERVOIR E&WS,-35.06,138.56,170.0,1975,746.0
023721,HAPPY VALLEY RESERVOIR E&WS,-35.06,138.56,170.0,1976,503.6
023721,HAPPY VALLEY RESERVOIR E&WS,-35.06,138.56,170.0,1977,489.0
023721,HAPPY VALLEY RESERVOIR E&WS,-35.06,138.56,170.0,1978,712.6
023721,HAPPY VALLEY RESERVOIR E&WS,-35.06,138.56,170.0,1979,814.2
023721,HAPPY VALLEY RESERVOIR E&WS,-35.06,138.56,170.0,1980,637.6
023721,HAPPY VALLEY RESERVOIR E&WS,-35.06,138.56,170.0,1981,783.3
023721,HAPPY VALLEY RESERVOIR E&WS,-35.06,138.56,170.0,1982,476.5
023721,HAPPY VALLEY RESERVOIR E&WS,-35.06,138.56,170.0,1983,780.4
023721,HAPPY VALLEY RESERVOIR E&WS,-35.06,138.56,170.0,1984,656.7
023721,HAPPY VALLEY RESERVOIR E&WS,-35.06,138.56,170.0,1985,600.4
023721,HAPPY VALLEY RESERVOIR E&WS,-35.06,138.56,170.0,1986,770.4
023721,HAPPY VALLEY RESERVOIR E&WS,-35.06,138.56,170.0,1987,760.2
023721,HAPPY VALLEY RESERVOIR E&WS,-35.06,138.56,170.0,1988,671.8
023721,HAPPY VALLEY RESERVOIR E&WS,-35.06,138.56,170.0,1989,591.8
023721,HAPPY VALLEY RESERVOIR E&WS,-35.06,138.56,170.0,1990,564.2
023721,HAPPY VALLEY RESERVOIR E&WS,-35.06,138.56,170.0,1991,577.2
023721,HAPPY VALLEY RESERVOIR E&WS,-35.06,138.56,170.0,1992,1013.0
023721,HAPPY VALLEY RESERVOIR E&WS,-35.06,138.56,170.0,1993,681.6
023721,HAPPY VALLEY RESERVOIR E&WS,-35.06,138.56,170.0,1994,449.6
023721,HAPPY VALLEY RESERVOIR E&WS,-35.06,138.56,170.0,1995,642.8
023721,HAPPY VALLEY RESERVOIR E&WS,-35.06,138.56,170.0,1996,785.2
023721,HAPPY VALLEY RESERVOIR E&WS,-35.06,138.56,170.0,1997,612.8
023721,HAPPY VALLEY RESERVOIR E&WS,-35.06,138.56,170.0,1998,640.7
023721,HAPPY VALLEY RESERVOIR E&WS,-35.06,138.56,170.0,1999,705.8
023721,HAPPY VALLEY RESERVOIR E&WS,-35.06,138.56,170.0,2000,828.2
023721,HAPPY VALLEY RESERVOIR E&WS,-35.06,138.56,170.0,2001,812.7
023721,HAPPY VALLEY RESERVOIR E&WS,-35.06,138.56,170.0,2002,523.3
023721,HAPPY VALLEY RESERVOIR E&WS,-35.06,138.56,170.0,2003,739.8
023721,HAPPY VALLEY RESERVOIR E&WS,-35.06,138.56,170.0,2004,675.8
023721,HAPPY VALLEY RESERVOIR E&WS,-35.06,138.56,170.0,2005,810.2
023721,HAPPY VALLEY RESERVOIR E&WS,-35.06,138.56,170.0,2006,427.0
023721,HAPPY VALLEY RESERVOIR E&WS,-35.06,138.56,170.0,2007,634.4
023721,HAPPY VALLEY RESERVOIR E&WS,-35.06,138.56,170.0,2008,505.8
023721,HAPPY VALLEY RESERVOIR E&WS,-35.06,138.56,170.0,2009,627.6
023721,HAPPY VALLEY RESERVOIR E&WS,-35.06,138.56,170.0,2010,774.0
023721,HAPPY VALLEY RESERVOIR E&WS,-35.06,138.56,170.0,2011,701.2
023721,HAPPY VALLEY RESERVOIR E&WS,-35.06,138.56,170.0,2012,697.7
023721,HAPPY VALLEY RESERVOIR E&WS,-35.06,138.56,170.0,2013,630.6
023721,HAPPY VALLEY RESERVOIR E&WS,-35.06,138.56,170.0,2014,539.4
023721,HAPPY VALLEY RESERVOIR E&WS,-35.06,138.56,170.0,2015,493.0
023721,HAPPY VALLEY RESERVOIR E&WS,-35.06,138.56,170.0,2016,963.8
023721,HAPPY VALLEY RESERVOIR E&WS,-35.06,138.56,170.0,2017,658.4
023721,HAPPY VALLEY RESERVOIR E&WS,-35.06,138.56,170.0,2018,515.2
023721,HAPPY VALLEY RESERVOIR E&WS,-35.06,138.56,170.0,2019,481.8
023721,HAPPY VALLEY RESERVOIR E&WS,-35.06,138.56,170.0,2020,609.8
023721,HAPPY VALLEY RESERVOIR E&WS,-35.06,138.56,170.0,2021,661.6
023721,HAPPY VALLEY RESERVOIR E&WS,-35.06,138.56,170.0,2022,718.6
023721,HAPPY VALLEY RESERVOIR E&WS,-35.06,138.56,170.0,2023,756.6
023721,HAPPY VALLEY RESERVOIR E&WS,-35.06,138.56,170.0,2024,462.6
023721,HAPPY VALLEY RESERVOIR E&WS,-35.06,138.56,170.0,2025,598.2
024501,AUSTRALIA PLAINS,-34.1,139.17,285.0,1891,171.2
024501,AUSTRALIA PLAINS,-34.1,139.17,285.0,1892,376.4
024501,AUSTRALIA PLAINS,-34.1,139.17,285.0,1893,353.0
024501,AUSTRALIA PLAINS,-34.1,139.17,285.0,1894,405.9
024501,AUSTRALIA PLAINS,-34.1,139.17,285.0,1895,197.5
024501,AUSTRALIA PLAINS,-34.1,139.17,285.0,1896,148.8
024501,AUSTRALIA PLAINS,-34.1,139.17,285.0,1897,209.8
024501,AUSTRALIA PLAINS,-34.1,139.17,285.0,1898,290.8
024501,AUSTRALIA PLAINS,-34.1,139.17,285.0,1899,204.4
024501,AUSTRALIA PLAINS,-34.1,139.17,285.0,1900,292.8
024501,AUSTRALIA PLAINS,-34.1,139.17,285.0,1901,155.0
024501,AUSTRALIA PLAINS,-34.1,139.17,285.0,1902,219.8
024501,AUSTRALIA PLAINS,-34.1,139.17,285.0,1903,398.9
024501,AUSTRALIA PLAINS,-34.1,139.17,285.0,1904,187.5
024501,AUSTRALIA PLAINS,-34.1,139.17,285.0,1905,311.6
024501,AUSTRALIA PLAINS,-34.1,139.17,285.0,1906,354.0
024501,AUSTRALIA PLAINS,-34.1,139.17,285.0,1907,282.9
024501,AUSTRALIA PLAINS,-34.1,139.17,285.0,1908,327.6
024501,AUSTRALIA PLAINS,-34.1,139.17,285.0,1909,248.4
024501,AUSTRALIA PLAINS,-34.1,139.17,285.0,1910,397.2
024501,AUSTRALIA PLAINS,-34.1,139.17,285.0,1911,202.0
024501,AUSTRALIA PLAINS,-34.1,139.17,285.0,1912,231.8
024501,AUSTRALIA PLAINS,-34.1,139.17,285.0,1913,255.3
024501,AUSTRALIA PLAINS,-34.1,139.17,285.0,1914,165.1
024501,AUSTRALIA PLAINS,-34.1,139.17,285.0,1915,297.6
024501,AUSTRALIA PLAINS,-34.1,139.17,285.0,1916,476.9
024501,AUSTRALIA PLAINS,-34.1,139.17,285.0,1917,428.0
024501,AUSTRALIA PLAINS,-34.1,139.17,285.0,1918,204.4
024501,AUSTRALIA PLAINS,-34.1,139.17,285.0,1919,213.6
024501,AUSTRALIA PLAINS,-34.1,139.17,285.0,1920,368.7
024501,AUSTRALIA PLAINS,-34.1,139.17,285.0,1921,398.5
024501,AUSTRALIA PLAINS,-34.1,139.17,285.0,1922,304.3
024501,AUSTRALIA PLAINS,-34.1,139.17,285.0,1923,332.8
024501,AUSTRALIA PLAINS,-34.1,139.17,285.0,1924,292.1
024501,AUSTRALIA PLAINS,-34.1,139.17,285.0,1925,227.7
024501,AUSTRALIA PLAINS,-34.1,139.17,285.0,1926,240.5
024501,AUSTRALIA PLAINS,-34.1,139.17,285.0,1927,172.5
024501,AUSTRALIA PLAINS,-34.1,139.17,285.0,1928,212.2
024501,AUSTRALIA PLAINS,-34.1,139.17,285.0,1929,219.5
024501,AUSTRALIA PLAINS,-34.1,139.17,285.0,1930,266.4
024501,AUSTRALIA PLAINS,-34.1,139.17,285.0,1931,304.1
024501,AUSTRALIA PLAINS,-34.1,139.17,285.0,1932,371.2
024501,AUSTRALIA PLAINS,-34.1,139.17,285.0,1933,234.5
024501,AUSTRALIA PLAINS,-34.1,139.17,285.0,1934,291.7
024501,AUSTRALIA PLAINS,-34.1,139.17,285.0,1935,237.8
024501,AUSTRALIA PLAINS,-34.1,139.17,285.0,1936,337.5
024501,AUSTRALIA PLAINS,-34.1,139.17,285.0,1937,487.8
024501,AUSTRALIA PLAINS,-34.1,139.17,285.0,1938,229.7
024501,AUSTRALIA PLAINS,-34.1,139.17,285.0,1939,302.3
024501,AUSTRALIA PLAINS,-34.1,139.17,285.0,1940,140.8
024501,AUSTRALIA PLAINS,-34.1,139.17,285.0,1941,400.0
024501,AUSTRALIA PLAINS,-34.1,139.17,285.0,1942,351.1
024501,AUSTRALIA PLAINS,-34.1,139.17,285.0,1943,272.4
024501,AUSTRALIA PLAINS,-34.1,139.17,285.0,1944,220.0
024501,AUSTRALIA PLAINS,-34.1,139.17,285.0,1945,247.2
024501,AUSTRALIA PLAINS,-34.1,139.17,285.0,1946,462.9
024501,AUSTRALIA PLAINS,-34.1,139.17,285.0,1947,415.3
024501,AUSTRALIA PLAINS,-34.1,139.17,285.0,1948,311.7
024501,AUSTRALIA PLAINS,-34.1,139.17,285.0,1949,222.6
024501,AUSTRALIA PLAINS,-34.1,139.17,285.0,1950,344.6
024501,AUSTRALIA PLAINS,-34.1,139.17,285.0,1951,342.5
024501,AUSTRALIA PLAINS,-34.1,139.17,285.0,1952,321.4
024501,AUSTRALIA PLAINS,-34.1,139.17,285.0,1953,203.9
024501,AUSTRALIA PLAINS,-34.1,139.17,285.0,1954,253.6
024501,AUSTRALIA PLAINS,-34.1,139.17,285.0,1955,341.3
024501,AUSTRALIA PLAINS,-34.1,139.17,285.0,1956,351.0
024501,AUSTRALIA PLAINS,-34.1,139.17,285.0,1957,150.5
024501,AUSTRALIA PLAINS,-34.1,139.17,285.0,1958,307.4
024501,AUSTRALIA PLAINS,-34.1,139.17,285.0,1959,159.3
024501,AUSTRALIA PLAINS,-34.1,139.17,285.0,1960,363.8
024501,AUSTRALIA PLAINS,-34.1,139.17,285.0,1961,304.9
024501,AUSTRALIA PLAINS,-34.1,139.17,285.0,1962,401.7
024501,AUSTRALIA PLAINS,-34.1,139.17,285.0,1963,365.4
024501,AUSTRALIA PLAINS,-34.1,139.17,285.0,1964,368.1
024501,AUSTRALIA PLAINS,-34.1,139.17,285.0,1965,209.1
024501,AUSTRALIA PLAINS,-34.1,139.17,285.0,1966,307.9
024501,AUSTRALIA PLAINS,-34.1,139.17,285.0,1967,125.5
024501,AUSTRALIA PLAINS,-34.1,139.17,285.0,1968,409.1
024501,AUSTRALIA PLAINS,-34.1,139.17,285.0,1969,327.4
024501,AUSTRALIA PLAINS,-34.1,139.17,285.0,1970,264.0
024501,AUSTRALIA PLAINS,-34.1,139.17,285.0,1971,360.2
024501,AUSTRALIA PLAINS,-34.1,139.17,285.0,1972,230.9
024501,AUSTRALIA PLAINS,-34.1,139.17,285.0,1973,559.3
024501,AUSTRALIA PLAINS,-34.1,139.17,285.0,1974,615.1
024501,AUSTRALIA PLAINS,-34.1,139.17,285.0,1975,278.9
024501,AUSTRALIA PLAINS,-34.1,139.17,285.0,1976,243.7
024501,AUSTRALIA PLAINS,-34.1,139.17,285.0,1977,255.6
024501,AUSTRALIA PLAINS,-34.1,139.17,285.0,1978,374.4
024501,AUSTRALIA PLAINS,-34.1,139.17,285.0,1979,444.4
024501,AUSTRALIA PLAINS,-34.1,139.17,285.0,1980,343.6
024501,AUSTRALIA PLAINS,-34.1,139.17,285.0,1981,291.0
024501,AUSTRALIA PLAINS,-34.1,139.17,285.0,1982,124.8
024501,AUSTRALIA PLAINS,-34.1,139.17,285.0,1983,383.3
024501,AUSTRALIA PLAINS,-34.1,139.17,285.0,1984,272.4
024501,AUSTRALIA PLAINS,-34.1,139.17,285.0,1985,272.3
024501,AUSTRALIA PLAINS,-34.1,139.17,285.0,1986,278.6
024501,AUSTRALIA PLAINS,-34.1,139.17,285.0,1987,315.2
024501,AUSTRALIA PLAINS,-34.1,139.17,285.0,1988,326.6
024501,AUSTRALIA PLAINS,-34.1,139.17,285.0,1989,339.0
024501,AUSTRALIA PLAINS,-34.1,139.17,285.0,1990,294.6
024501,AUSTRALIA PLAINS,-34.1,139.17,285.0,1991,272.2
024501,AUSTRALIA PLAINS,-34.1,139.17,285.0,1992,590.4
024501,AUSTRALIA PLAINS,-34.1,139.17,285.0,1993,426.8
024501,AUSTRALIA PLAINS,-34.1,139.17,285.0,1994,216.0
024501,AUSTRALIA PLAINS,-34.1,139.17,285.0,1995,350.8
024501,AUSTRALIA PLAINS,-34.1,139.17,285.0,1996,279.4
024501,AUSTRALIA PLAINS,-34.1,139.17,285.0,1997,384.8
024501,AUSTRALIA PLAINS,-34.1,139.17,285.0,1998,324.0
024501,AUSTRALIA PLAINS,-34.1,139.17,285.0,1999,326.2
024501,AUSTRALIA PLAINS,-34.1,139.17,285.0,2000,338.1
024501,AUSTRALIA PLAINS,-34.1,139.17,285.0,2001,314.2
024501,AUSTRALIA PLAINS,-34.1,139.17,285.0,2002,
024501,AUSTRALIA PLAINS,-34.1,139.17,285.0,2003,
024501,AUSTRALIA PLAINS,-34.1,139.17,285.0,2004,288.8
024501,AUSTRALIA PLAINS,-34.1,139.17,285.0,2005,393.4
024501,AUSTRALIA PLAINS,-34.1,139.17,285.0,2006,197.0
024501,AUSTRALIA PLAINS,-34.1,139.17,285.0,2007,370.4
024501,AUSTRALIA PLAINS,-34.1,139.17,285.0,2008,249.4
024501,AUSTRALIA PLAINS,-34.1,139.17,285.0,2009,300.2
024501,AUSTRALIA PLAINS,-34.1,139.17,285.0,2010,420.4
024501,AUSTRALIA PLAINS,-34.1,139.17,285.0,2011,373.2
024501,AUSTRALIA PLAINS,-34.1,139.17,285.0,2012,244.9
024501,AUSTRALIA PLAINS,-34.1,139.17,285.0,2013,287.1
024501,AUSTRALIA PLAINS,-34.1,139.17,285.0,2014,353.7
024501,AUSTRALIA PLAINS,-34.1,139.17,285.0,2015,284.3
024501,AUSTRALIA PLAINS,-34.1,139.17,285.0,2016,444.0
024501,AUSTRALIA PLAINS,-34.1,139.17,285.0,2017,255.6
024501,AUSTRALIA PLAINS,-34.1,139.17,285.0,2018,175.7
024501,AUSTRALIA PLAINS,-34.1,139.17,285.0,2019,163.8
024501,AUSTRALIA PLAINS,-34.1,139.17,285.0,2020,329.8
024501,AUSTRALIA PLAINS,-34.1,139.17,285.0,2021,286.4
024501,AUSTRALIA PLAINS,-34.1,139.17,285.0,2022,453.6
024501,AUSTRALIA PLAINS,-34.1,139.17,285.0,2023,231.2
024501,AUSTRALIA PLAINS,-34.1,139.17,285.0,2024,193.2
024501,AUSTRALIA PLAINS,-34.1,139.17,285.0,2025,250.7
024511,EUDUNDA,-34.18,139.08,415.0,1881,273.4
024511,EUDUNDA,-34.18,139.08,415.0,1882,242.6
024511,EUDUNDA,-34.18,139.08,415.0,1883,458.3
024511,EUDUNDA,-34.18,139.08,415.0,1884,440.9
024511,EUDUNDA,-34.18,139.08,415.0,1885,337.8
024511,EUDUNDA,-34.18,139.08,415.0,1886,396.4
024511,EUDUNDA,-34.18,139.08,415.0,1887,524.1
024511,EUDUNDA,-34.18,139.08,415.0,1888,313.5
024511,EUDUNDA,-34.18,139.08,415.0,1889,687.3
024511,EUDUNDA,-34.18,139.08,415.0,1890,775.4
024511,EUDUNDA,-34.18,139.08,415.0,1891,319.5
024511,EUDUNDA,-34.18,139.08,415.0,1892,474.3
024511,EUDUNDA,-34.18,139.08,415.0,1893,542.6
024511,EUDUNDA,-34.18,139.08,415.0,1894,509.7
024511,EUDUNDA,-34.18,139.08,415.0,1895,359.2
024511,EUDUNDA,-34.18,139.08,415.0,1896,331.2
024511,EUDUNDA,-34.18,139.08,415.0,1897,344.5
024511,EUDUNDA,-34.18,139.08,415.0,1898,468.0
024511,EUDUNDA,-34.18,139.08,415.0,1899,331.5
024511,EUDUNDA,-34.18,139.08,415.0,1900,516.1
024511,EUDUNDA,-34.18,139.08,415.0,1901,319.2
024511,EUDUNDA,-34.18,139.08,415.0,1902,347.1
024511,EUDUNDA,-34.18,139.08,415.0,1903,580.9
024511,EUDUNDA,-34.18,139.08,415.0,1904,309.5
024511,EUDUNDA,-34.18,139.08,415.0,1905,442.1
024511,EUDUNDA,-34.18,139.08,415.0,1906,480.0
024511,EUDUNDA,-34.18,139.08,415.0,1907,450.7
024511,EUDUNDA,-34.18,139.08,415.0,1908,485.6
024511,EUDUNDA,-34.18,139.08,415.0,1909,520.4
024511,EUDUNDA,-34.18,139.08,415.0,1910,707.9
024511,EUDUNDA,-34.18,139.08,415.0,1911,391.6
024511,EUDUNDA,-34.18,139.08,415.0,1912,422.6
024511,EUDUNDA,-34.18,139.08,415.0,1913,437.4
024511,EUDUNDA,-34.18,139.08,415.0,1914,239.3
024511,EUDUNDA,-34.18,139.08,415.0,1915,509.3
024511,EUDUNDA,-34.18,139.08,415.0,1916,662.5
024511,EUDUNDA,-34.18,139.08,415.0,1917,609.8
024511,EUDUNDA,-34.18,139.08,415.0,1918,368.3
024511,EUDUNDA,-34.18,139.08,415.0,1919,345.8
024511,EUDUNDA,-34.18,139.08,415.0,1920,525.6
024511,EUDUNDA,-34.18,139.08,415.0,1921,481.2
024511,EUDUNDA,-34.18,139.08,415.0,1922,413.3
024511,EUDUNDA,-34.18,139.08,415.0,1923,471.8
024511,EUDUNDA,-34.18,139.08,415.0,1924,402.2
024511,EUDUNDA,-34.18,139.08,415.0,1925,329.5
024511,EUDUNDA,-34.18,139.08,415.0,1926,328.6
024511,EUDUNDA,-34.18,139.08,415.0,1927,374.0
024511,EUDUNDA,-34.18,139.08,415.0,1928,377.7
024511,EUDUNDA,-34.18,139.08,415.0,1929,364.3
024511,EUDUNDA,-34.18,139.08,415.0,1930,426.8
024511,EUDUNDA,-34.18,139.08,415.0,1931,420.3
024511,EUDUNDA,-34.18,139.08,415.0,1932,527.7
024511,EUDUNDA,-34.18,139.08,415.0,1933,414.7
024511,EUDUNDA,-34.18,139.08,415.0,1934,408.1
024511,EUDUNDA,-34.18,139.08,415.0,1935,410.7
024511,EUDUNDA,-34.18,139.08,415.0,1936,475.3
024511,EUDUNDA,-34.18,139.08,415.0,1937,625.6
024511,EUDUNDA,-34.18,139.08,415.0,1938,333.1
024511,EUDUNDA,-34.18,139.08,415.0,1939,417.2
024511,EUDUNDA,-34.18,139.08,415.0,1940,225.2
024511,EUDUNDA,-34.18,139.08,415.0,1941,437.3
024511,EUDUNDA,-34.18,139.08,415.0,1942,438.3
024511,EUDUNDA,-34.18,139.08,415.0,1943,329.6
024511,EUDUNDA,-34.18,139.08,415.0,1944,281.1
024511,EUDUNDA,-34.18,139.08,415.0,1945,363.1
024511,EUDUNDA,-34.18,139.08,415.0,1946,599.5
024511,EUDUNDA,-34.18,139.08,415.0,1947,510.1
024511,EUDUNDA,-34.18,139.08,415.0,1948,457.4
024511,EUDUNDA,-34.18,139.08,415.0,1949,339.4
024511,EUDUNDA,-34.18,139.08,415.0,1950,420.3
024511,EUDUNDA,-34.18,139.08,415.0,1951,530.0
024511,EUDUNDA,-34.18,139.08,415.0,1952,487.5
024511,EUDUNDA,-34.18,139.08,415.0,1953,378.4
024511,EUDUNDA,-34.18,139.08,415.0,1954,330.8
024511,EUDUNDA,-34.18,139.08,415.0,1955,615.0
024511,EUDUNDA,-34.18,139.08,415.0,1956,579.7
024511,EUDUNDA,-34.18,139.08,415.0,1957,249.4
024511,EUDUNDA,-34.18,139.08,415.0,1958,466.8
024511,EUDUNDA,-34.18,139.08,415.0,1959,265.9
024511,EUDUNDA,-34.18,139.08,415.0,1960,550.0
024511,EUDUNDA,-34.18,139.08,415.0,1961,492.5
024511,EUDUNDA,-34.18,139.08,415.0,1962,468.5
024511,EUDUNDA,-34.18,139.08,415.0,1963,585.1
024511,EUDUNDA,-34.18,139.08,415.0,1964,582.1
024511,EUDUNDA,-34.18,139.08,415.0,1965,316.2
024511,EUDUNDA,-34.18,139.08,415.0,1966,441.7
024511,EUDUNDA,-34.18,139.08,415.0,1967,193.4
024511,EUDUNDA,-34.18,139.08,415.0,1968,676.2
024511,EUDUNDA,-34.18,139.08,415.0,1969,450.2
024511,EUDUNDA,-34.18,139.08,415.0,1970,441.6
024511,EUDUNDA,-34.18,139.08,415.0,1971,539.3
024511,EUDUNDA,-34.18,139.08,415.0,1972,371.0
024511,EUDUNDA,-34.18,139.08,415.0,1973,665.1
024511,EUDUNDA,-34.18,139.08,415.0,1974,809.5
024511,EUDUNDA,-34.18,139.08,415.0,1975,413.2
024511,EUDUNDA,-34.18,139.08,415.0,1976,365.4
024511,EUDUNDA,-34.18,139.08,415.0,1977,328.8
024511,EUDUNDA,-34.18,139.08,415.0,1978,496.2
024511,EUDUNDA,-34.18,139.08,415.0,1979,551.4
024511,EUDUNDA,-34.18,139.08,415.0,1980,438.6
024511,EUDUNDA,-34.18,139.08,415.0,1981,476.3
024511,EUDUNDA,-34.18,139.08,415.0,1982,220.5
024511,EUDUNDA,-34.18,139.08,415.0,1983,527.9
024511,EUDUNDA,-34.18,139.08,415.0,1984,412.1
024511,EUDUNDA,-34.18,139.08,415.0,1985,430.8
024511,EUDUNDA,-34.18,139.08,415.0,1986,440.4
024511,EUDUNDA,-34.18,139.08,415.0,1987,426.4
024511,EUDUNDA,-34.18,139.08,415.0,1988,456.0
024511,EUDUNDA,-34.18,139.08,415.0,1989,494.3
024511,EUDUNDA,-34.18,139.08,415.0,1990,474.9
024511,EUDUNDA,-34.18,139.08,415.0,1991,434.8
024511,EUDUNDA,-34.18,139.08,415.0,1992,817.8
024511,EUDUNDA,-34.18,139.08,415.0,1993,479.0
024511,EUDUNDA,-34.18,139.08,415.0,1994,363.2
024511,EUDUNDA,-34.18,139.08,415.0,1995,515.6
024511,EUDUNDA,-34.18,139.08,415.0,1996,471.4
024511,EUDUNDA,-34.18,139.08,415.0,1997,457.0
024511,EUDUNDA,-34.18,139.08,415.0,1998,444.6
024511,EUDUNDA,-34.18,139.08,415.0,1999,461.7
024511,EUDUNDA,-34.18,139.08,415.0,2000,548.3
024511,EUDUNDA,-34.18,139.08,415.0,2001,499.8
024511,EUDUNDA,-34.18,139.08,415.0,2002,298.7
024511,EUDUNDA,-34.18,139.08,415.0,2003,491.8
024511,EUDUNDA,-34.18,139.08,415.0,2004,441.0
024511,EUDUNDA,-34.18,139.08,415.0,2005,560.8
024511,EUDUNDA,-34.18,139.08,415.0,2006,330.5
024511,EUDUNDA,-34.18,139.08,415.0,2007,482.3
024511,EUDUNDA,-34.18,139.08,415.0,2008,385.4
024511,EUDUNDA,-34.18,139.08,415.0,2009,463.7
024511,EUDUNDA,-34.18,139.08,415.0,2010,560.0
024511,EUDUNDA,-34.18,139.08,415.0,2011,594.0
024511,EUDUNDA,-34.18,139.08,415.0,2012,324.2
024511,EUDUNDA,-34.18,139.08,415.0,2013,423.8
024511,EUDUNDA,-34.18,139.08,415.0,2014,508.9
024511,EUDUNDA,-34.18,139.08,415.0,2015,403.4
024511,EUDUNDA,-34.18,139.08,415.0,2016,642.8
024511,EUDUNDA,-34.18,139.08,415.0,2017,408.2
024511,EUDUNDA,-34.18,139.08,415.0,2018,305.0
024511,EUDUNDA,-34.18,139.08,415.0,2019,232.2
024511,EUDUNDA,-34.18,139.08,415.0,2020,430.7
024511,EUDUNDA,-34.18,139.08,415.0,2021,448.0
024511,EUDUNDA,-34.18,139.08,415.0,2022,562.1
024511,EUDUNDA,-34.18,139.08,415.0,2023,343.0
024511,EUDUNDA,-34.18,139.08,415.0,2024,242.4
024511,EUDUNDA,-34.18,139.08,415.0,2025,299.6
024515,LANGHORNE CREEK,-35.3,139.03,18.0,1890,545.6
024515,LANGHORNE CREEK,-35.3,139.03,18.0,1891,312.6
024515,LANGHORNE CREEK,-35.3,139.03,18.0,1892,398.5
024515,LANGHORNE CREEK,-35.3,139.03,18.0,1893,502.8
024515,LANGHORNE CREEK,-35.3,139.03,18.0,1894,502.3
024515,LANGHORNE CREEK,-35.3,139.03,18.0,1895,442.1
024515,LANGHORNE CREEK,-35.3,139.03,18.0,1896,284.8
024515,LANGHORNE CREEK,-35.3,139.03,18.0,1897,337.8
024515,LANGHORNE CREEK,-35.3,139.03,18.0,1898,382.7
024515,LANGHORNE CREEK,-35.3,139.03,18.0,1899,348.2
024515,LANGHORNE CREEK,-35.3,139.03,18.0,1900,366.5
024515,LANGHORNE CREEK,-35.3,139.03,18.0,1901,368.4
024515,LANGHORNE CREEK,-35.3,139.03,18.0,1902,290.7
024515,LANGHORNE CREEK,-35.3,139.03,18.0,1903,415.1
024515,LANGHORNE CREEK,-35.3,139.03,18.0,1904,299.9
024515,LANGHORNE CREEK,-35.3,139.03,18.0,1905,350.8
024515,LANGHORNE CREEK,-35.3,139.03,18.0,1906,495.0
024515,LANGHORNE CREEK,-35.3,139.03,18.0,1907,316.3
024515,LANGHORNE CREEK,-35.3,139.03,18.0,1908,374.2
024515,LANGHORNE CREEK,-35.3,139.03,18.0,1909,501.8
024515,LANGHORNE CREEK,-35.3,139.03,18.0,1910,495.8
024515,LANGHORNE CREEK,-35.3,139.03,18.0,1911,326.9
024515,LANGHORNE CREEK,-35.3,139.03,18.0,1912,272.8
024515,LANGHORNE CREEK,-35.3,139.03,18.0,1913,325.0
024515,LANGHORNE CREEK,-35.3,139.03,18.0,1914,233.8
024515,LANGHORNE CREEK,-35.3,139.03,18.0,1915,248.3
024515,LANGHORNE CREEK,-35.3,139.03,18.0,1916,402.3
024515,LANGHORNE CREEK,-35.3,139.03,18.0,1917,407.1
024515,LANGHORNE CREEK,-35.3,139.03,18.0,1918,215.7
024515,LANGHORNE CREEK,-35.3,139.03,18.0,1919,330.4
024515,LANGHORNE CREEK,-35.3,139.03,18.0,1920,375.3
024515,LANGHORNE CREEK,-35.3,139.03,18.0,1921,425.2
024515,LANGHORNE CREEK,-35.3,139.03,18.0,1922,500.4
024515,LANGHORNE CREEK,-35.3,139.03,18.0,1923,473.0
024515,LANGHORNE CREEK,-35.3,139.03,18.0,1924,418.2
024515,LANGHORNE CREEK,-35.3,139.03,18.0,1925,396.6
024515,LANGHORNE CREEK,-35.3,139.03,18.0,1926,346.3
024515,LANGHORNE CREEK,-35.3,139.03,18.0,1927,340.5
024515,LANGHORNE CREEK,-35.3,139.03,18.0,1928,334.5
024515,LANGHORNE CREEK,-35.3,139.03,18.0,1929,354.5
024515,LANGHORNE CREEK,-35.3,139.03,18.0,1930,337.1
024515,LANGHORNE CREEK,-35.3,139.03,18.0,1931,366.0
024515,LANGHORNE CREEK,-35.3,139.03,18.0,1932,528.6
024515,LANGHORNE CREEK,-35.3,139.03,18.0,1933,347.6
024515,LANGHORNE CREEK,-35.3,139.03,18.0,1934,421.5
024515,LANGHORNE CREEK,-35.3,139.03,18.0,1935,404.3
024515,LANGHORNE CREEK,-35.3,139.03,18.0,1936,447.3
024515,LANGHORNE CREEK,-35.3,139.03,18.0,1937,424.7
024515,LANGHORNE CREEK,-35.3,139.03,18.0,1938,292.5
024515,LANGHORNE CREEK,-35.3,139.03,18.0,1939,523.7
024515,LANGHORNE CREEK,-35.3,139.03,18.0,1940,267.7
024515,LANGHORNE CREEK,-35.3,139.03,18.0,1941,460.6
024515,LANGHORNE CREEK,-35.3,139.03,18.0,1942,562.6
024515,LANGHORNE CREEK,-35.3,139.03,18.0,1943,369.0
024515,LANGHORNE CREEK,-35.3,139.03,18.0,1944,257.4
024515,LANGHORNE CREEK,-35.3,139.03,18.0,1945,437.3
024515,LANGHORNE CREEK,-35.3,139.03,18.0,1946,639.4
024515,LANGHORNE CREEK,-35.3,139.03,18.0,1947,517.2
024515,LANGHORNE CREEK,-35.3,139.03,18.0,1948,401.6
024515,LANGHORNE CREEK,-35.3,139.03,18.0,1949,405.3
024515,LANGHORNE CREEK,-35.3,139.03,18.0,1950,384.4
024515,LANGHORNE CREEK,-35.3,139.03,18.0,1951,502.7
024515,LANGHORNE CREEK,-35.3,139.03,18.0,1952,391.0
024515,LANGHORNE CREEK,-35.3,139.03,18.0,1953,375.1
024515,LANGHORNE CREEK,-35.3,139.03,18.0,1954,338.3
024515,LANGHORNE CREEK,-35.3,139.03,18.0,1955,542.9
024515,LANGHORNE CREEK,-35.3,139.03,18.0,1956,455.8
024515,LANGHORNE CREEK,-35.3,139.03,18.0,1957,237.2
024515,LANGHORNE CREEK,-35.3,139.03,18.0,1958,403.8
024515,LANGHORNE CREEK,-35.3,139.03,18.0,1959,349.5
024515,LANGHORNE CREEK,-35.3,139.03,18.0,1960,453.1
024515,LANGHORNE CREEK,-35.3,139.03,18.0,1961,304.6
024515,LANGHORNE CREEK,-35.3,139.03,18.0,1962,335.2
024515,LANGHORNE CREEK,-35.3,139.03,18.0,1963,448.8
024515,LANGHORNE CREEK,-35.3,139.03,18.0,1964,452.2
024515,LANGHORNE CREEK,-35.3,139.03,18.0,1965,307.6
024515,LANGHORNE CREEK,-35.3,139.03,18.0,1966,374.1
024515,LANGHORNE CREEK,-35.3,139.03,18.0,1967,202.0
024515,LANGHORNE CREEK,-35.3,139.03,18.0,1968,454.9
024515,LANGHORNE CREEK,-35.3,139.03,18.0,1969,460.2
024515,LANGHORNE CREEK,-35.3,139.03,18.0,1970,450.2
024515,LANGHORNE CREEK,-35.3,139.03,18.0,1971,456.2
024515,LANGHORNE CREEK,-35.3,139.03,18.0,1972,320.7
024515,LANGHORNE CREEK,-35.3,139.03,18.0,1973,407.5
024515,LANGHORNE CREEK,-35.3,139.03,18.0,1974,570.3
024515,LANGHORNE CREEK,-35.3,139.03,18.0,1975,361.8
024515,LANGHORNE CREEK,-35.3,139.03,18.0,1976,369.5
024515,LANGHORNE CREEK,-35.3,139.03,18.0,1977,287.8
024515,LANGHORNE CREEK,-35.3,139.03,18.0,1978,457.1
024515,LANGHORNE CREEK,-35.3,139.03,18.0,1979,407.5
024515,LANGHORNE CREEK,-35.3,139.03,18.0,1980,330.2
024515,LANGHORNE CREEK,-35.3,139.03,18.0,1981,382.0
024515,LANGHORNE CREEK,-35.3,139.03,18.0,1982,250.4
024515,LANGHORNE CREEK,-35.3,139.03,18.0,1983,480.9
024515,LANGHORNE CREEK,-35.3,139.03,18.0,1984,374.0
024515,LANGHORNE CREEK,-35.3,139.03,18.0,1985,439.8
024515,LANGHORNE CREEK,-35.3,139.03,18.0,1986,386.9
024515,LANGHORNE CREEK,-35.3,139.03,18.0,1987,419.6
024515,LANGHORNE CREEK,-35.3,139.03,18.0,1988,331.2
024515,LANGHORNE CREEK,-35.3,139.03,18.0,1989,410.0
024515,LANGHORNE CREEK,-35.3,139.03,18.0,1990,402.2
024515,LANGHORNE CREEK,-35.3,139.03,18.0,1991,336.8
024515,LANGHORNE CREEK,-35.3,139.03,18.0,1992,623.4
024515,LANGHORNE CREEK,-35.3,139.03,18.0,1993,358.8
024515,LANGHORNE CREEK,-35.3,139.03,18.0,1994,290.2
024515,LANGHORNE CREEK,-35.3,139.03,18.0,1995,309.8
024515,LANGHORNE CREEK,-35.3,139.03,18.0,1996,415.4
024515,LANGHORNE CREEK,-35.3,139.03,18.0,1997,368.2
024515,LANGHORNE CREEK,-35.3,139.03,18.0,1998,353.8
024515,LANGHORNE CREEK,-35.3,139.03,18.0,1999,288.2
024515,LANGHORNE CREEK,-35.3,139.03,18.0,2000,447.0
024515,LANGHORNE CREEK,-35.3,139.03,18.0,2001,383.6
024515,LANGHORNE CREEK,-35.3,139.03,18.0,2002,253.8
024515,LANGHORNE CREEK,-35.3,139.03,18.0,2003,435.6
024515,LANGHORNE CREEK,-35.3,139.03,18.0,2004,332.3
024515,LANGHORNE CREEK,-35.3,139.03,18.0,2005,474.6
024515,LANGHORNE CREEK,-35.3,139.03,18.0,2006,253.3
024515,LANGHORNE CREEK,-35.3,139.03,18.0,2007,323.2
024515,LANGHORNE CREEK,-35.3,139.03,18.0,2008,328.4
024515,LANGHORNE CREEK,-35.3,139.03,18.0,2009,358.8
024515,LANGHORNE CREEK,-35.3,139.03,18.0,2010,484.4
024515,LANGHORNE CREEK,-35.3,139.03,18.0,2011,413.4
024515,LANGHORNE CREEK,-35.3,139.03,18.0,2012,443.5
024515,LANGHORNE CREEK,-35.3,139.03,18.0,2013,394.6
024515,LANGHORNE CREEK,-35.3,139.03,18.0,2014,309.6
024515,LANGHORNE CREEK,-35.3,139.03,18.0,2015,405.2
024515,LANGHORNE CREEK,-35.3,139.03,18.0,2016,486.0
024515,LANGHORNE CREEK,-35.3,139.03,18.0,2017,409.0
024515,LANGHORNE CREEK,-35.3,139.03,18.0,2018,264.2
024515,LANGHORNE CREEK,-35.3,139.03,18.0,2019,
024515,LANGHORNE CREEK,-35.3,139.03,18.0,2020,518.3
024515,LANGHORNE CREEK,-35.3,139.03,18.0,2021,374.0
024515,LANGHORNE CREEK,-35.3,139.03,18.0,2022,487.4
024515,LANGHORNE CREEK,-35.3,139.03,18.0,2023,465.1
024515,LANGHORNE CREEK,-35.3,139.03,18.0,2024,260.2
024515,LANGHORNE CREEK,-35.3,139.03,18.0,2025,272.6
024521,MURRAY BRIDGE,-35.12,139.27,15.0,1886,232.0
024521,MURRAY BRIDGE,-35.12,139.27,15.0,1887,381.2
024521,MURRAY BRIDGE,-35.12,139.27,15.0,1888,265.4
024521,MURRAY BRIDGE,-35.12,139.27,15.0,1889,524.8
024521,MURRAY BRIDGE,-35.12,139.27,15.0,1890,477.4
024521,MURRAY BRIDGE,-35.12,139.27,15.0,1891,227.6
024521,MURRAY BRIDGE,-35.12,139.27,15.0,1892,314.7
024521,MURRAY BRIDGE,-35.12,139.27,15.0,1893,480.8
024521,MURRAY BRIDGE,-35.12,139.27,15.0,1894,463.1
024521,MURRAY BRIDGE,-35.12,139.27,15.0,1895,311.5
024521,MURRAY BRIDGE,-35.12,139.27,15.0,1896,275.9
024521,MURRAY BRIDGE,-35.12,139.27,15.0,1897,289.9
024521,MURRAY BRIDGE,-35.12,139.27,15.0,1898,333.3
024521,MURRAY BRIDGE,-35.12,139.27,15.0,1899,358.4
024521,MURRAY BRIDGE,-35.12,139.27,15.0,1900,351.8
024521,MURRAY BRIDGE,-35.12,139.27,15.0,1901,358.0
024521,MURRAY BRIDGE,-35.12,139.27,15.0,1902,314.8
024521,MURRAY BRIDGE,-35.12,139.27,15.0,1903,402.3
024521,MURRAY BRIDGE,-35.12,139.27,15.0,1904,279.5
024521,MURRAY BRIDGE,-35.12,139.27,15.0,1905,399.5
024521,MURRAY BRIDGE,-35.12,139.27,15.0,1906,472.2
024521,MURRAY BRIDGE,-35.12,139.27,15.0,1907,345.9
024521,MURRAY BRIDGE,-35.12,139.27,15.0,1908,365.2
024521,MURRAY BRIDGE,-35.12,139.27,15.0,1909,515.1
024521,MURRAY BRIDGE,-35.12,139.27,15.0,1910,546.4
024521,MURRAY BRIDGE,-35.12,139.27,15.0,1911,268.4
024521,MURRAY BRIDGE,-35.12,139.27,15.0,1912,275.9
024521,MURRAY BRIDGE,-35.12,139.27,15.0,1913,437.7
024521,MURRAY BRIDGE,-35.12,139.27,15.0,1914,183.4
024521,MURRAY BRIDGE,-35.12,139.27,15.0,1915,250.0
024521,MURRAY BRIDGE,-35.12,139.27,15.0,1916,403.3
024521,MURRAY BRIDGE,-35.12,139.27,15.0,1917,406.2
024521,MURRAY BRIDGE,-35.12,139.27,15.0,1918,224.6
024521,MURRAY BRIDGE,-35.12,139.27,15.0,1919,268.3
024521,MURRAY BRIDGE,-35.12,139.27,15.0,1920,308.7
024521,MURRAY BRIDGE,-35.12,139.27,15.0,1921,437.9
024521,MURRAY BRIDGE,-35.12,139.27,15.0,1922,368.3
024521,MURRAY BRIDGE,-35.12,139.27,15.0,1923,388.8
024521,MURRAY BRIDGE,-35.12,139.27,15.0,1924,406.7
024521,MURRAY BRIDGE,-35.12,139.27,15.0,1925,350.5
024521,MURRAY BRIDGE,-35.12,139.27,15.0,1926,275.8
024521,MURRAY BRIDGE,-35.12,139.27,15.0,1927,256.0
024521,MURRAY BRIDGE,-35.12,139.27,15.0,1928,335.7
024521,MURRAY BRIDGE,-35.12,139.27,15.0,1929,267.9
024521,MURRAY BRIDGE,-35.12,139.27,15.0,1930,252.6
024521,MURRAY BRIDGE,-35.12,139.27,15.0,1931,252.0
024521,MURRAY BRIDGE,-35.12,139.27,15.0,1932,404.8
024521,MURRAY BRIDGE,-35.12,139.27,15.0,1933,239.9
024521,MURRAY BRIDGE,-35.12,139.27,15.0,1934,291.4
024521,MURRAY BRIDGE,-35.12,139.27,15.0,1935,310.4
024521,MURRAY BRIDGE,-35.12,139.27,15.0,1936,369.8
024521,MURRAY BRIDGE,-35.12,139.27,15.0,1937,296.9
024521,MURRAY BRIDGE,-35.12,139.27,15.0,1938,211.1
024521,MURRAY BRIDGE,-35.12,139.27,15.0,1939,354.3
024521,MURRAY BRIDGE,-35.12,139.27,15.0,1940,228.4
024521,MURRAY BRIDGE,-35.12,139.27,15.0,1941,514.2
024521,MURRAY BRIDGE,-35.12,139.27,15.0,1942,443.5
024521,MURRAY BRIDGE,-35.12,139.27,15.0,1943,299.4
024521,MURRAY BRIDGE,-35.12,139.27,15.0,1944,184.4
024521,MURRAY BRIDGE,-35.12,139.27,15.0,1945,376.2
024521,MURRAY BRIDGE,-35.12,139.27,15.0,1946,534.6
024521,MURRAY BRIDGE,-35.12,139.27,15.0,1947,417.6
024521,MURRAY BRIDGE,-35.12,139.27,15.0,1948,326.8
024521,MURRAY BRIDGE,-35.12,139.27,15.0,1949,262.5
024521,MURRAY BRIDGE,-35.12,139.27,15.0,1950,273.0
024521,MURRAY BRIDGE,-35.12,139.27,15.0,1951,375.2
024521,MURRAY BRIDGE,-35.12,139.27,15.0,1952,368.5
024521,MURRAY BRIDGE,-35.12,139.27,15.0,1953,292.7
024521,MURRAY BRIDGE,-35.12,139.27,15.0,1954,288.3
024521,MURRAY BRIDGE,-35.12,139.27,15.0,1955,530.1
024521,MURRAY BRIDGE,-35.12,139.27,15.0,1956,305.9
024521,MURRAY BRIDGE,-35.12,139.27,15.0,1957,186.5
024521,MURRAY BRIDGE,-35.12,139.27,15.0,1958,337.9
024521,MURRAY BRIDGE,-35.12,139.27,15.0,1959,259.8
024521,MURRAY BRIDGE,-35.12,139.27,15.0,1960,404.9
024521,MURRAY BRIDGE,-35.12,139.27,15.0,1961,277.5
024521,MURRAY BRIDGE,-35.12,139.27,15.0,1962,315.3
024521,MURRAY BRIDGE,-35.12,139.27,15.0,1963,422.4
024521,MURRAY BRIDGE,-35.12,139.27,15.0,1964,390.0
024521,MURRAY BRIDGE,-35.12,139.27,15.0,1965,253.3
024521,MURRAY BRIDGE,-35.12,139.27,15.0,1966,332.9
024521,MURRAY BRIDGE,-35.12,139.27,15.0,1967,136.4
024521,MURRAY BRIDGE,-35.12,139.27,15.0,1968,382.1
024521,MURRAY BRIDGE,-35.12,139.27,15.0,1969,435.4
024521,MURRAY BRIDGE,-35.12,139.27,15.0,1970,380.8
024521,MURRAY BRIDGE,-35.12,139.27,15.0,1971,313.1
024521,MURRAY BRIDGE,-35.12,139.27,15.0,1972,284.8
024521,MURRAY BRIDGE,-35.12,139.27,15.0,1973,446.1
024521,MURRAY BRIDGE,-35.12,139.27,15.0,1974,675.4
024521,MURRAY BRIDGE,-35.12,139.27,15.0,1975,340.9
024521,MURRAY BRIDGE,-35.12,139.27,15.0,1976,275.6
024521,MURRAY BRIDGE,-35.12,139.27,15.0,1977,302.6
024521,MURRAY BRIDGE,-35.12,139.27,15.0,1978,368.3
024521,MURRAY BRIDGE,-35.12,139.27,15.0,1979,389.4
024521,MURRAY BRIDGE,-35.12,139.27,15.0,1980,326.3
024521,MURRAY BRIDGE,-35.12,139.27,15.0,1981,338.2
024521,MURRAY BRIDGE,-35.12,139.27,15.0,1982,196.2
024521,MURRAY BRIDGE,-35.12,139.27,15.0,1983,490.2
024521,MURRAY BRIDGE,-35.12,139.27,15.0,1984,360.0
024521,MURRAY BRIDGE,-35.12,139.27,15.0,1985,381.8
024521,MURRAY BRIDGE,-35.12,139.27,15.0,1986,362.0
024521,MURRAY BRIDGE,-35.12,139.27,15.0,1987,383.6
024521,MURRAY BRIDGE,-35.12,139.27,15.0,1988,329.3
024521,MURRAY BRIDGE,-35.12,139.27,15.0,1989,365.6
024521,MURRAY BRIDGE,-35.12,139.27,15.0,1990,342.0
024521,MURRAY BRIDGE,-35.12,139.27,15.0,1991,323.0
024521,MURRAY BRIDGE,-35.12,139.27,15.0,1992,621.9
024521,MURRAY BRIDGE,-35.12,139.27,15.0,1993,349.1
024521,MURRAY BRIDGE,-35.12,139.27,15.0,1994,258.5
024521,MURRAY BRIDGE,-35.12,139.27,15.0,1995,320.6
024521,MURRAY BRIDGE,-35.12,139.27,15.0,1996,364.4
024521,MURRAY BRIDGE,-35.12,139.27,15.0,1997,378.1
024521,MURRAY BRIDGE,-35.12,139.27,15.0,1998,350.0
024521,MURRAY BRIDGE,-35.12,139.27,15.0,1999,334.0
024521,MURRAY BRIDGE,-35.12,139.27,15.0,2000,434.7
024521,MURRAY BRIDGE,-35.12,139.27,15.0,2001,368.0
024521,MURRAY BRIDGE,-35.12,139.27,15.0,2002,269.6
024521,MURRAY BRIDGE,-35.12,139.27,15.0,2003,403.1
024521,MURRAY BRIDGE,-35.12,139.27,15.0,2004,375.4
024521,MURRAY BRIDGE,-35.12,139.27,15.0,2005,498.7
024521,MURRAY BRIDGE,-35.12,139.27,15.0,2006,241.2
024521,MURRAY BRIDGE,-35.12,139.27,15.0,2007,328.5
024521,MURRAY BRIDGE,-35.12,139.27,15.0,2008,271.5
024521,MURRAY BRIDGE,-35.12,139.27,15.0,2009,345.8
024521,MURRAY BRIDGE,-35.12,139.27,15.0,2010,512.5
024521,MURRAY BRIDGE,-35.12,139.27,15.0,2011,433.7
024521,MURRAY BRIDGE,-35.12,139.27,15.0,2012,428.4
024521,MURRAY BRIDGE,-35.12,139.27,15.0,2013,346.1
024521,MURRAY BRIDGE,-35.12,139.27,15.0,2014,344.1
024521,MURRAY BRIDGE,-35.12,139.27,15.0,2015,332.0
024521,MURRAY BRIDGE,-35.12,139.27,15.0,2016,452.5
024521,MURRAY BRIDGE,-35.12,139.27,15.0,2017,360.4
024521,MURRAY BRIDGE,-35.12,139.27,15.0,2018,215.3
024521,MURRAY BRIDGE,-35.12,139.27,15.0,2019,221.7
024521,MURRAY BRIDGE,-35.12,139.27,15.0,2020,334.4
024521,MURRAY BRIDGE,-35.12,139.27,15.0,2021,351.6
024521,MURRAY BRIDGE,-35.12,139.27,15.0,2022,429.8
024521,MURRAY BRIDGE,-35.12,139.27,15.0,2023,377.3
024521,MURRAY BRIDGE,-35.12,139.27,15.0,2024,176.3
024521,MURRAY BRIDGE,-35.12,139.27,15.0,2025,242.1
024535,SWAN REACH,-34.57,139.6,24.0,1899,259.2
024535,SWAN REACH,-34.57,139.6,24.0,1900,268.6
024535,SWAN REACH,-34.57,139.6,24.0,1901,145.9
024535,SWAN REACH,-34.57,139.6,24.0,1902,210.7
024535,SWAN REACH,-34.57,139.6,24.0,1903,381.2
024535,SWAN REACH,-34.57,139.6,24.0,1904,217.2
024535,SWAN REACH,-34.57,139.6,24.0,1905,278.2
024535,SWAN REACH,-34.57,139.6,24.0,1906,358.3
024535,SWAN REACH,-34.57,139.6,24.0,1907,250.1
024535,SWAN REACH,-34.57,139.6,24.0,1908,319.5
024535,SWAN REACH,-34.57,139.6,24.0,1909,279.1
024535,SWAN REACH,-34.57,139.6,24.0,1910,416.8
024535,SWAN REACH,-34.57,139.6,24.0,1911,229.8
024535,SWAN REACH,-34.57,139.6,24.0,1912,256.3
024535,SWAN REACH,-34.57,139.6,24.0,1913,253.4
024535,SWAN REACH,-34.57,139.6,24.0,1914,177.7
024535,SWAN REACH,-34.57,139.6,24.0,1915,244.7
024535,SWAN REACH,-34.57,139.6,24.0,1916,400.3
024535,SWAN REACH,-34.57,139.6,24.0,1917,337.1
024535,SWAN REACH,-34.57,139.6,24.0,1918,206.3
024535,SWAN REACH,-34.57,139.6,24.0,1919,235.6
024535,SWAN REACH,-34.57,139.6,24.0,1920,325.0
024535,SWAN REACH,-34.57,139.6,24.0,1921,432.3
024535,SWAN REACH,-34.57,139.6,24.0,1922,264.5
024535,SWAN REACH,-34.57,139.6,24.0,1923,272.4
024535,SWAN REACH,-34.57,139.6,24.0,1924,323.8
024535,SWAN REACH,-34.57,139.6,24.0,1925,249.9
024535,SWAN REACH,-34.57,139.6,24.0,1926,223.7
024535,SWAN REACH,-34.57,139.6,24.0,1927,152.4
024535,SWAN REACH,-34.57,139.6,24.0,1928,240.6
024535,SWAN REACH,-34.57,139.6,24.0,1929,177.5
024535,SWAN REACH,-34.57,139.6,24.0,1930,243.3
024535,SWAN REACH,-34.57,139.6,24.0,1931,257.7
024535,SWAN REACH,-34.57,139.6,24.0,1932,283.8
024535,SWAN REACH,-34.57,139.6,24.0,1933,291.1
024535,SWAN REACH,-34.57,139.6,24.0,1934,278.2
024535,SWAN REACH,-34.57,139.6,24.0,1935,247.0
024535,SWAN REACH,-34.57,139.6,24.0,1936,252.3
024535,SWAN REACH,-34.57,139.6,24.0,1937,301.5
024535,SWAN REACH,-34.57,139.6,24.0,1938,181.4
024535,SWAN REACH,-34.57,139.6,24.0,1939,256.3
024535,SWAN REACH,-34.57,139.6,24.0,1940,141.2
024535,SWAN REACH,-34.57,139.6,24.0,1941,397.9
024535,SWAN REACH,-34.57,139.6,24.0,1942,362.6
024535,SWAN REACH,-34.57,139.6,24.0,1943,180.2
024535,SWAN REACH,-34.57,139.6,24.0,1944,134.3
024535,SWAN REACH,-34.57,139.6,24.0,1945,242.2
024535,SWAN REACH,-34.57,139.6,24.0,1946,380.3
024535,SWAN REACH,-34.57,139.6,24.0,1947,370.6
024535,SWAN REACH,-34.57,139.6,24.0,1948,226.8
024535,SWAN REACH,-34.57,139.6,24.0,1949,220.5
024535,SWAN REACH,-34.57,139.6,24.0,1950,314.1
024535,SWAN REACH,-34.57,139.6,24.0,1951,344.4
024535,SWAN REACH,-34.57,139.6,24.0,1952,332.4
024535,SWAN REACH,-34.57,139.6,24.0,1953,232.4
024535,SWAN REACH,-34.57,139.6,24.0,1954,269.7
024535,SWAN REACH,-34.57,139.6,24.0,1955,385.3
024535,SWAN REACH,-34.57,139.6,24.0,1956,317.1
024535,SWAN REACH,-34.57,139.6,24.0,1957,125.4
024535,SWAN REACH,-34.57,139.6,24.0,1958,262.9
024535,SWAN REACH,-34.57,139.6,24.0,1959,187.7
024535,SWAN REACH,-34.57,139.6,24.0,1960,331.7
024535,SWAN REACH,-34.57,139.6,24.0,1961,300.8
024535,SWAN REACH,-34.57,139.6,24.0,1962,235.9
024535,SWAN REACH,-34.57,139.6,24.0,1963,297.0
024535,SWAN REACH,-34.57,139.6,24.0,1964,360.6
024535,SWAN REACH,-34.57,139.6,24.0,1965,195.4
024535,SWAN REACH,-34.57,139.6,24.0,1966,276.9
024535,SWAN REACH,-34.57,139.6,24.0,1967,102.8
024535,SWAN REACH,-34.57,139.6,24.0,1968,251.2
024535,SWAN REACH,-34.57,139.6,24.0,1969,341.1
024535,SWAN REACH,-34.57,139.6,24.0,1970,252.8
024535,SWAN REACH,-34.57,139.6,24.0,1971,264.2
024535,SWAN REACH,-34.57,139.6,24.0,1972,186.4
024535,SWAN REACH,-34.57,139.6,24.0,1973,549.1
024535,SWAN REACH,-34.57,139.6,24.0,1974,534.8
024535,SWAN REACH,-34.57,139.6,24.0,1975,239.0
024535,SWAN REACH,-34.57,139.6,24.0,1976,225.6
024535,SWAN REACH,-34.57,139.6,24.0,1977,151.0
024535,SWAN REACH,-34.57,139.6,24.0,1978,266.0
024535,SWAN REACH,-34.57,139.6,24.0,1979,390.2
024535,SWAN REACH,-34.57,139.6,24.0,1980,236.0
024535,SWAN REACH,-34.57,139.6,24.0,1981,207.2
024535,SWAN REACH,-34.57,139.6,24.0,1982,131.0
024535,SWAN REACH,-34.57,139.6,24.0,1983,322.7
024535,SWAN REACH,-34.57,139.6,24.0,1984,242.8
024535,SWAN REACH,-34.57,139.6,24.0,1985,229.2
024535,SWAN REACH,-34.57,139.6,24.0,1986,263.4
024535,SWAN REACH,-34.57,139.6,24.0,1987,305.6
024535,SWAN REACH,-34.57,139.6,24.0,1988,275.4
024535,SWAN REACH,-34.57,139.6,24.0,1989,337.9
024535,SWAN REACH,-34.57,139.6,24.0,1990,219.6
024535,SWAN REACH,-34.57,139.6,24.0,1991,255.9
024535,SWAN REACH,-34.57,139.6,24.0,1992,515.8
024535,SWAN REACH,-34.57,139.6,24.0,1993,259.6
024535,SWAN REACH,-34.57,139.6,24.0,1994,158.4
024535,SWAN REACH,-34.57,139.6,24.0,1995,323.7
024535,SWAN REACH,-34.57,139.6,24.0,1996,263.7
024535,SWAN REACH,-34.57,139.6,24.0,1997,260.8
024535,SWAN REACH,-34.57,139.6,24.0,1998,292.1
024535,SWAN REACH,-34.57,139.6,24.0,1999,255.2
024535,SWAN REACH,-34.57,139.6,24.0,2000,290.9
024535,SWAN REACH,-34.57,139.6,24.0,2001,295.3
024535,SWAN REACH,-34.57,139.6,24.0,2002,121.0
024535,SWAN REACH,-34.57,139.6,24.0,2003,331.9
024535,SWAN REACH,-34.57,139.6,24.0,2004,244.4
024535,SWAN REACH,-34.57,139.6,24.0,2005,328.1
024535,SWAN REACH,-34.57,139.6,24.0,2006,
024535,SWAN REACH,-34.57,139.6,24.0,2007,285.0
024535,SWAN REACH,-34.57,139.6,24.0,2008,160.2
024535,SWAN REACH,-34.57,139.6,24.0,2009,242.8
024535,SWAN REACH,-34.57,139.6,24.0,2010,434.7
024535,SWAN REACH,-34.57,139.6,24.0,2011,461.5
024535,SWAN REACH,-34.57,139.6,24.0,2012,
024535,SWAN REACH,-34.57,139.6,24.0,2013,201.8
024535,SWAN REACH,-34.57,139.6,24.0,2014,317.7
024535,SWAN REACH,-34.57,139.6,24.0,2015,214.6
024535,SWAN REACH,-34.57,139.6,24.0,2016,
024535,SWAN REACH,-34.57,139.6,24.0,2017,291.2
025004,GALGA,-34.7,139.96,68.0,1910,427.8
025004,GALGA,-34.7,139.96,68.0,1911,348.0
025004,GALGA,-34.7,139.96,68.0,1912,289.1
025004,GALGA,-34.7,139.96,68.0,1913,316.6
025004,GALGA,-34.7,139.96,68.0,1914,123.8
025004,GALGA,-34.7,139.96,68.0,1915,207.7
025004,GALGA,-34.7,139.96,68.0,1916,387.4
025004,GALGA,-34.7,139.96,68.0,1917,356.8
025004,GALGA,-34.7,139.96,68.0,1918,212.1
025004,GALGA,-34.7,139.96,68.0,1919,325.3
025004,GALGA,-34.7,139.96,68.0,1920,408.2
025004,GALGA,-34.7,139.96,68.0,1921,326.8
025004,GALGA,-34.7,139.96,68.0,1922,229.9
025004,GALGA,-34.7,139.96,68.0,1923,298.2
025004,GALGA,-34.7,139.96,68.0,1924,335.3
025004,GALGA,-34.7,139.96,68.0,1925,235.4
025004,GALGA,-34.7,139.96,68.0,1926,290.7
025004,GALGA,-34.7,139.96,68.0,1927,188.4
025004,GALGA,-34.7,139.96,68.0,1928,254.0
025004,GALGA,-34.7,139.96,68.0,1929,171.1
025004,GALGA,-34.7,139.96,68.0,1930,230.8
025004,GALGA,-34.7,139.96,68.0,1931,199.8
025004,GALGA,-34.7,139.96,68.0,1932,331.7
025004,GALGA,-34.7,139.96,68.0,1933,265.1
025004,GALGA,-34.7,139.96,68.0,1934,294.6
025004,GALGA,-34.7,139.96,68.0,1935,210.4
025004,GALGA,-34.7,139.96,68.0,1936,286.3
025004,GALGA,-34.7,139.96,68.0,1937,297.4
025004,GALGA,-34.7,139.96,68.0,1938,178.0
025004,GALGA,-34.7,139.96,68.0,1939,241.8
025004,GALGA,-34.7,139.96,68.0,1940,133.9
025004,GALGA,-34.7,139.96,68.0,1941,362.2
025004,GALGA,-34.7,139.96,68.0,1942,317.2
025004,GALGA,-34.7,139.96,68.0,1943,151.9
025004,GALGA,-34.7,139.96,68.0,1944,130.8
025004,GALGA,-34.7,139.96,68.0,1945,207.2
025004,GALGA,-34.7,139.96,68.0,1946,310.6
025004,GALGA,-34.7,139.96,68.0,1947,339.7
025004,GALGA,-34.7,139.96,68.0,1948,261.2
025004,GALGA,-34.7,139.96,68.0,1949,222.0
025004,GALGA,-34.7,139.96,68.0,1950,296.8
025004,GALGA,-34.7,139.96,68.0,1951,296.0
025004,GALGA,-34.7,139.96,68.0,1952,278.2
025004,GALGA,-34.7,139.96,68.0,1953,245.7
025004,GALGA,-34.7,139.96,68.0,1954,271.5
025004,GALGA,-34.7,139.96,68.0,1955,308.6
025004,GALGA,-34.7,139.96,68.0,1956,279.7
025004,GALGA,-34.7,139.96,68.0,1957,125.1
025004,GALGA,-34.7,139.96,68.0,1958,258.8
025004,GALGA,-34.7,139.96,68.0,1959,190.0
025004,GALGA,-34.7,139.96,68.0,1960,297.7
025004,GALGA,-34.7,139.96,68.0,1961,266.4
025004,GALGA,-34.7,139.96,68.0,1962,243.7
025004,GALGA,-34.7,139.96,68.0,1963,319.6
025004,GALGA,-34.7,139.96,68.0,1964,339.2
025004,GALGA,-34.7,139.96,68.0,1965,234.7
025004,GALGA,-34.7,139.96,68.0,1966,262.0
025004,GALGA,-34.7,139.96,68.0,1967,154.5
025004,GALGA,-34.7,139.96,68.0,1968,329.8
025004,GALGA,-34.7,139.96,68.0,1969,352.7
025004,GALGA,-34.7,139.96,68.0,1970,280.4
025004,GALGA,-34.7,139.96,68.0,1971,268.5
025004,GALGA,-34.7,139.96,68.0,1972,197.7
025004,GALGA,-34.7,139.96,68.0,1973,524.3
025004,GALGA,-34.7,139.96,68.0,1974,558.5
025004,GALGA,-34.7,139.96,68.0,1975,288.2
025004,GALGA,-34.7,139.96,68.0,1976,285.0
025004,GALGA,-34.7,139.96,68.0,1977,212.0
025004,GALGA,-34.7,139.96,68.0,1978,302.2
025004,GALGA,-34.7,139.96,68.0,1979,349.7
025004,GALGA,-34.7,139.96,68.0,1980,256.3
025004,GALGA,-34.7,139.96,68.0,1981,276.3
025004,GALGA,-34.7,139.96,68.0,1982,133.4
025004,GALGA,-34.7,139.96,68.0,1983,412.1
025004,GALGA,-34.7,139.96,68.0,1984,241.1
025004,GALGA,-34.7,139.96,68.0,1985,269.7
025004,GALGA,-34.7,139.96,68.0,1986,319.8
025004,GALGA,-34.7,139.96,68.0,1987,307.5
025004,GALGA,-34.7,139.96,68.0,1988,321.4
025004,GALGA,-34.7,139.96,68.0,1989,255.3
025004,GALGA,-34.7,139.96,68.0,1990,274.1
025004,GALGA,-34.7,139.96,68.0,1991,222.1
025004,GALGA,-34.7,139.96,68.0,1992,571.9
025004,GALGA,-34.7,139.96,68.0,1993,296.8
025004,GALGA,-34.7,139.96,68.0,1994,187.2
025004,GALGA,-34.7,139.96,68.0,1995,342.3
025004,GALGA,-34.7,139.96,68.0,1996,353.8
025004,GALGA,-34.7,139.96,68.0,1997,287.0
025004,GALGA,-34.7,139.96,68.0,1998,330.7
025004,GALGA,-34.7,139.96,68.0,1999,331.2
025004,GALGA,-34.7,139.96,68.0,2000,319.9
025004,GALGA,-34.7,139.96,68.0,2001,
025004,GALGA,-34.7,139.96,68.0,2002,
025004,GALGA,-34.7,139.96,68.0,2003,
025004,GALGA,-34.7,139.96,68.0,2004,
025004,GALGA,-34.7,139.96,68.0,2005,
025004,GALGA,-34.7,139.96,68.0,2006,
025004,GALGA,-34.7,139.96,68.0,2007,
025004,GALGA,-34.7,139.96,68.0,2008,
025004,GALGA,-34.7,139.96,68.0,2009,
025004,GALGA,-34.7,139.96,68.0,2010,
025004,GALGA,-34.7,139.96,68.0,2011,448.3
025004,GALGA,-34.7,139.96,68.0,2012,262.0
025004,GALGA,-34.7,139.96,68.0,2013,266.4
025004,GALGA,-34.7,139.96,68.0,2014,368.2
025004,GALGA,-34.7,139.96,68.0,2015,279.1
025004,GALGA,-34.7,139.96,68.0,2016,428.4
025004,GALGA,-34.7,139.96,68.0,2017,281.2
025004,GALGA,-34.7,139.96,68.0,2018,178.7
025004,GALGA,-34.7,139.96,68.0,2019,195.8
025004,GALGA,-34.7,139.96,68.0,2020,342.6
025004,GALGA,-34.7,139.96,68.0,2021,228.4
025004,GALGA,-34.7,139.96,68.0,2022,436.1
025004,GALGA,-34.7,139.96,68.0,2023,271.3
025004,GALGA,-34.7,139.96,68.0,2024,169.3
025004,GALGA,-34.7,139.96,68.0,2025,157.4
025015,PINNAROO,-35.26,140.91,105.0,1907,369.0
025015,PINNAROO,-35.26,140.91,105.0,1908,416.8
025015,PINNAROO,-35.26,140.91,105.0,1909,441.6
025015,PINNAROO,-35.26,140.91,105.0,1910,554.6
025015,PINNAROO,-35.26,140.91,105.0,1911,378.4
025015,PINNAROO,-35.26,140.91,105.0,1912,374.0
025015,PINNAROO,-35.26,140.91,105.0,1913,342.9
025015,PINNAROO,-35.26,140.91,105.0,1914,173.8
025015,PINNAROO,-35.26,140.91,105.0,1915,334.5
025015,PINNAROO,-35.26,140.91,105.0,1916,537.3
025015,PINNAROO,-35.26,140.91,105.0,1917,522.6
025015,PINNAROO,-35.26,140.91,105.0,1918,308.0
025015,PINNAROO,-35.26,140.91,105.0,1919,300.4
025015,PINNAROO,-35.26,140.91,105.0,1920,402.2
025015,PINNAROO,-35.26,140.91,105.0,1921,518.3
025015,PINNAROO,-35.26,140.91,105.0,1922,331.0
025015,PINNAROO,-35.26,140.91,105.0,1923,439.9
025015,PINNAROO,-35.26,140.91,105.0,1924,430.4
025015,PINNAROO,-35.26,140.91,105.0,1925,335.1
025015,PINNAROO,-35.26,140.91,105.0,1926,327.5
025015,PINNAROO,-35.26,140.91,105.0,1927,201.5
025015,PINNAROO,-35.26,140.91,105.0,1928,319.0
025015,PINNAROO,-35.26,140.91,105.0,1929,238.4
025015,PINNAROO,-35.26,140.91,105.0,1930,328.4
025015,PINNAROO,-35.26,140.91,105.0,1931,316.5
025015,PINNAROO,-35.26,140.91,105.0,1932,390.6
025015,PINNAROO,-35.26,140.91,105.0,1933,278.4
025015,PINNAROO,-35.26,140.91,105.0,1934,317.3
025015,PINNAROO,-35.26,140.91,105.0,1935,240.3
025015,PINNAROO,-35.26,140.91,105.0,1936,321.4
025015,PINNAROO,-35.26,140.91,105.0,1937,319.5
025015,PINNAROO,-35.26,140.91,105.0,1938,212.4
025015,PINNAROO,-35.26,140.91,105.0,1939,251.6
025015,PINNAROO,-35.26,140.91,105.0,1940,208.1
025015,PINNAROO,-35.26,140.91,105.0,1941,422.5
025015,PINNAROO,-35.26,140.91,105.0,1942,380.1
025015,PINNAROO,-35.26,140.91,105.0,1943,286.0
025015,PINNAROO,-35.26,140.91,105.0,1944,197.0
025015,PINNAROO,-35.26,140.91,105.0,1945,310.6
025015,PINNAROO,-35.26,140.91,105.0,1946,409.3
025015,PINNAROO,-35.26,140.91,105.0,1947,387.6
025015,PINNAROO,-35.26,140.91,105.0,1948,353.1
025015,PINNAROO,-35.26,140.91,105.0,1949,238.5
025015,PINNAROO,-35.26,140.91,105.0,1950,394.7
025015,PINNAROO,-35.26,140.91,105.0,1951,376.8
025015,PINNAROO,-35.26,140.91,105.0,1952,321.1
025015,PINNAROO,-35.26,140.91,105.0,1953,320.9
025015,PINNAROO,-35.26,140.91,105.0,1954,357.3
025015,PINNAROO,-35.26,140.91,105.0,1955,403.7
025015,PINNAROO,-35.26,140.91,105.0,1956,468.7
025015,PINNAROO,-35.26,140.91,105.0,1957,188.4
025015,PINNAROO,-35.26,140.91,105.0,1958,298.4
025015,PINNAROO,-35.26,140.91,105.0,1959,200.3
025015,PINNAROO,-35.26,140.91,105.0,1960,355.8
025015,PINNAROO,-35.26,140.91,105.0,1961,309.8
025015,PINNAROO,-35.26,140.91,105.0,1962,275.0
025015,PINNAROO,-35.26,140.91,105.0,1963,368.2
025015,PINNAROO,-35.26,140.91,105.0,1964,397.7
025015,PINNAROO,-35.26,140.91,105.0,1965,229.0
025015,PINNAROO,-35.26,140.91,105.0,1966,298.6
025015,PINNAROO,-35.26,140.91,105.0,1967,170.5
025015,PINNAROO,-35.26,140.91,105.0,1968,421.3
025015,PINNAROO,-35.26,140.91,105.0,1969,440.1
025015,PINNAROO,-35.26,140.91,105.0,1970,339.5
025015,PINNAROO,-35.26,140.91,105.0,1971,373.8
025015,PINNAROO,-35.26,140.91,105.0,1972,216.9
025015,PINNAROO,-35.26,140.91,105.0,1973,603.2
025015,PINNAROO,-35.26,140.91,105.0,1974,525.7
025015,PINNAROO,-35.26,140.91,105.0,1975,367.2
025015,PINNAROO,-35.26,140.91,105.0,1976,255.4
025015,PINNAROO,-35.26,140.91,105.0,1977,222.4
025015,PINNAROO,-35.26,140.91,105.0,1978,453.8
025015,PINNAROO,-35.26,140.91,105.0,1979,417.0
025015,PINNAROO,-35.26,140.91,105.0,1980,282.6
025015,PINNAROO,-35.26,140.91,105.0,1981,370.2
025015,PINNAROO,-35.26,140.91,105.0,1982,144.2
025015,PINNAROO,-35.26,140.91,105.0,1983,389.0
025015,PINNAROO,-35.26,140.91,105.0,1984,295.0
025015,PINNAROO,-35.26,140.91,105.0,1985,305.6
025015,PINNAROO,-35.26,140.91,105.0,1986,376.9
025015,PINNAROO,-35.26,140.91,105.0,1987,324.6
025015,PINNAROO,-35.26,140.91,105.0,1988,299.5
025015,PINNAROO,-35.26,140.91,105.0,1989,259.7
025015,PINNAROO,-35.26,140.91,105.0,1990,242.1
025015,PINNAROO,-35.26,140.91,105.0,1991,276.0
025015,PINNAROO,-35.26,140.91,105.0,1992,494.0
025015,PINNAROO,-35.26,140.91,105.0,1993,325.9
025015,PINNAROO,-35.26,140.91,105.0,1994,198.0
025015,PINNAROO,-35.26,140.91,105.0,1995,362.2
025015,PINNAROO,-35.26,140.91,105.0,1996,341.5
025015,PINNAROO,-35.26,140.91,105.0,1997,261.4
025015,PINNAROO,-35.26,140.91,105.0,1998,369.4
025015,PINNAROO,-35.26,140.91,105.0,1999,361.8
025015,PINNAROO,-35.26,140.91,105.0,2000,394.2
025015,PINNAROO,-35.26,140.91,105.0,2001,326.2
025015,PINNAROO,-35.26,140.91,105.0,2002,204.3
025015,PINNAROO,-35.26,140.91,105.0,2003,392.4
025015,PINNAROO,-35.26,140.91,105.0,2004,258.7
025015,PINNAROO,-35.26,140.91,105.0,2005,293.4
025015,PINNAROO,-35.26,140.91,105.0,2006,158.3
025015,PINNAROO,-35.26,140.91,105.0,2007,352.4
025015,PINNAROO,-35.26,140.91,105.0,2008,233.5
025015,PINNAROO,-35.26,140.91,105.0,2009,327.8
025015,PINNAROO,-35.26,140.91,105.0,2010,508.3
025015,PINNAROO,-35.26,140.91,105.0,2011,538.0
025015,PINNAROO,-35.26,140.91,105.0,2012,213.0
025015,PINNAROO,-35.26,140.91,105.0,2013,297.1
025015,PINNAROO,-35.26,140.91,105.0,2014,306.6
025015,PINNAROO,-35.26,140.91,105.0,2015,292.7
025015,PINNAROO,-35.26,140.91,105.0,2016,438.8
025015,PINNAROO,-35.26,140.91,105.0,2017,
025015,PINNAROO,-35.26,140.91,105.0,2018,187.1
025015,PINNAROO,-35.26,140.91,105.0,2019,212.2
025015,PINNAROO,-35.26,140.91,105.0,2020,
025015,PINNAROO,-35.26,140.91,105.0,2021,267.6
025015,PINNAROO,-35.26,140.91,105.0,2022,478.0
025015,PINNAROO,-35.26,140.91,105.0,2023,350.4
025015,PINNAROO,-35.26,140.91,105.0,2024,214.9
025015,PINNAROO,-35.26,140.91,105.0,2025,245.9
025018,SCHELLS WELL,-34.79,140.5,60.0,1909,447.4
025018,SCHELLS WELL,-34.79,140.5,60.0,1910,413.3
025018,SCHELLS WELL,-34.79,140.5,60.0,1911,381.6
025018,SCHELLS WELL,-34.79,140.5,60.0,1912,331.8
025018,SCHELLS WELL,-34.79,140.5,60.0,1913,336.1
025018,SCHELLS WELL,-34.79,140.5,60.0,1914,151.1
025018,SCHELLS WELL,-34.79,140.5,60.0,1915,318.6
025018,SCHELLS WELL,-34.79,140.5,60.0,1916,463.1
025018,SCHELLS WELL,-34.79,140.5,60.0,1917,434.9
025018,SCHELLS WELL,-34.79,140.5,60.0,1918,275.5
025018,SCHELLS WELL,-34.79,140.5,60.0,1919,302.8
025018,SCHELLS WELL,-34.79,140.5,60.0,1920,408.9
025018,SCHELLS WELL,-34.79,140.5,60.0,1921,370.0
025018,SCHELLS WELL,-34.79,140.5,60.0,1922,286.2
025018,SCHELLS WELL,-34.79,140.5,60.0,1923,364.2
025018,SCHELLS WELL,-34.79,140.5,60.0,1924,384.6
025018,SCHELLS WELL,-34.79,140.5,60.0,1925,302.3
025018,SCHELLS WELL,-34.79,140.5,60.0,1926,308.6
025018,SCHELLS WELL,-34.79,140.5,60.0,1927,194.0
025018,SCHELLS WELL,-34.79,140.5,60.0,1928,253.4
025018,SCHELLS WELL,-34.79,140.5,60.0,1929,246.1
025018,SCHELLS WELL,-34.79,140.5,60.0,1930,289.9
025018,SCHELLS WELL,-34.79,140.5,60.0,1931,288.4
025018,SCHELLS WELL,-34.79,140.5,60.0,1932,367.8
025018,SCHELLS WELL,-34.79,140.5,60.0,1933,352.4
025018,SCHELLS WELL,-34.79,140.5,60.0,1934,316.5
025018,SCHELLS WELL,-34.79,140.5,60.0,1935,273.2
025018,SCHELLS WELL,-34.79,140.5,60.0,1936,360.6
025018,SCHELLS WELL,-34.79,140.5,60.0,1937,320.6
025018,SCHELLS WELL,-34.79,140.5,60.0,1938,210.3
025018,SCHELLS WELL,-34.79,140.5,60.0,1939,260.8
025018,SCHELLS WELL,-34.79,140.5,60.0,1940,218.7
025018,SCHELLS WELL,-34.79,140.5,60.0,1941,532.1
025018,SCHELLS WELL,-34.79,140.5,60.0,1942,376.4
025018,SCHELLS WELL,-34.79,140.5,60.0,1943,266.3
025018,SCHELLS WELL,-34.79,140.5,60.0,1944,291.0
025018,SCHELLS WELL,-34.79,140.5,60.0,1945,331.5
025018,SCHELLS WELL,-34.79,140.5,60.0,1946,401.4
025018,SCHELLS WELL,-34.79,140.5,60.0,1947,422.5
025018,SCHELLS WELL,-34.79,140.5,60.0,1948,311.5
025018,SCHELLS WELL,-34.79,140.5,60.0,1949,325.8
025018,SCHELLS WELL,-34.79,140.5,60.0,1950,458.6
025018,SCHELLS WELL,-34.79,140.5,60.0,1951,387.0
025018,SCHELLS WELL,-34.79,140.5,60.0,1952,330.9
025018,SCHELLS WELL,-34.79,140.5,60.0,1953,314.1
025018,SCHELLS WELL,-34.79,140.5,60.0,1954,474.0
025018,SCHELLS WELL,-34.79,140.5,60.0,1955,516.4
025018,SCHELLS WELL,-34.79,140.5,60.0,1956,548.8
025018,SCHELLS WELL,-34.79,140.5,60.0,1957,179.8
025018,SCHELLS WELL,-34.79,140.5,60.0,1958,320.2
025018,SCHELLS WELL,-34.79,140.5,60.0,1959,196.1
025018,SCHELLS WELL,-34.79,140.5,60.0,1960,367.6
025018,SCHELLS WELL,-34.79,140.5,60.0,1961,324.0
025018,SCHELLS WELL,-34.79,140.5,60.0,1962,234.9
025018,SCHELLS WELL,-34.79,140.5,60.0,1963,373.1
025018,SCHELLS WELL,-34.79,140.5,60.0,1964,405.3
025018,SCHELLS WELL,-34.79,140.5,60.0,1965,274.0
025018,SCHELLS WELL,-34.79,140.5,60.0,1966,238.8
025018,SCHELLS WELL,-34.79,140.5,60.0,1967,160.8
025018,SCHELLS WELL,-34.79,140.5,60.0,1968,418.9
025018,SCHELLS WELL,-34.79,140.5,60.0,1969,308.9
025018,SCHELLS WELL,-34.79,140.5,60.0,1970,299.1
025018,SCHELLS WELL,-34.79,140.5,60.0,1971,337.1
025018,SCHELLS WELL,-34.79,140.5,60.0,1972,218.7
025018,SCHELLS WELL,-34.79,140.5,60.0,1973,588.0
025018,SCHELLS WELL,-34.79,140.5,60.0,1974,609.1
025018,SCHELLS WELL,-34.79,140.5,60.0,1975,259.3
025018,SCHELLS WELL,-34.79,140.5,60.0,1976,249.0
025018,SCHELLS WELL,-34.79,140.5,60.0,1977,226.9
025018,SCHELLS WELL,-34.79,140.5,60.0,1978,331.6
025018,SCHELLS WELL,-34.79,140.5,60.0,1979,333.6
025018,SCHELLS WELL,-34.79,140.5,60.0,1980,284.8
025018,SCHELLS WELL,-34.79,140.5,60.0,1981,293.0
025018,SCHELLS WELL,-34.79,140.5,60.0,1982,114.4
025018,SCHELLS WELL,-34.79,140.5,60.0,1983,405.6
025018,SCHELLS WELL,-34.79,140.5,60.0,1984,238.2
025018,SCHELLS WELL,-34.79,140.5,60.0,1985,291.0
025018,SCHELLS WELL,-34.79,140.5,60.0,1986,333.6
025018,SCHELLS WELL,-34.79,140.5,60.0,1987,338.8
025018,SCHELLS WELL,-34.79,140.5,60.0,1988,284.4
025018,SCHELLS WELL,-34.79,140.5,60.0,1989,191.0
025018,SCHELLS WELL,-34.79,140.5,60.0,1990,215.9
025018,SCHELLS WELL,-34.79,140.5,60.0,1991,226.6
025018,SCHELLS WELL,-34.79,140.5,60.0,1992,510.5
025018,SCHELLS WELL,-34.79,140.5,60.0,1993,325.5
025018,SCHELLS WELL,-34.79,140.5,60.0,1994,151.0
025018,SCHELLS WELL,-34.79,140.5,60.0,1995,371.6
025018,SCHELLS WELL,-34.79,140.5,60.0,1996,308.1
025018,SCHELLS WELL,-34.79,140.5,60.0,1997,265.3
025018,SCHELLS WELL,-34.79,140.5,60.0,1998,440.4
025018,SCHELLS WELL,-34.79,140.5,60.0,1999,291.7
025018,SCHELLS WELL,-34.79,140.5,60.0,2000,333.1
025018,SCHELLS WELL,-34.79,140.5,60.0,2001,265.3
025018,SCHELLS WELL,-34.79,140.5,60.0,2002,156.4
025018,SCHELLS WELL,-34.79,140.5,60.0,2003,304.8
025018,SCHELLS WELL,-34.79,140.5,60.0,2004,250.5
025018,SCHELLS WELL,-34.79,140.5,60.0,2005,373.5
025018,SCHELLS WELL,-34.79,140.5,60.0,2006,149.5
025018,SCHELLS WELL,-34.79,140.5,60.0,2007,277.8
025018,SCHELLS WELL,-34.79,140.5,60.0,2008,231.6
025018,SCHELLS WELL,-34.79,140.5,60.0,2009,266.0
025018,SCHELLS WELL,-34.79,140.5,60.0,2010,
025018,SCHELLS WELL,-34.79,140.5,60.0,2011,560.1
025018,SCHELLS WELL,-34.79,140.5,60.0,2012,205.2
025018,SCHELLS WELL,-34.79,140.5,60.0,2013,262.7
025018,SCHELLS WELL,-34.79,140.5,60.0,2014,327.4
025018,SCHELLS WELL,-34.79,140.5,60.0,2015,227.3
025018,SCHELLS WELL,-34.79,140.5,60.0,2016,375.5
025018,SCHELLS WELL,-34.79,140.5,60.0,2017,329.2
025018,SCHELLS WELL,-34.79,140.5,60.0,2018,168.4
025018,SCHELLS WELL,-34.79,140.5,60.0,2019,165.4
025018,SCHELLS WELL,-34.79,140.5,60.0,2020,309.4
025018,SCHELLS WELL,-34.79,140.5,60.0,2021,205.8
025018,SCHELLS WELL,-34.79,140.5,60.0,2022,448.7
025018,SCHELLS WELL,-34.79,140.5,60.0,2023,246.6
025018,SCHELLS WELL,-34.79,140.5,60.0,2024,161.2
025018,SCHELLS WELL,-34.79,140.5,60.0,2025,148.4
025507,KEITH,-36.1,140.35,29.0,1907,526.5
025507,KEITH,-36.1,140.35,29.0,1908,402.9
025507,KEITH,-36.1,140.35,29.0,1909,609.6
025507,KEITH,-36.1,140.35,29.0,1910,505.9
025507,KEITH,-36.1,140.35,29.0,1911,440.6
025507,KEITH,-36.1,140.35,29.0,1912,448.3
025507,KEITH,-36.1,140.35,29.0,1913,465.7
025507,KEITH,-36.1,140.35,29.0,1914,310.2
025507,KEITH,-36.1,140.35,29.0,1915,374.5
025507,KEITH,-36.1,140.35,29.0,1916,578.5
025507,KEITH,-36.1,140.35,29.0,1917,634.0
025507,KEITH,-36.1,140.35,29.0,1918,355.0
025507,KEITH,-36.1,140.35,29.0,1919,380.4
025507,KEITH,-36.1,140.35,29.0,1920,437.4
025507,KEITH,-36.1,140.35,29.0,1921,455.2
025507,KEITH,-36.1,140.35,29.0,1922,480.5
025507,KEITH,-36.1,140.35,29.0,1923,531.8
025507,KEITH,-36.1,140.35,29.0,1924,461.5
025507,KEITH,-36.1,140.35,29.0,1925,373.5
025507,KEITH,-36.1,140.35,29.0,1926,395.0
025507,KEITH,-36.1,140.35,29.0,1927,387.3
025507,KEITH,-36.1,140.35,29.0,1928,490.6
025507,KEITH,-36.1,140.35,29.0,1929,437.8
025507,KEITH,-36.1,140.35,29.0,1930,442.7
025507,KEITH,-36.1,140.35,29.0,1931,432.4
025507,KEITH,-36.1,140.35,29.0,1932,515.3
025507,KEITH,-36.1,140.35,29.0,1933,423.5
025507,KEITH,-36.1,140.35,29.0,1934,466.0
025507,KEITH,-36.1,140.35,29.0,1935,476.4
025507,KEITH,-36.1,140.35,29.0,1936,450.9
025507,KEITH,-36.1,140.35,29.0,1937,489.9
025507,KEITH,-36.1,140.35,29.0,1938,351.5
025507,KEITH,-36.1,140.35,29.0,1939,452.2
025507,KEITH,-36.1,140.35,29.0,1940,378.5
025507,KEITH,-36.1,140.35,29.0,1941,479.3
025507,KEITH,-36.1,140.35,29.0,1942,512.5
025507,KEITH,-36.1,140.35,29.0,1943,459.1
025507,KEITH,-36.1,140.35,29.0,1944,314.7
025507,KEITH,-36.1,140.35,29.0,1945,402.0
025507,KEITH,-36.1,140.35,29.0,1946,540.3
025507,KEITH,-36.1,140.35,29.0,1947,718.9
025507,KEITH,-36.1,140.35,29.0,1948,501.9
025507,KEITH,-36.1,140.35,29.0,1949,396.4
025507,KEITH,-36.1,140.35,29.0,1950,396.0
025507,KEITH,-36.1,140.35,29.0,1951,537.6
025507,KEITH,-36.1,140.35,29.0,1952,549.1
025507,KEITH,-36.1,140.35,29.0,1953,576.2
025507,KEITH,-36.1,140.35,29.0,1954,402.5
025507,KEITH,-36.1,140.35,29.0,1955,568.8
025507,KEITH,-36.1,140.35,29.0,1956,594.5
025507,KEITH,-36.1,140.35,29.0,1957,361.0
025507,KEITH,-36.1,140.35,29.0,1958,500.9
025507,KEITH,-36.1,140.35,29.0,1959,262.5
025507,KEITH,-36.1,140.35,29.0,1960,631.8
025507,KEITH,-36.1,140.35,29.0,1961,423.6
025507,KEITH,-36.1,140.35,29.0,1962,572.4
025507,KEITH,-36.1,140.35,29.0,1963,442.7
025507,KEITH,-36.1,140.35,29.0,1964,630.2
025507,KEITH,-36.1,140.35,29.0,1965,352.7
025507,KEITH,-36.1,140.35,29.0,1966,502.0
025507,KEITH,-36.1,140.35,29.0,1967,253.6
025507,KEITH,-36.1,140.35,29.0,1968,622.6
025507,KEITH,-36.1,140.35,29.0,1969,355.9
025507,KEITH,-36.1,140.35,29.0,1970,533.5
025507,KEITH,-36.1,140.35,29.0,1971,569.2
025507,KEITH,-36.1,140.35,29.0,1972,445.2
025507,KEITH,-36.1,140.35,29.0,1973,641.3
025507,KEITH,-36.1,140.35,29.0,1974,636.8
025507,KEITH,-36.1,140.35,29.0,1975,543.6
025507,KEITH,-36.1,140.35,29.0,1976,383.8
025507,KEITH,-36.1,140.35,29.0,1977,348.5
025507,KEITH,-36.1,140.35,29.0,1978,443.9
025507,KEITH,-36.1,140.35,29.0,1979,560.0
025507,KEITH,-36.1,140.35,29.0,1980,480.6
025507,KEITH,-36.1,140.35,29.0,1981,563.0
025507,KEITH,-36.1,140.35,29.0,1982,249.4
025507,KEITH,-36.1,140.35,29.0,1983,549.8
025507,KEITH,-36.1,140.35,29.0,1984,451.2
025507,KEITH,-36.1,140.35,29.0,1985,400.0
025507,KEITH,-36.1,140.35,29.0,1986,521.6
025507,KEITH,-36.1,140.35,29.0,1987,440.6
025507,KEITH,-36.1,140.35,29.0,1988,510.4
025507,KEITH,-36.1,140.35,29.0,1989,505.0
025507,KEITH,-36.1,140.35,29.0,1990,433.0
025507,KEITH,-36.1,140.35,29.0,1991,496.8
025507,KEITH,-36.1,140.35,29.0,1992,587.6
025507,KEITH,-36.1,140.35,29.0,1993,422.2
025507,KEITH,-36.1,140.35,29.0,1994,308.6
025507,KEITH,-36.1,140.35,29.0,1995,470.6
025507,KEITH,-36.1,140.35,29.0,1996,551.0
025507,KEITH,-36.1,140.35,29.0,1997,390.1
025507,KEITH,-36.1,140.35,29.0,1998,422.5
025507,KEITH,-36.1,140.35,29.0,1999,410.1
025507,KEITH,-36.1,140.35,29.0,2000,456.0
025507,KEITH,-36.1,140.35,29.0,2001,480.6
025507,KEITH,-36.1,140.35,29.0,2002,380.3
025507,KEITH,-36.1,140.35,29.0,2003,449.6
025507,KEITH,-36.1,140.35,29.0,2004,410.8
025507,KEITH,-36.1,140.35,29.0,2005,415.5
025507,KEITH,-36.1,140.35,29.0,2006,247.0
025507,KEITH,-36.1,140.35,29.0,2007,428.2
025507,KEITH,-36.1,140.35,29.0,2008,339.5
025507,KEITH,-36.1,140.35,29.0,2009,454.6
025507,KEITH,-36.1,140.35,29.0,2010,577.8
025507,KEITH,-36.1,140.35,29.0,2011,523.9
025507,KEITH,-36.1,140.35,29.0,2012,383.8
025507,KEITH,-36.1,140.35,29.0,2013,415.7
025507,KEITH,-36.1,140.35,29.0,2014,292.0
025507,KEITH,-36.1,140.35,29.0,2015,329.1
025507,KEITH,-36.1,140.35,29.0,2016,616.0
025507,KEITH,-36.1,140.35,29.0,2017,513.4
025507,KEITH,-36.1,140.35,29.0,2018,393.1
025507,KEITH,-36.1,140.35,29.0,2019,347.9
025507,KEITH,-36.1,140.35,29.0,2020,458.1
025507,KEITH,-36.1,140.35,29.0,2021,403.2
025507,KEITH,-36.1,140.35,29.0,2022,562.0
025507,KEITH,-36.1,140.35,29.0,2023,481.6
025507,KEITH,-36.1,140.35,29.0,2024,311.4
025507,KEITH,-36.1,140.35,29.0,2025,427.3
026010,KEILIRA STATION,-36.71,140.16,30.0,1901,613.2
026010,KEILIRA STATION,-36.71,140.16,30.0,1902,502.6
026010,KEILIRA STATION,-36.71,140.16,30.0,1903,684.6
026010,KEILIRA STATION,-36.71,140.16,30.0,1904,519.9
026010,KEILIRA STATION,-36.71,140.16,30.0,1905,612.8
026010,KEILIRA STATION,-36.71,140.16,30.0,1906,725.5
026010,KEILIRA STATION,-36.71,140.16,30.0,1907,490.5
026010,KEILIRA STATION,-36.71,140.16,30.0,1908,566.3
026010,KEILIRA STATION,-36.71,140.16,30.0,1909,772.7
026010,KEILIRA STATION,-36.71,140.16,30.0,1910,848.3
026010,KEILIRA STATION,-36.71,140.16,30.0,1911,593.6
026010,KEILIRA STATION,-36.71,140.16,30.0,1912,580.9
026010,KEILIRA STATION,-36.71,140.16,30.0,1913,480.4
026010,KEILIRA STATION,-36.71,140.16,30.0,1914,453.5
026010,KEILIRA STATION,-36.71,140.16,30.0,1915,652.3
026010,KEILIRA STATION,-36.71,140.16,30.0,1916,662.3
026010,KEILIRA STATION,-36.71,140.16,30.0,1917,688.2
026010,KEILIRA STATION,-36.71,140.16,30.0,1918,540.1
026010,KEILIRA STATION,-36.71,140.16,30.0,1919,440.6
026010,KEILIRA STATION,-36.71,140.16,30.0,1920,560.4
026010,KEILIRA STATION,-36.71,140.16,30.0,1921,550.6
026010,KEILIRA STATION,-36.71,140.16,30.0,1922,659.0
026010,KEILIRA STATION,-36.71,140.16,30.0,1923,584.3
026010,KEILIRA STATION,-36.71,140.16,30.0,1924,567.9
026010,KEILIRA STATION,-36.71,140.16,30.0,1925,626.1
026010,KEILIRA STATION,-36.71,140.16,30.0,1926,628.0
026010,KEILIRA STATION,-36.71,140.16,30.0,1927,558.5
026010,KEILIRA STATION,-36.71,140.16,30.0,1928,631.2
026010,KEILIRA STATION,-36.71,140.16,30.0,1929,588.5
026010,KEILIRA STATION,-36.71,140.16,30.0,1930,552.9
026010,KEILIRA STATION,-36.71,140.16,30.0,1931,578.2
026010,KEILIRA STATION,-36.71,140.16,30.0,1932,645.0
026010,KEILIRA STATION,-36.71,140.16,30.0,1933,526.8
026010,KEILIRA STATION,-36.71,140.16,30.0,1934,527.1
026010,KEILIRA STATION,-36.71,140.16,30.0,1935,583.7
026010,KEILIRA STATION,-36.71,140.16,30.0,1936,521.9
026010,KEILIRA STATION,-36.71,140.16,30.0,1937,576.9
026010,KEILIRA STATION,-36.71,140.16,30.0,1938,492.8
026010,KEILIRA STATION,-36.71,140.16,30.0,1939,613.1
026010,KEILIRA STATION,-36.71,140.16,30.0,1940,405.3
026010,KEILIRA STATION,-36.71,140.16,30.0,1941,438.8
026010,KEILIRA STATION,-36.71,140.16,30.0,1942,714.8
026010,KEILIRA STATION,-36.71,140.16,30.0,1943,595.6
026010,KEILIRA STATION,-36.71,140.16,30.0,1944,549.7
026010,KEILIRA STATION,-36.71,140.16,30.0,1945,594.2
026010,KEILIRA STATION,-36.71,140.16,30.0,1946,731.8
026010,KEILIRA STATION,-36.71,140.16,30.0,1947,890.3
026010,KEILIRA STATION,-36.71,140.16,30.0,1948,574.3
026010,KEILIRA STATION,-36.71,140.16,30.0,1949,486.1
026010,KEILIRA STATION,-36.71,140.16,30.0,1950,507.3
026010,KEILIRA STATION,-36.71,140.16,30.0,1951,702.3
026010,KEILIRA STATION,-36.71,140.16,30.0,1952,666.3
026010,KEILIRA STATION,-36.71,140.16,30.0,1953,658.4
026010,KEILIRA STATION,-36.71,140.16,30.0,1954,531.5
026010,KEILIRA STATION,-36.71,140.16,30.0,1955,633.0
026010,KEILIRA STATION,-36.71,140.16,30.0,1956,701.4
026010,KEILIRA STATION,-36.71,140.16,30.0,1957,373.3
026010,KEILIRA STATION,-36.71,140.16,30.0,1958,651.3
026010,KEILIRA STATION,-36.71,140.16,30.0,1959,329.1
026010,KEILIRA STATION,-36.71,140.16,30.0,1960,673.6
026010,KEILIRA STATION,-36.71,140.16,30.0,1961,440.0
026010,KEILIRA STATION,-36.71,140.16,30.0,1962,585.9
026010,KEILIRA STATION,-36.71,140.16,30.0,1963,559.3
026010,KEILIRA STATION,-36.71,140.16,30.0,1964,750.0
026010,KEILIRA STATION,-36.71,140.16,30.0,1965,446.8
026010,KEILIRA STATION,-36.71,140.16,30.0,1966,612.4
026010,KEILIRA STATION,-36.71,140.16,30.0,1967,352.0
026010,KEILIRA STATION,-36.71,140.16,30.0,1968,746.9
026010,KEILIRA STATION,-36.71,140.16,30.0,1969,437.3
026010,KEILIRA STATION,-36.71,140.16,30.0,1970,639.8
026010,KEILIRA STATION,-36.71,140.16,30.0,1971,824.6
026010,KEILIRA STATION,-36.71,140.16,30.0,1972,505.6
026010,KEILIRA STATION,-36.71,140.16,30.0,1973,674.8
026010,KEILIRA STATION,-36.71,140.16,30.0,1974,614.0
026010,KEILIRA STATION,-36.71,140.16,30.0,1975,570.4
026010,KEILIRA STATION,-36.71,140.16,30.0,1976,471.5
026010,KEILIRA STATION,-36.71,140.16,30.0,1977,441.6
026010,KEILIRA STATION,-36.71,140.16,30.0,1978,439.2
026010,KEILIRA STATION,-36.71,140.16,30.0,1979,600.4
026010,KEILIRA STATION,-36.71,140.16,30.0,1980,504.9
026010,KEILIRA STATION,-36.71,140.16,30.0,1981,564.9
026010,KEILIRA STATION,-36.71,140.16,30.0,1982,302.2
026010,KEILIRA STATION,-36.71,140.16,30.0,1983,680.9
026010,KEILIRA STATION,-36.71,140.16,30.0,1984,593.1
026010,KEILIRA STATION,-36.71,140.16,30.0,1985,479.5
026010,KEILIRA STATION,-36.71,140.16,30.0,1986,593.0
026010,KEILIRA STATION,-36.71,140.16,30.0,1987,498.4
026010,KEILIRA STATION,-36.71,140.16,30.0,1988,633.7
026010,KEILIRA STATION,-36.71,140.16,30.0,1989,608.4
026010,KEILIRA STATION,-36.71,140.16,30.0,1990,512.3
026010,KEILIRA STATION,-36.71,140.16,30.0,1991,535.6
026010,KEILIRA STATION,-36.71,140.16,30.0,1992,693.3
026010,KEILIRA STATION,-36.71,140.16,30.0,1993,465.1
026010,KEILIRA STATION,-36.71,140.16,30.0,1994,385.6
026010,KEILIRA STATION,-36.71,140.16,30.0,1995,490.9
026010,KEILIRA STATION,-36.71,140.16,30.0,1996,530.6
026010,KEILIRA STATION,-36.71,140.16,30.0,1997,450.8
026010,KEILIRA STATION,-36.71,140.16,30.0,1998,453.0
026010,KEILIRA STATION,-36.71,140.16,30.0,1999,481.7
026010,KEILIRA STATION,-36.71,140.16,30.0,2000,693.7
026010,KEILIRA STATION,-36.71,140.16,30.0,2001,613.0
026010,KEILIRA STATION,-36.71,140.16,30.0,2002,505.6
026010,KEILIRA STATION,-36.71,140.16,30.0,2003,604.4
026010,KEILIRA STATION,-36.71,140.16,30.0,2004,497.7
026010,KEILIRA STATION,-36.71,140.16,30.0,2005,496.9
026010,KEILIRA STATION,-36.71,140.16,30.0,2006,314.8
026010,KEILIRA STATION,-36.71,140.16,30.0,2007,552.6
026010,KEILIRA STATION,-36.71,140.16,30.0,2008,432.8
026010,KEILIRA STATION,-36.71,140.16,30.0,2009,610.8
026010,KEILIRA STATION,-36.71,140.16,30.0,2010,736.0
026010,KEILIRA STATION,-36.71,140.16,30.0,2011,631.0
026010,KEILIRA STATION,-36.71,140.16,30.0,2012,
026010,KEILIRA STATION,-36.71,140.16,30.0,2013,635.6
026010,KEILIRA STATION,-36.71,140.16,30.0,2014,
026010,KEILIRA STATION,-36.71,140.16,30.0,2015,397.4
026010,KEILIRA STATION,-36.71,140.16,30.0,2016,671.4
026025,PENOLA POST OFFICE,-37.38,140.84,62.0,1863,1040.1
026025,PENOLA POST OFFICE,-37.38,140.84,62.0,1864,601.5
026025,PENOLA POST OFFICE,-37.38,140.84,62.0,1865,661.6
026025,PENOLA POST OFFICE,-37.38,140.84,62.0,1866,686.7
026025,PENOLA POST OFFICE,-37.38,140.84,62.0,1867,758.7
026025,PENOLA POST OFFICE,-37.38,140.84,62.0,1868,691.7
026025,PENOLA POST OFFICE,-37.38,140.84,62.0,1869,637.1
026025,PENOLA POST OFFICE,-37.38,140.84,62.0,1870,980.0
026025,PENOLA POST OFFICE,-37.38,140.84,62.0,1871,646.0
026025,PENOLA POST OFFICE,-37.38,140.84,62.0,1872,748.6
026025,PENOLA POST OFFICE,-37.38,140.84,62.0,1873,668.3
026025,PENOLA POST OFFICE,-37.38,140.84,62.0,1874,647.1
026025,PENOLA POST OFFICE,-37.38,140.84,62.0,1875,857.8
026025,PENOLA POST OFFICE,-37.38,140.84,62.0,1876,631.0
026025,PENOLA POST OFFICE,-37.38,140.84,62.0,1877,477.6
026025,PENOLA POST OFFICE,-37.38,140.84,62.0,1878,568.7
026025,PENOLA POST OFFICE,-37.38,140.84,62.0,1879,600.3
026025,PENOLA POST OFFICE,-37.38,140.84,62.0,1880,672.2
026025,PENOLA POST OFFICE,-37.38,140.84,62.0,1881,611.9
026025,PENOLA POST OFFICE,-37.38,140.84,62.0,1882,574.2
026025,PENOLA POST OFFICE,-37.38,140.84,62.0,1883,766.8
026025,PENOLA POST OFFICE,-37.38,140.84,62.0,1884,721.8
026025,PENOLA POST OFFICE,-37.38,140.84,62.0,1885,707.6
026025,PENOLA POST OFFICE,-37.38,140.84,62.0,1886,640.7
026025,PENOLA POST OFFICE,-37.38,140.84,62.0,1887,686.4
026025,PENOLA POST OFFICE,-37.38,140.84,62.0,1888,537.2
026025,PENOLA POST OFFICE,-37.38,140.84,62.0,1889,793.5
026025,PENOLA POST OFFICE,-37.38,140.84,62.0,1890,666.3
026025,PENOLA POST OFFICE,-37.38,140.84,62.0,1891,531.2
026025,PENOLA POST OFFICE,-37.38,140.84,62.0,1892,578.5
026025,PENOLA POST OFFICE,-37.38,140.84,62.0,1893,769.2
026025,PENOLA POST OFFICE,-37.38,140.84,62.0,1894,748.1
026025,PENOLA POST OFFICE,-37.38,140.84,62.0,1895,745.0
026025,PENOLA POST OFFICE,-37.38,140.84,62.0,1896,578.1
026025,PENOLA POST OFFICE,-37.38,140.84,62.0,1897,549.4
026025,PENOLA POST OFFICE,-37.38,140.84,62.0,1898,640.6
026025,PENOLA POST OFFICE,-37.38,140.84,62.0,1899,521.3
026025,PENOLA POST OFFICE,-37.38,140.84,62.0,1900,649.7
026025,PENOLA POST OFFICE,-37.38,140.84,62.0,1901,633.6
026025,PENOLA POST OFFICE,-37.38,140.84,62.0,1902,575.4
026025,PENOLA POST OFFICE,-37.38,140.84,62.0,1903,727.1
026025,PENOLA POST OFFICE,-37.38,140.84,62.0,1904,566.0
026025,PENOLA POST OFFICE,-37.38,140.84,62.0,1905,598.5
026025,PENOLA POST OFFICE,-37.38,140.84,62.0,1906,776.9
026025,PENOLA POST OFFICE,-37.38,140.84,62.0,1907,640.7
026025,PENOLA POST OFFICE,-37.38,140.84,62.0,1908,638.5
026025,PENOLA POST OFFICE,-37.38,140.84,62.0,1909,780.8
026025,PENOLA POST OFFICE,-37.38,140.84,62.0,1910,855.9
026025,PENOLA POST OFFICE,-37.38,140.84,62.0,1911,613.9
026025,PENOLA POST OFFICE,-37.38,140.84,62.0,1912,651.7
026025,PENOLA POST OFFICE,-37.38,140.84,62.0,1913,492.0
026025,PENOLA POST OFFICE,-37.38,140.84,62.0,1914,352.6
026025,PENOLA POST OFFICE,-37.38,140.84,62.0,1915,683.8
026025,PENOLA POST OFFICE,-37.38,140.84,62.0,1916,729.6
026025,PENOLA POST OFFICE,-37.38,140.84,62.0,1917,833.8
026025,PENOLA POST OFFICE,-37.38,140.84,62.0,1918,548.5
026025,PENOLA POST OFFICE,-37.38,140.84,62.0,1919,516.0
026025,PENOLA POST OFFICE,-37.38,140.84,62.0,1920,650.2
026025,PENOLA POST OFFICE,-37.38,140.84,62.0,1921,569.5
026025,PENOLA POST OFFICE,-37.38,140.84,62.0,1922,610.5
026025,PENOLA POST OFFICE,-37.38,140.84,62.0,1923,787.8
026025,PENOLA POST OFFICE,-37.38,140.84,62.0,1924,623.6
026025,PENOLA POST OFFICE,-37.38,140.84,62.0,1925,639.5
026025,PENOLA POST OFFICE,-37.38,140.84,62.0,1926,576.3
026025,PENOLA POST OFFICE,-37.38,140.84,62.0,1927,567.0
026025,PENOLA POST OFFICE,-37.38,140.84,62.0,1928,689.9
026025,PENOLA POST OFFICE,-37.38,140.84,62.0,1929,606.2
026025,PENOLA POST OFFICE,-37.38,140.84,62.0,1930,652.4
026025,PENOLA POST OFFICE,-37.38,140.84,62.0,1931,515.0
026025,PENOLA POST OFFICE,-37.38,140.84,62.0,1932,631.9
026025,PENOLA POST OFFICE,-37.38,140.84,62.0,1933,601.4
026025,PENOLA POST OFFICE,-37.38,140.84,62.0,1934,570.7
026025,PENOLA POST OFFICE,-37.38,140.84,62.0,1935,607.2
026025,PENOLA POST OFFICE,-37.38,140.84,62.0,1936,577.2
026025,PENOLA POST OFFICE,-37.38,140.84,62.0,1937,571.2
026025,PENOLA POST OFFICE,-37.38,140.84,62.0,1938,500.4
026025,PENOLA POST OFFICE,-37.38,140.84,62.0,1939,647.1
026025,PENOLA POST OFFICE,-37.38,140.84,62.0,1940,491.5
026025,PENOLA POST OFFICE,-37.38,140.84,62.0,1941,608.1
026025,PENOLA POST OFFICE,-37.38,140.84,62.0,1942,764.4
026025,PENOLA POST OFFICE,-37.38,140.84,62.0,1943,643.6
026025,PENOLA POST OFFICE,-37.38,140.84,62.0,1944,636.3
026025,PENOLA POST OFFICE,-37.38,140.84,62.0,1945,631.8
026025,PENOLA POST OFFICE,-37.38,140.84,62.0,1946,1027.5
026025,PENOLA POST OFFICE,-37.38,140.84,62.0,1947,907.0
026025,PENOLA POST OFFICE,-37.38,140.84,62.0,1948,618.1
026025,PENOLA POST OFFICE,-37.38,140.84,62.0,1949,591.2
026025,PENOLA POST OFFICE,-37.38,140.84,62.0,1950,538.7
026025,PENOLA POST OFFICE,-37.38,140.84,62.0,1951,698.5
026025,PENOLA POST OFFICE,-37.38,140.84,62.0,1952,776.5
026025,PENOLA POST OFFICE,-37.38,140.84,62.0,1953,716.5
026025,PENOLA POST OFFICE,-37.38,140.84,62.0,1954,589.7
026025,PENOLA POST OFFICE,-37.38,140.84,62.0,1955,786.7
026025,PENOLA POST OFFICE,-37.38,140.84,62.0,1956,829.5
026025,PENOLA POST OFFICE,-37.38,140.84,62.0,1957,584.0
026025,PENOLA POST OFFICE,-37.38,140.84,62.0,1958,736.1
026025,PENOLA POST OFFICE,-37.38,140.84,62.0,1959,468.6
026025,PENOLA POST OFFICE,-37.38,140.84,62.0,1960,778.1
026025,PENOLA POST OFFICE,-37.38,140.84,62.0,1961,500.4
026025,PENOLA POST OFFICE,-37.38,140.84,62.0,1962,732.6
026025,PENOLA POST OFFICE,-37.38,140.84,62.0,1963,570.3
026025,PENOLA POST OFFICE,-37.38,140.84,62.0,1964,835.8
026025,PENOLA POST OFFICE,-37.38,140.84,62.0,1965,590.1
026025,PENOLA POST OFFICE,-37.38,140.84,62.0,1966,609.3
026025,PENOLA POST OFFICE,-37.38,140.84,62.0,1967,346.8
026025,PENOLA POST OFFICE,-37.38,140.84,62.0,1968,829.2
026025,PENOLA POST OFFICE,-37.38,140.84,62.0,1969,533.3
026025,PENOLA POST OFFICE,-37.38,140.84,62.0,1970,732.4
026025,PENOLA POST OFFICE,-37.38,140.84,62.0,1971,843.0
026025,PENOLA POST OFFICE,-37.38,140.84,62.0,1972,583.0
026025,PENOLA POST OFFICE,-37.38,140.84,62.0,1973,754.2
026025,PENOLA POST OFFICE,-37.38,140.84,62.0,1974,779.6
026025,PENOLA POST OFFICE,-37.38,140.84,62.0,1975,759.9
026025,PENOLA POST OFFICE,-37.38,140.84,62.0,1976,639.6
026025,PENOLA POST OFFICE,-37.38,140.84,62.0,1977,603.6
026025,PENOLA POST OFFICE,-37.38,140.84,62.0,1978,577.4
026025,PENOLA POST OFFICE,-37.38,140.84,62.0,1979,699.2
026025,PENOLA POST OFFICE,-37.38,140.84,62.0,1980,593.8
026025,PENOLA POST OFFICE,-37.38,140.84,62.0,1981,738.6
026025,PENOLA POST OFFICE,-37.38,140.84,62.0,1982,414.6
026025,PENOLA POST OFFICE,-37.38,140.84,62.0,1983,755.4
026025,PENOLA POST OFFICE,-37.38,140.84,62.0,1984,748.2
026025,PENOLA POST OFFICE,-37.38,140.84,62.0,1985,621.6
026025,PENOLA POST OFFICE,-37.38,140.84,62.0,1986,640.8
026025,PENOLA POST OFFICE,-37.38,140.84,62.0,1987,545.2
026025,PENOLA POST OFFICE,-37.38,140.84,62.0,1988,765.0
026025,PENOLA POST OFFICE,-37.38,140.84,62.0,1989,691.6
026025,PENOLA POST OFFICE,-37.38,140.84,62.0,1990,580.0
026025,PENOLA POST OFFICE,-37.38,140.84,62.0,1991,683.0
026025,PENOLA POST OFFICE,-37.38,140.84,62.0,1992,847.6
026025,PENOLA POST OFFICE,-37.38,140.84,62.0,1993,632.0
026025,PENOLA POST OFFICE,-37.38,140.84,62.0,1994,517.8
026025,PENOLA POST OFFICE,-37.38,140.84,62.0,1995,599.4
026025,PENOLA POST OFFICE,-37.38,140.84,62.0,1996,711.0
026025,PENOLA POST OFFICE,-37.38,140.84,62.0,1997,529.0
026025,PENOLA POST OFFICE,-37.38,140.84,62.0,1998,526.3
026025,PENOLA POST OFFICE,-37.38,140.84,62.0,1999,594.9
026025,PENOLA POST OFFICE,-37.38,140.84,62.0,2000,671.2
026025,PENOLA POST OFFICE,-37.38,140.84,62.0,2001,687.8
026025,PENOLA POST OFFICE,-37.38,140.84,62.0,2002,555.4
026025,PENOLA POST OFFICE,-37.38,140.84,62.0,2003,730.4
026025,PENOLA POST OFFICE,-37.38,140.84,62.0,2004,686.0
026025,PENOLA POST OFFICE,-37.38,140.84,62.0,2005,556.8
026025,PENOLA POST OFFICE,-37.38,140.84,62.0,2006,435.1
026025,PENOLA POST OFFICE,-37.38,140.84,62.0,2007,678.0
026025,PENOLA POST OFFICE,-37.38,140.84,62.0,2008,504.7
026025,PENOLA POST OFFICE,-37.38,140.84,62.0,2009,657.1
026025,PENOLA POST OFFICE,-37.38,140.84,62.0,2010,733.0
026025,PENOLA POST OFFICE,-37.38,140.84,62.0,2011,762.1
026025,PENOLA POST OFFICE,-37.38,140.84,62.0,2012,
026025,PENOLA POST OFFICE,-37.38,140.84,62.0,2013,760.7
026025,PENOLA POST OFFICE,-37.38,140.84,62.0,2014,504.9
026025,PENOLA POST OFFICE,-37.38,140.84,62.0,2015,
026025,PENOLA POST OFFICE,-37.38,140.84,62.0,2016,
026025,PENOLA POST OFFICE,-37.38,140.84,62.0,2017,
026025,PENOLA POST OFFICE,-37.38,140.84,62.0,2018,
026025,PENOLA POST OFFICE,-37.38,140.84,62.0,2019,584.7
026025,PENOLA POST OFFICE,-37.38,140.84,62.0,2020,659.8
026025,PENOLA POST OFFICE,-37.38,140.84,62.0,2021,615.6
026025,PENOLA POST OFFICE,-37.38,140.84,62.0,2022,713.9
026025,PENOLA POST OFFICE,-37.38,140.84,62.0,2023,722.6
026026,ROBE,-37.16,139.76,3.3,1901,664.6
026026,ROBE,-37.16,139.76,3.3,1902,544.6
026026,ROBE,-37.16,139.76,3.3,1903,742.2
026026,ROBE,-37.16,139.76,3.3,1904,563.5
026026,ROBE,-37.16,139.76,3.3,1905,664.2
026026,ROBE,-37.16,139.76,3.3,1906,786.5
026026,ROBE,-37.16,139.76,3.3,1907,531.7
026026,ROBE,-37.16,139.76,3.3,1908,614.0
026026,ROBE,-37.16,139.76,3.3,1909,838.0
026026,ROBE,-37.16,139.76,3.3,1910,919.6
026026,ROBE,-37.16,139.76,3.3,1911,643.5
026026,ROBE,-37.16,139.76,3.3,1912,629.7
026026,ROBE,-37.16,139.76,3.3,1913,520.7
026026,ROBE,-37.16,139.76,3.3,1914,491.6
026026,ROBE,-37.16,139.76,3.3,1915,707.1
026026,ROBE,-37.16,139.76,3.3,1916,718.0
026026,ROBE,-37.16,139.76,3.3,1917,745.9
026026,ROBE,-37.16,139.76,3.3,1918,585.5
026026,ROBE,-37.16,139.76,3.3,1919,477.4
026026,ROBE,-37.16,139.76,3.3,1920,607.5
026026,ROBE,-37.16,139.76,3.3,1921,596.9
026026,ROBE,-37.16,139.76,3.3,1922,714.4
026026,ROBE,-37.16,139.76,3.3,1923,633.5
026026,ROBE,-37.16,139.76,3.3,1924,615.7
026026,ROBE,-37.16,139.76,3.3,1925,678.6
026026,ROBE,-37.16,139.76,3.3,1926,680.7
026026,ROBE,-37.16,139.76,3.3,1927,605.5
026026,ROBE,-37.16,139.76,3.3,1928,684.3
026026,ROBE,-37.16,139.76,3.3,1929,638.2
026026,ROBE,-37.16,139.76,3.3,1930,599.2
026026,ROBE,-37.16,139.76,3.3,1931,626.6
026026,ROBE,-37.16,139.76,3.3,1932,699.3
026026,ROBE,-37.16,139.76,3.3,1933,571.3
026026,ROBE,-37.16,139.76,3.3,1934,571.6
026026,ROBE,-37.16,139.76,3.3,1935,632.7
026026,ROBE,-37.16,139.76,3.3,1936,565.7
026026,ROBE,-37.16,139.76,3.3,1937,625.4
026026,ROBE,-37.16,139.76,3.3,1938,534.2
026026,ROBE,-37.16,139.76,3.3,1939,664.9
026026,ROBE,-37.16,139.76,3.3,1940,439.5
026026,ROBE,-37.16,139.76,3.3,1941,475.8
026026,ROBE,-37.16,139.76,3.3,1942,706.2
026026,ROBE,-37.16,139.76,3.3,1943,686.4
026026,ROBE,-37.16,139.76,3.3,1944,576.3
026026,ROBE,-37.16,139.76,3.3,1945,628.8
026026,ROBE,-37.16,139.76,3.3,1946,753.8
026026,ROBE,-37.16,139.76,3.3,1947,862.6
026026,ROBE,-37.16,139.76,3.3,1948,652.4
026026,ROBE,-37.16,139.76,3.3,1949,540.6
026026,ROBE,-37.16,139.76,3.3,1950,586.0
026026,ROBE,-37.16,139.76,3.3,1951,746.8
026026,ROBE,-37.16,139.76,3.3,1952,798.6
026026,ROBE,-37.16,139.76,3.3,1953,755.4
026026,ROBE,-37.16,139.76,3.3,1954,570.0
026026,ROBE,-37.16,139.76,3.3,1955,762.2
026026,ROBE,-37.16,139.76,3.3,1956,857.7
026026,ROBE,-37.16,139.76,3.3,1957,544.3
026026,ROBE,-37.16,139.76,3.3,1958,693.3
026026,ROBE,-37.16,139.76,3.3,1959,420.7
026026,ROBE,-37.16,139.76,3.3,1960,782.4
026026,ROBE,-37.16,139.76,3.3,1961,483.4
026026,ROBE,-37.16,139.76,3.3,1962,697.1
026026,ROBE,-37.16,139.76,3.3,1963,567.7
026026,ROBE,-37.16,139.76,3.3,1964,831.1
026026,ROBE,-37.16,139.76,3.3,1965,583.7
026026,ROBE,-37.16,139.76,3.3,1966,588.2
026026,ROBE,-37.16,139.76,3.3,1967,343.2
026026,ROBE,-37.16,139.76,3.3,1968,764.4
026026,ROBE,-37.16,139.76,3.3,1969,590.0
026026,ROBE,-37.16,139.76,3.3,1970,639.7
026026,ROBE,-37.16,139.76,3.3,1971,802.6
026026,ROBE,-37.16,139.76,3.3,1972,554.0
026026,ROBE,-37.16,139.76,3.3,1973,725.9
026026,ROBE,-37.16,139.76,3.3,1974,786.0
026026,ROBE,-37.16,139.76,3.3,1975,786.0
026026,ROBE,-37.16,139.76,3.3,1976,587.1
026026,ROBE,-37.16,139.76,3.3,1977,571.3
026026,ROBE,-37.16,139.76,3.3,1978,604.1
026026,ROBE,-37.16,139.76,3.3,1979,748.4
026026,ROBE,-37.16,139.76,3.3,1980,615.6
026026,ROBE,-37.16,139.76,3.3,1981,702.3
026026,ROBE,-37.16,139.76,3.3,1982,492.6
026026,ROBE,-37.16,139.76,3.3,1983,745.3
026026,ROBE,-37.16,139.76,3.3,1984,758.7
026026,ROBE,-37.16,139.76,3.3,1985,638.6
026026,ROBE,-37.16,139.76,3.3,1986,633.6
026026,ROBE,-37.16,139.76,3.3,1987,546.3
026026,ROBE,-37.16,139.76,3.3,1988,722.9
026026,ROBE,-37.16,139.76,3.3,1989,711.9
026026,ROBE,-37.16,139.76,3.3,1990,644.7
026026,ROBE,-37.16,139.76,3.3,1991,589.8
026026,ROBE,-37.16,139.76,3.3,1992,713.4
026026,ROBE,-37.16,139.76,3.3,1993,585.6
026026,ROBE,-37.16,139.76,3.3,1994,511.2
026026,ROBE,-37.16,139.76,3.3,1995,526.6
026026,ROBE,-37.16,139.76,3.3,1996,643.2
026026,ROBE,-37.16,139.76,3.3,1997,534.2
026026,ROBE,-37.16,139.76,3.3,1998,516.2
026026,ROBE,-37.16,139.76,3.3,1999,534.2
026026,ROBE,-37.16,139.76,3.3,2000,850.8
026026,ROBE,-37.16,139.76,3.3,2001,683.0
026026,ROBE,-37.16,139.76,3.3,2002,567.2
026026,ROBE,-37.16,139.76,3.3,2003,723.5
026026,ROBE,-37.16,139.76,3.3,2004,725.3
026026,ROBE,-37.16,139.76,3.3,2005,540.6
026026,ROBE,-37.16,139.76,3.3,2006,397.8
026026,ROBE,-37.16,139.76,3.3,2007,623.8
026026,ROBE,-37.16,139.76,3.3,2008,559.8
026026,ROBE,-37.16,139.76,3.3,2009,682.2
026026,ROBE,-37.16,139.76,3.3,2010,684.4
026026,ROBE,-37.16,139.76,3.3,2011,552.4
026026,ROBE,-37.16,139.76,3.3,2012,623.6
026026,ROBE,-37.16,139.76,3.3,2013,686.8
026026,ROBE,-37.16,139.76,3.3,2014,506.5
026026,ROBE,-37.16,139.76,3.3,2015,467.2
026026,ROBE,-37.16,139.76,3.3,2016,916.4
026026,ROBE,-37.16,139.76,3.3,2017,748.0
026026,ROBE,-37.16,139.76,3.3,2018,697.8
026026,ROBE,-37.16,139.76,3.3,2019,595.0
026026,ROBE,-37.16,139.76,3.3,2020,709.4
026026,ROBE,-37.16,139.76,3.3,2021,669.3
026026,ROBE,-37.16,139.76,3.3,2022,584.0
026026,ROBE,-37.16,139.76,3.3,2023,611.6
026026,ROBE,-37.16,139.76,3.3,2024,455.6
026026,ROBE,-37.16,139.76,3.3,2025,618.7
